obsnme,obsval,weight,obgnme,i,j,obsid,oname,otype,time,usecol,variable,standard_deviation
oname:conc_otype:lst_usecol:sim_time:0.0_obsid:wp1-f3_variable:o0,0.0,0.0,conc,,,wp1-f3,conc,lst,0.0,sim,o0,0.000326190128606
oname:conc_otype:lst_usecol:sim_time:0.0_obsid:wp1-f3_variable:ph,6.67484,0.6131393394849658,conc,,,wp1-f3,conc,lst,0.0,sim,ph,1.6309506430300091
oname:conc_otype:lst_usecol:sim_time:0.0_obsid:wp1-f3_variable:so4,5.54049e-05,1226.2786789699317,conc,,,wp1-f3,conc,lst,0.0,sim,so4,0.000815475321515
oname:conc_otype:lst_usecol:sim_time:0.0_obsid:wp4-f5_variable:o0,0.0,0.0,conc,,,wp4-f5,conc,lst,0.0,sim,o0,0.0003181194744117
oname:conc_otype:lst_usecol:sim_time:0.0_obsid:wp4-f5_variable:ph,6.67491,0.6286946134619315,conc,,,wp4-f5,conc,lst,0.0,sim,ph,1.5905973720586868
oname:conc_otype:lst_usecol:sim_time:0.0_obsid:wp4-f5_variable:so4,5.51205e-05,1257.389226923863,conc,,,wp4-f5,conc,lst,0.0,sim,so4,0.0007952986860293
oname:conc_otype:lst_usecol:sim_time:1.0_obsid:welopt-ly3_variable:o0,0.0,0.0,conc,,,welopt-ly3,conc,lst,1.0,sim,o0,
oname:conc_otype:lst_usecol:sim_time:1.0_obsid:welopt-ly3_variable:ph,6.67491,0.0,conc,,,welopt-ly3,conc,lst,1.0,sim,ph,
oname:conc_otype:lst_usecol:sim_time:1.0_obsid:welopt-ly3_variable:so4,5.51205e-05,0.0,conc,,,welopt-ly3,conc,lst,1.0,sim,so4,
oname:conc_otype:lst_usecol:sim_time:1.0_obsid:wp1-f3_variable:o0,0.0,0.0,conc,,,wp1-f3,conc,lst,1.0,sim,o0,0.000326190128606
oname:conc_otype:lst_usecol:sim_time:1.0_obsid:wp1-f3_variable:ph,6.67484,0.6131393394849658,conc,,,wp1-f3,conc,lst,1.0,sim,ph,1.6309506430300091
oname:conc_otype:lst_usecol:sim_time:1.0_obsid:wp1-f3_variable:so4,5.54049e-05,1226.2786789699317,conc,,,wp1-f3,conc,lst,1.0,sim,so4,0.000815475321515
oname:conc_otype:lst_usecol:sim_time:1.0_obsid:wp4-f5_variable:o0,0.0,0.0,conc,,,wp4-f5,conc,lst,1.0,sim,o0,0.0003181194744117
oname:conc_otype:lst_usecol:sim_time:1.0_obsid:wp4-f5_variable:ph,6.67491,0.6286946134619315,conc,,,wp4-f5,conc,lst,1.0,sim,ph,1.5905973720586868
oname:conc_otype:lst_usecol:sim_time:1.0_obsid:wp4-f5_variable:so4,5.51205e-05,1257.389226923863,conc,,,wp4-f5,conc,lst,1.0,sim,so4,0.0007952986860293
oname:conc_otype:lst_usecol:sim_time:10.0542_obsid:wp1-f3_variable:o0,2.40409e-32,0.0,conc,,,wp1-f3,conc,lst,10.0542,sim,o0,0.000326190128606
oname:conc_otype:lst_usecol:sim_time:10.0542_obsid:wp1-f3_variable:ph,6.52894,0.6131393394849658,conc,,,wp1-f3,conc,lst,10.0542,sim,ph,1.6309506430300091
oname:conc_otype:lst_usecol:sim_time:10.0542_obsid:wp1-f3_variable:so4,0.000268222,1226.2786789699317,conc,,,wp1-f3,conc,lst,10.0542,sim,so4,0.000815475321515
oname:conc_otype:lst_usecol:sim_time:10.0_obsid:welopt-ly3_variable:o0,0.0,0.0,conc,,,welopt-ly3,conc,lst,10.0,sim,o0,
oname:conc_otype:lst_usecol:sim_time:10.0_obsid:welopt-ly3_variable:ph,6.67491,0.0,conc,,,welopt-ly3,conc,lst,10.0,sim,ph,
oname:conc_otype:lst_usecol:sim_time:10.0_obsid:welopt-ly3_variable:so4,5.51187e-05,0.0,conc,,,welopt-ly3,conc,lst,10.0,sim,so4,
oname:conc_otype:lst_usecol:sim_time:10.0_obsid:wp1-f3_variable:o0,2.40409e-32,0.0,conc,,,wp1-f3,conc,lst,10.0,sim,o0,0.000326190128606
oname:conc_otype:lst_usecol:sim_time:10.0_obsid:wp1-f3_variable:ph,6.52894,0.6131393394849658,conc,,,wp1-f3,conc,lst,10.0,sim,ph,1.6309506430300091
oname:conc_otype:lst_usecol:sim_time:10.0_obsid:wp1-f3_variable:so4,0.000268222,1226.2786789699317,conc,,,wp1-f3,conc,lst,10.0,sim,so4,0.000815475321515
oname:conc_otype:lst_usecol:sim_time:10.0_obsid:wp4-f5_variable:o0,0.0,0.0,conc,,,wp4-f5,conc,lst,10.0,sim,o0,0.0003181194744117
oname:conc_otype:lst_usecol:sim_time:10.0_obsid:wp4-f5_variable:ph,6.67491,0.6286946134619315,conc,,,wp4-f5,conc,lst,10.0,sim,ph,1.5905973720586868
oname:conc_otype:lst_usecol:sim_time:10.0_obsid:wp4-f5_variable:so4,5.51188e-05,1257.389226923863,conc,,,wp4-f5,conc,lst,10.0,sim,so4,0.0007952986860293
oname:conc_otype:lst_usecol:sim_time:100.0_obsid:welopt-ly3_variable:o0,0.0,0.0,conc,,,welopt-ly3,conc,lst,100.0,sim,o0,
oname:conc_otype:lst_usecol:sim_time:100.0_obsid:welopt-ly3_variable:ph,6.67491,0.0,conc,,,welopt-ly3,conc,lst,100.0,sim,ph,
oname:conc_otype:lst_usecol:sim_time:100.0_obsid:welopt-ly3_variable:so4,5.51115e-05,0.0,conc,,,welopt-ly3,conc,lst,100.0,sim,so4,
oname:conc_otype:lst_usecol:sim_time:100.0_obsid:wp1-f3_variable:o0,4.67815e-10,3065.696697424829,conc,,,wp1-f3,conc,lst,100.0,sim,o0,0.000326190128606
oname:conc_otype:lst_usecol:sim_time:100.0_obsid:wp1-f3_variable:ph,6.60814,0.6131393394849658,conc,,,wp1-f3,conc,lst,100.0,sim,ph,1.6309506430300091
oname:conc_otype:lst_usecol:sim_time:100.0_obsid:wp1-f3_variable:so4,0.000780578,1187.0095540974578,conc,,,wp1-f3,conc,lst,100.0,sim,so4,0.0008424532022914
oname:conc_otype:lst_usecol:sim_time:100.0_obsid:wp4-f5_variable:o0,1.45549e-33,3143.4730673096574,conc,,,wp4-f5,conc,lst,100.0,sim,o0,0.0003181194744117
oname:conc_otype:lst_usecol:sim_time:100.0_obsid:wp4-f5_variable:ph,6.5124,0.6286946134619315,conc,,,wp4-f5,conc,lst,100.0,sim,ph,1.5905973720586868
oname:conc_otype:lst_usecol:sim_time:100.0_obsid:wp4-f5_variable:so4,0.00053145,1040.516289609811,conc,,,wp4-f5,conc,lst,100.0,sim,so4,0.0009610613596208
oname:conc_otype:lst_usecol:sim_time:101.0_obsid:welopt-ly3_variable:o0,0.0,0.0,conc,,,welopt-ly3,conc,lst,101.0,sim,o0,
oname:conc_otype:lst_usecol:sim_time:101.0_obsid:welopt-ly3_variable:ph,6.67491,0.0,conc,,,welopt-ly3,conc,lst,101.0,sim,ph,
oname:conc_otype:lst_usecol:sim_time:101.0_obsid:welopt-ly3_variable:so4,5.51115e-05,0.0,conc,,,welopt-ly3,conc,lst,101.0,sim,so4,
oname:conc_otype:lst_usecol:sim_time:101.0_obsid:wp1-f3_variable:o0,4.67815e-10,3065.696697424829,conc,,,wp1-f3,conc,lst,101.0,sim,o0,0.000326190128606
oname:conc_otype:lst_usecol:sim_time:101.0_obsid:wp1-f3_variable:ph,6.60814,0.6131393394849658,conc,,,wp1-f3,conc,lst,101.0,sim,ph,1.6309506430300091
oname:conc_otype:lst_usecol:sim_time:101.0_obsid:wp1-f3_variable:so4,0.000780578,1187.0095540974578,conc,,,wp1-f3,conc,lst,101.0,sim,so4,0.0008424532022914
oname:conc_otype:lst_usecol:sim_time:101.0_obsid:wp4-f5_variable:o0,1.45549e-33,3143.4730673096574,conc,,,wp4-f5,conc,lst,101.0,sim,o0,0.0003181194744117
oname:conc_otype:lst_usecol:sim_time:101.0_obsid:wp4-f5_variable:ph,6.5124,0.6286946134619315,conc,,,wp4-f5,conc,lst,101.0,sim,ph,1.5905973720586868
oname:conc_otype:lst_usecol:sim_time:101.0_obsid:wp4-f5_variable:so4,0.00053145,1040.516289609811,conc,,,wp4-f5,conc,lst,101.0,sim,so4,0.0009610613596208
oname:conc_otype:lst_usecol:sim_time:102.0_obsid:welopt-ly3_variable:o0,0.0,0.0,conc,,,welopt-ly3,conc,lst,102.0,sim,o0,
oname:conc_otype:lst_usecol:sim_time:102.0_obsid:welopt-ly3_variable:ph,6.67491,0.0,conc,,,welopt-ly3,conc,lst,102.0,sim,ph,
oname:conc_otype:lst_usecol:sim_time:102.0_obsid:welopt-ly3_variable:so4,5.51115e-05,0.0,conc,,,welopt-ly3,conc,lst,102.0,sim,so4,
oname:conc_otype:lst_usecol:sim_time:102.0_obsid:wp1-f3_variable:o0,4.67815e-10,3065.696697424829,conc,,,wp1-f3,conc,lst,102.0,sim,o0,0.000326190128606
oname:conc_otype:lst_usecol:sim_time:102.0_obsid:wp1-f3_variable:ph,6.60814,0.6131393394849658,conc,,,wp1-f3,conc,lst,102.0,sim,ph,1.6309506430300091
oname:conc_otype:lst_usecol:sim_time:102.0_obsid:wp1-f3_variable:so4,0.000780578,1187.0095540974578,conc,,,wp1-f3,conc,lst,102.0,sim,so4,0.0008424532022914
oname:conc_otype:lst_usecol:sim_time:102.0_obsid:wp4-f5_variable:o0,1.45549e-33,3143.4730673096574,conc,,,wp4-f5,conc,lst,102.0,sim,o0,0.0003181194744117
oname:conc_otype:lst_usecol:sim_time:102.0_obsid:wp4-f5_variable:ph,6.5124,0.6286946134619315,conc,,,wp4-f5,conc,lst,102.0,sim,ph,1.5905973720586868
oname:conc_otype:lst_usecol:sim_time:102.0_obsid:wp4-f5_variable:so4,0.00053145,1040.516289609811,conc,,,wp4-f5,conc,lst,102.0,sim,so4,0.0009610613596208
oname:conc_otype:lst_usecol:sim_time:103.0_obsid:welopt-ly3_variable:o0,0.0,0.0,conc,,,welopt-ly3,conc,lst,103.0,sim,o0,
oname:conc_otype:lst_usecol:sim_time:103.0_obsid:welopt-ly3_variable:ph,6.67491,0.0,conc,,,welopt-ly3,conc,lst,103.0,sim,ph,
oname:conc_otype:lst_usecol:sim_time:103.0_obsid:welopt-ly3_variable:so4,5.51115e-05,0.0,conc,,,welopt-ly3,conc,lst,103.0,sim,so4,
oname:conc_otype:lst_usecol:sim_time:103.0_obsid:wp1-f3_variable:o0,4.67815e-10,3065.696697424829,conc,,,wp1-f3,conc,lst,103.0,sim,o0,0.000326190128606
oname:conc_otype:lst_usecol:sim_time:103.0_obsid:wp1-f3_variable:ph,6.60814,0.6131393394849658,conc,,,wp1-f3,conc,lst,103.0,sim,ph,1.6309506430300091
oname:conc_otype:lst_usecol:sim_time:103.0_obsid:wp1-f3_variable:so4,0.000780578,1187.0095540974578,conc,,,wp1-f3,conc,lst,103.0,sim,so4,0.0008424532022914
oname:conc_otype:lst_usecol:sim_time:103.0_obsid:wp4-f5_variable:o0,1.45549e-33,3143.4730673096574,conc,,,wp4-f5,conc,lst,103.0,sim,o0,0.0003181194744117
oname:conc_otype:lst_usecol:sim_time:103.0_obsid:wp4-f5_variable:ph,6.5124,0.6286946134619315,conc,,,wp4-f5,conc,lst,103.0,sim,ph,1.5905973720586868
oname:conc_otype:lst_usecol:sim_time:103.0_obsid:wp4-f5_variable:so4,0.00053145,1040.516289609811,conc,,,wp4-f5,conc,lst,103.0,sim,so4,0.0009610613596208
oname:conc_otype:lst_usecol:sim_time:104.0_obsid:welopt-ly3_variable:o0,0.0,0.0,conc,,,welopt-ly3,conc,lst,104.0,sim,o0,
oname:conc_otype:lst_usecol:sim_time:104.0_obsid:welopt-ly3_variable:ph,6.67491,0.0,conc,,,welopt-ly3,conc,lst,104.0,sim,ph,
oname:conc_otype:lst_usecol:sim_time:104.0_obsid:welopt-ly3_variable:so4,5.51115e-05,0.0,conc,,,welopt-ly3,conc,lst,104.0,sim,so4,
oname:conc_otype:lst_usecol:sim_time:104.0_obsid:wp1-f3_variable:o0,4.67815e-10,3065.696697424829,conc,,,wp1-f3,conc,lst,104.0,sim,o0,0.000326190128606
oname:conc_otype:lst_usecol:sim_time:104.0_obsid:wp1-f3_variable:ph,6.60814,0.6131393394849658,conc,,,wp1-f3,conc,lst,104.0,sim,ph,1.6309506430300091
oname:conc_otype:lst_usecol:sim_time:104.0_obsid:wp1-f3_variable:so4,0.000780578,1187.0095540974578,conc,,,wp1-f3,conc,lst,104.0,sim,so4,0.0008424532022914
oname:conc_otype:lst_usecol:sim_time:104.0_obsid:wp4-f5_variable:o0,1.45549e-33,3143.4730673096574,conc,,,wp4-f5,conc,lst,104.0,sim,o0,0.0003181194744117
oname:conc_otype:lst_usecol:sim_time:104.0_obsid:wp4-f5_variable:ph,6.5124,0.6286946134619315,conc,,,wp4-f5,conc,lst,104.0,sim,ph,1.5905973720586868
oname:conc_otype:lst_usecol:sim_time:104.0_obsid:wp4-f5_variable:so4,0.00053145,1040.516289609811,conc,,,wp4-f5,conc,lst,104.0,sim,so4,0.0009610613596208
oname:conc_otype:lst_usecol:sim_time:105.0_obsid:welopt-ly3_variable:o0,0.0,0.0,conc,,,welopt-ly3,conc,lst,105.0,sim,o0,
oname:conc_otype:lst_usecol:sim_time:105.0_obsid:welopt-ly3_variable:ph,6.67491,0.0,conc,,,welopt-ly3,conc,lst,105.0,sim,ph,
oname:conc_otype:lst_usecol:sim_time:105.0_obsid:welopt-ly3_variable:so4,5.51115e-05,0.0,conc,,,welopt-ly3,conc,lst,105.0,sim,so4,
oname:conc_otype:lst_usecol:sim_time:105.0_obsid:wp1-f3_variable:o0,4.67815e-10,3065.696697424829,conc,,,wp1-f3,conc,lst,105.0,sim,o0,0.000326190128606
oname:conc_otype:lst_usecol:sim_time:105.0_obsid:wp1-f3_variable:ph,6.60814,0.6131393394849658,conc,,,wp1-f3,conc,lst,105.0,sim,ph,1.6309506430300091
oname:conc_otype:lst_usecol:sim_time:105.0_obsid:wp1-f3_variable:so4,0.000780578,1187.0095540974578,conc,,,wp1-f3,conc,lst,105.0,sim,so4,0.0008424532022914
oname:conc_otype:lst_usecol:sim_time:105.0_obsid:wp4-f5_variable:o0,1.45549e-33,3143.4730673096574,conc,,,wp4-f5,conc,lst,105.0,sim,o0,0.0003181194744117
oname:conc_otype:lst_usecol:sim_time:105.0_obsid:wp4-f5_variable:ph,6.5124,0.6286946134619315,conc,,,wp4-f5,conc,lst,105.0,sim,ph,1.5905973720586868
oname:conc_otype:lst_usecol:sim_time:105.0_obsid:wp4-f5_variable:so4,0.00053145,1040.516289609811,conc,,,wp4-f5,conc,lst,105.0,sim,so4,0.0009610613596208
oname:conc_otype:lst_usecol:sim_time:106.0_obsid:welopt-ly3_variable:o0,0.0,0.0,conc,,,welopt-ly3,conc,lst,106.0,sim,o0,
oname:conc_otype:lst_usecol:sim_time:106.0_obsid:welopt-ly3_variable:ph,6.67491,0.0,conc,,,welopt-ly3,conc,lst,106.0,sim,ph,
oname:conc_otype:lst_usecol:sim_time:106.0_obsid:welopt-ly3_variable:so4,5.51115e-05,0.0,conc,,,welopt-ly3,conc,lst,106.0,sim,so4,
oname:conc_otype:lst_usecol:sim_time:106.0_obsid:wp1-f3_variable:o0,4.67815e-10,3065.696697424829,conc,,,wp1-f3,conc,lst,106.0,sim,o0,0.000326190128606
oname:conc_otype:lst_usecol:sim_time:106.0_obsid:wp1-f3_variable:ph,6.60814,0.6131393394849658,conc,,,wp1-f3,conc,lst,106.0,sim,ph,1.6309506430300091
oname:conc_otype:lst_usecol:sim_time:106.0_obsid:wp1-f3_variable:so4,0.000780578,1187.0095540974578,conc,,,wp1-f3,conc,lst,106.0,sim,so4,0.0008424532022914
oname:conc_otype:lst_usecol:sim_time:106.0_obsid:wp4-f5_variable:o0,1.45549e-33,3143.4730673096574,conc,,,wp4-f5,conc,lst,106.0,sim,o0,0.0003181194744117
oname:conc_otype:lst_usecol:sim_time:106.0_obsid:wp4-f5_variable:ph,6.5124,0.6286946134619315,conc,,,wp4-f5,conc,lst,106.0,sim,ph,1.5905973720586868
oname:conc_otype:lst_usecol:sim_time:106.0_obsid:wp4-f5_variable:so4,0.00053145,1040.516289609811,conc,,,wp4-f5,conc,lst,106.0,sim,so4,0.0009610613596208
oname:conc_otype:lst_usecol:sim_time:107.0_obsid:welopt-ly3_variable:o0,0.0,0.0,conc,,,welopt-ly3,conc,lst,107.0,sim,o0,
oname:conc_otype:lst_usecol:sim_time:107.0_obsid:welopt-ly3_variable:ph,6.67491,0.0,conc,,,welopt-ly3,conc,lst,107.0,sim,ph,
oname:conc_otype:lst_usecol:sim_time:107.0_obsid:welopt-ly3_variable:so4,5.51201e-05,0.0,conc,,,welopt-ly3,conc,lst,107.0,sim,so4,
oname:conc_otype:lst_usecol:sim_time:107.0_obsid:wp1-f3_variable:o0,4.4991e-10,3065.696697424829,conc,,,wp1-f3,conc,lst,107.0,sim,o0,0.000326190128606
oname:conc_otype:lst_usecol:sim_time:107.0_obsid:wp1-f3_variable:ph,6.62573,0.6131393394849658,conc,,,wp1-f3,conc,lst,107.0,sim,ph,1.6309506430300091
oname:conc_otype:lst_usecol:sim_time:107.0_obsid:wp1-f3_variable:so4,0.000778022,1137.4183271302145,conc,,,wp1-f3,conc,lst,107.0,sim,so4,0.0008791840048182
oname:conc_otype:lst_usecol:sim_time:107.0_obsid:wp4-f5_variable:o0,1.77695e-33,3143.4730673096574,conc,,,wp4-f5,conc,lst,107.0,sim,o0,0.0003181194744117
oname:conc_otype:lst_usecol:sim_time:107.0_obsid:wp4-f5_variable:ph,6.50168,0.6286946134619315,conc,,,wp4-f5,conc,lst,107.0,sim,ph,1.5905973720586868
oname:conc_otype:lst_usecol:sim_time:107.0_obsid:wp4-f5_variable:so4,0.000594406,1045.1477324271398,conc,,,wp4-f5,conc,lst,107.0,sim,so4,0.0009568025351571
oname:conc_otype:lst_usecol:sim_time:108.0_obsid:welopt-ly3_variable:o0,0.0,0.0,conc,,,welopt-ly3,conc,lst,108.0,sim,o0,
oname:conc_otype:lst_usecol:sim_time:108.0_obsid:welopt-ly3_variable:ph,6.67491,0.0,conc,,,welopt-ly3,conc,lst,108.0,sim,ph,
oname:conc_otype:lst_usecol:sim_time:108.0_obsid:welopt-ly3_variable:so4,5.51201e-05,0.0,conc,,,welopt-ly3,conc,lst,108.0,sim,so4,
oname:conc_otype:lst_usecol:sim_time:108.0_obsid:wp1-f3_variable:o0,4.4991e-10,3065.696697424829,conc,,,wp1-f3,conc,lst,108.0,sim,o0,0.000326190128606
oname:conc_otype:lst_usecol:sim_time:108.0_obsid:wp1-f3_variable:ph,6.62573,0.6131393394849658,conc,,,wp1-f3,conc,lst,108.0,sim,ph,1.6309506430300091
oname:conc_otype:lst_usecol:sim_time:108.0_obsid:wp1-f3_variable:so4,0.000778022,1137.4183271302145,conc,,,wp1-f3,conc,lst,108.0,sim,so4,0.0008791840048182
oname:conc_otype:lst_usecol:sim_time:108.0_obsid:wp4-f5_variable:o0,1.77695e-33,3143.4730673096574,conc,,,wp4-f5,conc,lst,108.0,sim,o0,0.0003181194744117
oname:conc_otype:lst_usecol:sim_time:108.0_obsid:wp4-f5_variable:ph,6.50168,0.6286946134619315,conc,,,wp4-f5,conc,lst,108.0,sim,ph,1.5905973720586868
oname:conc_otype:lst_usecol:sim_time:108.0_obsid:wp4-f5_variable:so4,0.000594406,1045.1477324271398,conc,,,wp4-f5,conc,lst,108.0,sim,so4,0.0009568025351571
oname:conc_otype:lst_usecol:sim_time:109.0_obsid:welopt-ly3_variable:o0,0.0,0.0,conc,,,welopt-ly3,conc,lst,109.0,sim,o0,
oname:conc_otype:lst_usecol:sim_time:109.0_obsid:welopt-ly3_variable:ph,6.67491,0.0,conc,,,welopt-ly3,conc,lst,109.0,sim,ph,
oname:conc_otype:lst_usecol:sim_time:109.0_obsid:welopt-ly3_variable:so4,5.51201e-05,0.0,conc,,,welopt-ly3,conc,lst,109.0,sim,so4,
oname:conc_otype:lst_usecol:sim_time:109.0_obsid:wp1-f3_variable:o0,4.4991e-10,3065.696697424829,conc,,,wp1-f3,conc,lst,109.0,sim,o0,0.000326190128606
oname:conc_otype:lst_usecol:sim_time:109.0_obsid:wp1-f3_variable:ph,6.62573,0.6131393394849658,conc,,,wp1-f3,conc,lst,109.0,sim,ph,1.6309506430300091
oname:conc_otype:lst_usecol:sim_time:109.0_obsid:wp1-f3_variable:so4,0.000778022,1137.4183271302145,conc,,,wp1-f3,conc,lst,109.0,sim,so4,0.0008791840048182
oname:conc_otype:lst_usecol:sim_time:109.0_obsid:wp4-f5_variable:o0,1.77695e-33,3143.4730673096574,conc,,,wp4-f5,conc,lst,109.0,sim,o0,0.0003181194744117
oname:conc_otype:lst_usecol:sim_time:109.0_obsid:wp4-f5_variable:ph,6.50168,0.6286946134619315,conc,,,wp4-f5,conc,lst,109.0,sim,ph,1.5905973720586868
oname:conc_otype:lst_usecol:sim_time:109.0_obsid:wp4-f5_variable:so4,0.000594406,1045.1477324271398,conc,,,wp4-f5,conc,lst,109.0,sim,so4,0.0009568025351571
oname:conc_otype:lst_usecol:sim_time:11.0_obsid:welopt-ly3_variable:o0,0.0,0.0,conc,,,welopt-ly3,conc,lst,11.0,sim,o0,
oname:conc_otype:lst_usecol:sim_time:11.0_obsid:welopt-ly3_variable:ph,6.67491,0.0,conc,,,welopt-ly3,conc,lst,11.0,sim,ph,
oname:conc_otype:lst_usecol:sim_time:11.0_obsid:welopt-ly3_variable:so4,5.51187e-05,0.0,conc,,,welopt-ly3,conc,lst,11.0,sim,so4,
oname:conc_otype:lst_usecol:sim_time:11.0_obsid:wp1-f3_variable:o0,2.40409e-32,0.0,conc,,,wp1-f3,conc,lst,11.0,sim,o0,0.000326190128606
oname:conc_otype:lst_usecol:sim_time:11.0_obsid:wp1-f3_variable:ph,6.52894,0.6131393394849658,conc,,,wp1-f3,conc,lst,11.0,sim,ph,1.6309506430300091
oname:conc_otype:lst_usecol:sim_time:11.0_obsid:wp1-f3_variable:so4,0.000268222,1226.2786789699317,conc,,,wp1-f3,conc,lst,11.0,sim,so4,0.000815475321515
oname:conc_otype:lst_usecol:sim_time:11.0_obsid:wp4-f5_variable:o0,0.0,0.0,conc,,,wp4-f5,conc,lst,11.0,sim,o0,0.0003181194744117
oname:conc_otype:lst_usecol:sim_time:11.0_obsid:wp4-f5_variable:ph,6.67491,0.6286946134619315,conc,,,wp4-f5,conc,lst,11.0,sim,ph,1.5905973720586868
oname:conc_otype:lst_usecol:sim_time:11.0_obsid:wp4-f5_variable:so4,5.51188e-05,1257.389226923863,conc,,,wp4-f5,conc,lst,11.0,sim,so4,0.0007952986860293
oname:conc_otype:lst_usecol:sim_time:110.0_obsid:welopt-ly3_variable:o0,0.0,0.0,conc,,,welopt-ly3,conc,lst,110.0,sim,o0,
oname:conc_otype:lst_usecol:sim_time:110.0_obsid:welopt-ly3_variable:ph,6.67491,0.0,conc,,,welopt-ly3,conc,lst,110.0,sim,ph,
oname:conc_otype:lst_usecol:sim_time:110.0_obsid:welopt-ly3_variable:so4,5.51201e-05,0.0,conc,,,welopt-ly3,conc,lst,110.0,sim,so4,
oname:conc_otype:lst_usecol:sim_time:110.0_obsid:wp1-f3_variable:o0,4.4991e-10,3065.696697424829,conc,,,wp1-f3,conc,lst,110.0,sim,o0,0.000326190128606
oname:conc_otype:lst_usecol:sim_time:110.0_obsid:wp1-f3_variable:ph,6.62573,0.6131393394849658,conc,,,wp1-f3,conc,lst,110.0,sim,ph,1.6309506430300091
oname:conc_otype:lst_usecol:sim_time:110.0_obsid:wp1-f3_variable:so4,0.000778022,1137.4183271302145,conc,,,wp1-f3,conc,lst,110.0,sim,so4,0.0008791840048182
oname:conc_otype:lst_usecol:sim_time:110.0_obsid:wp4-f5_variable:o0,1.77695e-33,3143.4730673096574,conc,,,wp4-f5,conc,lst,110.0,sim,o0,0.0003181194744117
oname:conc_otype:lst_usecol:sim_time:110.0_obsid:wp4-f5_variable:ph,6.50168,0.6286946134619315,conc,,,wp4-f5,conc,lst,110.0,sim,ph,1.5905973720586868
oname:conc_otype:lst_usecol:sim_time:110.0_obsid:wp4-f5_variable:so4,0.000594406,1045.1477324271398,conc,,,wp4-f5,conc,lst,110.0,sim,so4,0.0009568025351571
oname:conc_otype:lst_usecol:sim_time:111.0_obsid:welopt-ly3_variable:o0,0.0,0.0,conc,,,welopt-ly3,conc,lst,111.0,sim,o0,
oname:conc_otype:lst_usecol:sim_time:111.0_obsid:welopt-ly3_variable:ph,6.67491,0.0,conc,,,welopt-ly3,conc,lst,111.0,sim,ph,
oname:conc_otype:lst_usecol:sim_time:111.0_obsid:welopt-ly3_variable:so4,5.51201e-05,0.0,conc,,,welopt-ly3,conc,lst,111.0,sim,so4,
oname:conc_otype:lst_usecol:sim_time:111.0_obsid:wp1-f3_variable:o0,4.4991e-10,3065.696697424829,conc,,,wp1-f3,conc,lst,111.0,sim,o0,0.000326190128606
oname:conc_otype:lst_usecol:sim_time:111.0_obsid:wp1-f3_variable:ph,6.62573,0.6131393394849658,conc,,,wp1-f3,conc,lst,111.0,sim,ph,1.6309506430300091
oname:conc_otype:lst_usecol:sim_time:111.0_obsid:wp1-f3_variable:so4,0.000778022,1137.4183271302145,conc,,,wp1-f3,conc,lst,111.0,sim,so4,0.0008791840048182
oname:conc_otype:lst_usecol:sim_time:111.0_obsid:wp4-f5_variable:o0,1.77695e-33,3143.4730673096574,conc,,,wp4-f5,conc,lst,111.0,sim,o0,0.0003181194744117
oname:conc_otype:lst_usecol:sim_time:111.0_obsid:wp4-f5_variable:ph,6.50168,0.6286946134619315,conc,,,wp4-f5,conc,lst,111.0,sim,ph,1.5905973720586868
oname:conc_otype:lst_usecol:sim_time:111.0_obsid:wp4-f5_variable:so4,0.000594406,1045.1477324271398,conc,,,wp4-f5,conc,lst,111.0,sim,so4,0.0009568025351571
oname:conc_otype:lst_usecol:sim_time:112.048_obsid:wp1-f3_variable:o0,4.4991e-10,3065.696697424829,conc,,,wp1-f3,conc,lst,112.048,sim,o0,0.000326190128606
oname:conc_otype:lst_usecol:sim_time:112.048_obsid:wp1-f3_variable:ph,6.62573,0.6131393394849658,conc,,,wp1-f3,conc,lst,112.048,sim,ph,1.6309506430300091
oname:conc_otype:lst_usecol:sim_time:112.048_obsid:wp1-f3_variable:so4,0.000778022,1137.4183271302145,conc,,,wp1-f3,conc,lst,112.048,sim,so4,0.0008791840048182
oname:conc_otype:lst_usecol:sim_time:112.0_obsid:welopt-ly3_variable:o0,0.0,0.0,conc,,,welopt-ly3,conc,lst,112.0,sim,o0,
oname:conc_otype:lst_usecol:sim_time:112.0_obsid:welopt-ly3_variable:ph,6.67491,0.0,conc,,,welopt-ly3,conc,lst,112.0,sim,ph,
oname:conc_otype:lst_usecol:sim_time:112.0_obsid:welopt-ly3_variable:so4,5.51201e-05,0.0,conc,,,welopt-ly3,conc,lst,112.0,sim,so4,
oname:conc_otype:lst_usecol:sim_time:112.0_obsid:wp1-f3_variable:o0,4.4991e-10,3065.696697424829,conc,,,wp1-f3,conc,lst,112.0,sim,o0,0.000326190128606
oname:conc_otype:lst_usecol:sim_time:112.0_obsid:wp1-f3_variable:ph,6.62573,0.6131393394849658,conc,,,wp1-f3,conc,lst,112.0,sim,ph,1.6309506430300091
oname:conc_otype:lst_usecol:sim_time:112.0_obsid:wp1-f3_variable:so4,0.000778022,1137.4183271302145,conc,,,wp1-f3,conc,lst,112.0,sim,so4,0.0008791840048182
oname:conc_otype:lst_usecol:sim_time:112.0_obsid:wp4-f5_variable:o0,1.77695e-33,3143.4730673096574,conc,,,wp4-f5,conc,lst,112.0,sim,o0,0.0003181194744117
oname:conc_otype:lst_usecol:sim_time:112.0_obsid:wp4-f5_variable:ph,6.50168,0.6286946134619315,conc,,,wp4-f5,conc,lst,112.0,sim,ph,1.5905973720586868
oname:conc_otype:lst_usecol:sim_time:112.0_obsid:wp4-f5_variable:so4,0.000594406,1045.1477324271398,conc,,,wp4-f5,conc,lst,112.0,sim,so4,0.0009568025351571
oname:conc_otype:lst_usecol:sim_time:113.0_obsid:welopt-ly3_variable:o0,0.0,0.0,conc,,,welopt-ly3,conc,lst,113.0,sim,o0,
oname:conc_otype:lst_usecol:sim_time:113.0_obsid:welopt-ly3_variable:ph,6.67491,0.0,conc,,,welopt-ly3,conc,lst,113.0,sim,ph,
oname:conc_otype:lst_usecol:sim_time:113.0_obsid:welopt-ly3_variable:so4,5.51201e-05,0.0,conc,,,welopt-ly3,conc,lst,113.0,sim,so4,
oname:conc_otype:lst_usecol:sim_time:113.0_obsid:wp1-f3_variable:o0,4.4991e-10,3065.696697424829,conc,,,wp1-f3,conc,lst,113.0,sim,o0,0.000326190128606
oname:conc_otype:lst_usecol:sim_time:113.0_obsid:wp1-f3_variable:ph,6.62573,0.6131393394849658,conc,,,wp1-f3,conc,lst,113.0,sim,ph,1.6309506430300091
oname:conc_otype:lst_usecol:sim_time:113.0_obsid:wp1-f3_variable:so4,0.000778022,1137.4183271302145,conc,,,wp1-f3,conc,lst,113.0,sim,so4,0.0008791840048182
oname:conc_otype:lst_usecol:sim_time:113.0_obsid:wp4-f5_variable:o0,1.77695e-33,3143.4730673096574,conc,,,wp4-f5,conc,lst,113.0,sim,o0,0.0003181194744117
oname:conc_otype:lst_usecol:sim_time:113.0_obsid:wp4-f5_variable:ph,6.50168,0.6286946134619315,conc,,,wp4-f5,conc,lst,113.0,sim,ph,1.5905973720586868
oname:conc_otype:lst_usecol:sim_time:113.0_obsid:wp4-f5_variable:so4,0.000594406,1045.1477324271398,conc,,,wp4-f5,conc,lst,113.0,sim,so4,0.0009568025351571
oname:conc_otype:lst_usecol:sim_time:114.0_obsid:welopt-ly3_variable:o0,0.0,0.0,conc,,,welopt-ly3,conc,lst,114.0,sim,o0,
oname:conc_otype:lst_usecol:sim_time:114.0_obsid:welopt-ly3_variable:ph,6.67491,0.0,conc,,,welopt-ly3,conc,lst,114.0,sim,ph,
oname:conc_otype:lst_usecol:sim_time:114.0_obsid:welopt-ly3_variable:so4,5.51324e-05,0.0,conc,,,welopt-ly3,conc,lst,114.0,sim,so4,
oname:conc_otype:lst_usecol:sim_time:114.0_obsid:wp1-f3_variable:o0,4.0187e-10,3065.696697424829,conc,,,wp1-f3,conc,lst,114.0,sim,o0,0.000326190128606
oname:conc_otype:lst_usecol:sim_time:114.0_obsid:wp1-f3_variable:ph,6.66373,0.6131393394849658,conc,,,wp1-f3,conc,lst,114.0,sim,ph,1.6309506430300091
oname:conc_otype:lst_usecol:sim_time:114.0_obsid:wp1-f3_variable:so4,0.000777873,1104.8268329470006,conc,,,wp1-f3,conc,lst,114.0,sim,so4,0.0009051192188486
oname:conc_otype:lst_usecol:sim_time:114.0_obsid:wp4-f5_variable:o0,1.83156e-33,3143.4730673096574,conc,,,wp4-f5,conc,lst,114.0,sim,o0,0.0003181194744117
oname:conc_otype:lst_usecol:sim_time:114.0_obsid:wp4-f5_variable:ph,6.49684,0.6286946134619315,conc,,,wp4-f5,conc,lst,114.0,sim,ph,1.5905973720586868
oname:conc_otype:lst_usecol:sim_time:114.0_obsid:wp4-f5_variable:so4,0.00065194,1050.0439737230072,conc,,,wp4-f5,conc,lst,114.0,sim,so4,0.0009523410685882
oname:conc_otype:lst_usecol:sim_time:115.0_obsid:welopt-ly3_variable:o0,0.0,0.0,conc,,,welopt-ly3,conc,lst,115.0,sim,o0,
oname:conc_otype:lst_usecol:sim_time:115.0_obsid:welopt-ly3_variable:ph,6.67491,0.0,conc,,,welopt-ly3,conc,lst,115.0,sim,ph,
oname:conc_otype:lst_usecol:sim_time:115.0_obsid:welopt-ly3_variable:so4,5.51324e-05,0.0,conc,,,welopt-ly3,conc,lst,115.0,sim,so4,
oname:conc_otype:lst_usecol:sim_time:115.0_obsid:wp1-f3_variable:o0,4.0187e-10,3065.696697424829,conc,,,wp1-f3,conc,lst,115.0,sim,o0,0.000326190128606
oname:conc_otype:lst_usecol:sim_time:115.0_obsid:wp1-f3_variable:ph,6.66373,0.6131393394849658,conc,,,wp1-f3,conc,lst,115.0,sim,ph,1.6309506430300091
oname:conc_otype:lst_usecol:sim_time:115.0_obsid:wp1-f3_variable:so4,0.000777873,1104.8268329470006,conc,,,wp1-f3,conc,lst,115.0,sim,so4,0.0009051192188486
oname:conc_otype:lst_usecol:sim_time:115.0_obsid:wp4-f5_variable:o0,1.83156e-33,3143.4730673096574,conc,,,wp4-f5,conc,lst,115.0,sim,o0,0.0003181194744117
oname:conc_otype:lst_usecol:sim_time:115.0_obsid:wp4-f5_variable:ph,6.49684,0.6286946134619315,conc,,,wp4-f5,conc,lst,115.0,sim,ph,1.5905973720586868
oname:conc_otype:lst_usecol:sim_time:115.0_obsid:wp4-f5_variable:so4,0.00065194,1050.0439737230072,conc,,,wp4-f5,conc,lst,115.0,sim,so4,0.0009523410685882
oname:conc_otype:lst_usecol:sim_time:116.0_obsid:welopt-ly3_variable:o0,0.0,0.0,conc,,,welopt-ly3,conc,lst,116.0,sim,o0,
oname:conc_otype:lst_usecol:sim_time:116.0_obsid:welopt-ly3_variable:ph,6.67491,0.0,conc,,,welopt-ly3,conc,lst,116.0,sim,ph,
oname:conc_otype:lst_usecol:sim_time:116.0_obsid:welopt-ly3_variable:so4,5.51324e-05,0.0,conc,,,welopt-ly3,conc,lst,116.0,sim,so4,
oname:conc_otype:lst_usecol:sim_time:116.0_obsid:wp1-f3_variable:o0,4.0187e-10,3065.696697424829,conc,,,wp1-f3,conc,lst,116.0,sim,o0,0.000326190128606
oname:conc_otype:lst_usecol:sim_time:116.0_obsid:wp1-f3_variable:ph,6.66373,0.6131393394849658,conc,,,wp1-f3,conc,lst,116.0,sim,ph,1.6309506430300091
oname:conc_otype:lst_usecol:sim_time:116.0_obsid:wp1-f3_variable:so4,0.000777873,1104.8268329470006,conc,,,wp1-f3,conc,lst,116.0,sim,so4,0.0009051192188486
oname:conc_otype:lst_usecol:sim_time:116.0_obsid:wp4-f5_variable:o0,1.83156e-33,3143.4730673096574,conc,,,wp4-f5,conc,lst,116.0,sim,o0,0.0003181194744117
oname:conc_otype:lst_usecol:sim_time:116.0_obsid:wp4-f5_variable:ph,6.49684,0.6286946134619315,conc,,,wp4-f5,conc,lst,116.0,sim,ph,1.5905973720586868
oname:conc_otype:lst_usecol:sim_time:116.0_obsid:wp4-f5_variable:so4,0.00065194,1050.0439737230072,conc,,,wp4-f5,conc,lst,116.0,sim,so4,0.0009523410685882
oname:conc_otype:lst_usecol:sim_time:117.0_obsid:welopt-ly3_variable:o0,0.0,0.0,conc,,,welopt-ly3,conc,lst,117.0,sim,o0,
oname:conc_otype:lst_usecol:sim_time:117.0_obsid:welopt-ly3_variable:ph,6.67491,0.0,conc,,,welopt-ly3,conc,lst,117.0,sim,ph,
oname:conc_otype:lst_usecol:sim_time:117.0_obsid:welopt-ly3_variable:so4,5.51324e-05,0.0,conc,,,welopt-ly3,conc,lst,117.0,sim,so4,
oname:conc_otype:lst_usecol:sim_time:117.0_obsid:wp1-f3_variable:o0,4.0187e-10,3065.696697424829,conc,,,wp1-f3,conc,lst,117.0,sim,o0,0.000326190128606
oname:conc_otype:lst_usecol:sim_time:117.0_obsid:wp1-f3_variable:ph,6.66373,0.6131393394849658,conc,,,wp1-f3,conc,lst,117.0,sim,ph,1.6309506430300091
oname:conc_otype:lst_usecol:sim_time:117.0_obsid:wp1-f3_variable:so4,0.000777873,1104.8268329470006,conc,,,wp1-f3,conc,lst,117.0,sim,so4,0.0009051192188486
oname:conc_otype:lst_usecol:sim_time:117.0_obsid:wp4-f5_variable:o0,1.83156e-33,3143.4730673096574,conc,,,wp4-f5,conc,lst,117.0,sim,o0,0.0003181194744117
oname:conc_otype:lst_usecol:sim_time:117.0_obsid:wp4-f5_variable:ph,6.49684,0.6286946134619315,conc,,,wp4-f5,conc,lst,117.0,sim,ph,1.5905973720586868
oname:conc_otype:lst_usecol:sim_time:117.0_obsid:wp4-f5_variable:so4,0.00065194,1050.0439737230072,conc,,,wp4-f5,conc,lst,117.0,sim,so4,0.0009523410685882
oname:conc_otype:lst_usecol:sim_time:118.0_obsid:welopt-ly3_variable:o0,0.0,0.0,conc,,,welopt-ly3,conc,lst,118.0,sim,o0,
oname:conc_otype:lst_usecol:sim_time:118.0_obsid:welopt-ly3_variable:ph,6.67491,0.0,conc,,,welopt-ly3,conc,lst,118.0,sim,ph,
oname:conc_otype:lst_usecol:sim_time:118.0_obsid:welopt-ly3_variable:so4,5.51324e-05,0.0,conc,,,welopt-ly3,conc,lst,118.0,sim,so4,
oname:conc_otype:lst_usecol:sim_time:118.0_obsid:wp1-f3_variable:o0,4.0187e-10,3065.696697424829,conc,,,wp1-f3,conc,lst,118.0,sim,o0,0.000326190128606
oname:conc_otype:lst_usecol:sim_time:118.0_obsid:wp1-f3_variable:ph,6.66373,0.6131393394849658,conc,,,wp1-f3,conc,lst,118.0,sim,ph,1.6309506430300091
oname:conc_otype:lst_usecol:sim_time:118.0_obsid:wp1-f3_variable:so4,0.000777873,1104.8268329470006,conc,,,wp1-f3,conc,lst,118.0,sim,so4,0.0009051192188486
oname:conc_otype:lst_usecol:sim_time:118.0_obsid:wp4-f5_variable:o0,1.83156e-33,3143.4730673096574,conc,,,wp4-f5,conc,lst,118.0,sim,o0,0.0003181194744117
oname:conc_otype:lst_usecol:sim_time:118.0_obsid:wp4-f5_variable:ph,6.49684,0.6286946134619315,conc,,,wp4-f5,conc,lst,118.0,sim,ph,1.5905973720586868
oname:conc_otype:lst_usecol:sim_time:118.0_obsid:wp4-f5_variable:so4,0.00065194,1050.0439737230072,conc,,,wp4-f5,conc,lst,118.0,sim,so4,0.0009523410685882
oname:conc_otype:lst_usecol:sim_time:119.0_obsid:welopt-ly3_variable:o0,0.0,0.0,conc,,,welopt-ly3,conc,lst,119.0,sim,o0,
oname:conc_otype:lst_usecol:sim_time:119.0_obsid:welopt-ly3_variable:ph,6.67491,0.0,conc,,,welopt-ly3,conc,lst,119.0,sim,ph,
oname:conc_otype:lst_usecol:sim_time:119.0_obsid:welopt-ly3_variable:so4,5.51324e-05,0.0,conc,,,welopt-ly3,conc,lst,119.0,sim,so4,
oname:conc_otype:lst_usecol:sim_time:119.0_obsid:wp1-f3_variable:o0,4.0187e-10,3065.696697424829,conc,,,wp1-f3,conc,lst,119.0,sim,o0,0.000326190128606
oname:conc_otype:lst_usecol:sim_time:119.0_obsid:wp1-f3_variable:ph,6.66373,0.6131393394849658,conc,,,wp1-f3,conc,lst,119.0,sim,ph,1.6309506430300091
oname:conc_otype:lst_usecol:sim_time:119.0_obsid:wp1-f3_variable:so4,0.000777873,1104.8268329470006,conc,,,wp1-f3,conc,lst,119.0,sim,so4,0.0009051192188486
oname:conc_otype:lst_usecol:sim_time:119.0_obsid:wp4-f5_variable:o0,1.83156e-33,3143.4730673096574,conc,,,wp4-f5,conc,lst,119.0,sim,o0,0.0003181194744117
oname:conc_otype:lst_usecol:sim_time:119.0_obsid:wp4-f5_variable:ph,6.49684,0.6286946134619315,conc,,,wp4-f5,conc,lst,119.0,sim,ph,1.5905973720586868
oname:conc_otype:lst_usecol:sim_time:119.0_obsid:wp4-f5_variable:so4,0.00065194,1050.0439737230072,conc,,,wp4-f5,conc,lst,119.0,sim,so4,0.0009523410685882
oname:conc_otype:lst_usecol:sim_time:12.0_obsid:welopt-ly3_variable:o0,0.0,0.0,conc,,,welopt-ly3,conc,lst,12.0,sim,o0,
oname:conc_otype:lst_usecol:sim_time:12.0_obsid:welopt-ly3_variable:ph,6.67491,0.0,conc,,,welopt-ly3,conc,lst,12.0,sim,ph,
oname:conc_otype:lst_usecol:sim_time:12.0_obsid:welopt-ly3_variable:so4,5.51187e-05,0.0,conc,,,welopt-ly3,conc,lst,12.0,sim,so4,
oname:conc_otype:lst_usecol:sim_time:12.0_obsid:wp1-f3_variable:o0,2.40409e-32,0.0,conc,,,wp1-f3,conc,lst,12.0,sim,o0,0.000326190128606
oname:conc_otype:lst_usecol:sim_time:12.0_obsid:wp1-f3_variable:ph,6.52894,0.6131393394849658,conc,,,wp1-f3,conc,lst,12.0,sim,ph,1.6309506430300091
oname:conc_otype:lst_usecol:sim_time:12.0_obsid:wp1-f3_variable:so4,0.000268222,1226.2786789699317,conc,,,wp1-f3,conc,lst,12.0,sim,so4,0.000815475321515
oname:conc_otype:lst_usecol:sim_time:12.0_obsid:wp4-f5_variable:o0,0.0,0.0,conc,,,wp4-f5,conc,lst,12.0,sim,o0,0.0003181194744117
oname:conc_otype:lst_usecol:sim_time:12.0_obsid:wp4-f5_variable:ph,6.67491,0.6286946134619315,conc,,,wp4-f5,conc,lst,12.0,sim,ph,1.5905973720586868
oname:conc_otype:lst_usecol:sim_time:12.0_obsid:wp4-f5_variable:so4,5.51188e-05,1257.389226923863,conc,,,wp4-f5,conc,lst,12.0,sim,so4,0.0007952986860293
oname:conc_otype:lst_usecol:sim_time:120.0_obsid:welopt-ly3_variable:o0,0.0,0.0,conc,,,welopt-ly3,conc,lst,120.0,sim,o0,
oname:conc_otype:lst_usecol:sim_time:120.0_obsid:welopt-ly3_variable:ph,6.67491,0.0,conc,,,welopt-ly3,conc,lst,120.0,sim,ph,
oname:conc_otype:lst_usecol:sim_time:120.0_obsid:welopt-ly3_variable:so4,5.51324e-05,0.0,conc,,,welopt-ly3,conc,lst,120.0,sim,so4,
oname:conc_otype:lst_usecol:sim_time:120.0_obsid:wp1-f3_variable:o0,4.0187e-10,3065.696697424829,conc,,,wp1-f3,conc,lst,120.0,sim,o0,0.000326190128606
oname:conc_otype:lst_usecol:sim_time:120.0_obsid:wp1-f3_variable:ph,6.66373,0.6131393394849658,conc,,,wp1-f3,conc,lst,120.0,sim,ph,1.6309506430300091
oname:conc_otype:lst_usecol:sim_time:120.0_obsid:wp1-f3_variable:so4,0.000777873,1104.8268329470006,conc,,,wp1-f3,conc,lst,120.0,sim,so4,0.0009051192188486
oname:conc_otype:lst_usecol:sim_time:120.0_obsid:wp4-f5_variable:o0,1.83156e-33,3143.4730673096574,conc,,,wp4-f5,conc,lst,120.0,sim,o0,0.0003181194744117
oname:conc_otype:lst_usecol:sim_time:120.0_obsid:wp4-f5_variable:ph,6.49684,0.6286946134619315,conc,,,wp4-f5,conc,lst,120.0,sim,ph,1.5905973720586868
oname:conc_otype:lst_usecol:sim_time:120.0_obsid:wp4-f5_variable:so4,0.00065194,1050.0439737230072,conc,,,wp4-f5,conc,lst,120.0,sim,so4,0.0009523410685882
oname:conc_otype:lst_usecol:sim_time:121.0_obsid:welopt-ly3_variable:o0,0.0,0.0,conc,,,welopt-ly3,conc,lst,121.0,sim,o0,
oname:conc_otype:lst_usecol:sim_time:121.0_obsid:welopt-ly3_variable:ph,6.67491,0.0,conc,,,welopt-ly3,conc,lst,121.0,sim,ph,
oname:conc_otype:lst_usecol:sim_time:121.0_obsid:welopt-ly3_variable:so4,5.51486e-05,0.0,conc,,,welopt-ly3,conc,lst,121.0,sim,so4,
oname:conc_otype:lst_usecol:sim_time:121.0_obsid:wp1-f3_variable:o0,4.04379e-10,3065.696697424829,conc,,,wp1-f3,conc,lst,121.0,sim,o0,0.000326190128606
oname:conc_otype:lst_usecol:sim_time:121.0_obsid:wp1-f3_variable:ph,6.65195,0.6131393394849658,conc,,,wp1-f3,conc,lst,121.0,sim,ph,1.6309506430300091
oname:conc_otype:lst_usecol:sim_time:121.0_obsid:wp1-f3_variable:so4,0.000775364,1084.455152379017,conc,,,wp1-f3,conc,lst,121.0,sim,so4,0.0009221220423972
oname:conc_otype:lst_usecol:sim_time:121.0_obsid:wp4-f5_variable:o0,2.46626e-33,3143.4730673096574,conc,,,wp4-f5,conc,lst,121.0,sim,o0,0.0003181194744117
oname:conc_otype:lst_usecol:sim_time:121.0_obsid:wp4-f5_variable:ph,6.48037,0.6286946134619315,conc,,,wp4-f5,conc,lst,121.0,sim,ph,1.5905973720586868
oname:conc_otype:lst_usecol:sim_time:121.0_obsid:wp4-f5_variable:so4,0.000703383,1056.986490836875,conc,,,wp4-f5,conc,lst,121.0,sim,so4,0.0009460858853628
oname:conc_otype:lst_usecol:sim_time:122.0_obsid:welopt-ly3_variable:o0,0.0,0.0,conc,,,welopt-ly3,conc,lst,122.0,sim,o0,
oname:conc_otype:lst_usecol:sim_time:122.0_obsid:welopt-ly3_variable:ph,6.67491,0.0,conc,,,welopt-ly3,conc,lst,122.0,sim,ph,
oname:conc_otype:lst_usecol:sim_time:122.0_obsid:welopt-ly3_variable:so4,5.51486e-05,0.0,conc,,,welopt-ly3,conc,lst,122.0,sim,so4,
oname:conc_otype:lst_usecol:sim_time:122.0_obsid:wp1-f3_variable:o0,4.04379e-10,3065.696697424829,conc,,,wp1-f3,conc,lst,122.0,sim,o0,0.000326190128606
oname:conc_otype:lst_usecol:sim_time:122.0_obsid:wp1-f3_variable:ph,6.65195,0.6131393394849658,conc,,,wp1-f3,conc,lst,122.0,sim,ph,1.6309506430300091
oname:conc_otype:lst_usecol:sim_time:122.0_obsid:wp1-f3_variable:so4,0.000775364,1084.455152379017,conc,,,wp1-f3,conc,lst,122.0,sim,so4,0.0009221220423972
oname:conc_otype:lst_usecol:sim_time:122.0_obsid:wp4-f5_variable:o0,2.46626e-33,3143.4730673096574,conc,,,wp4-f5,conc,lst,122.0,sim,o0,0.0003181194744117
oname:conc_otype:lst_usecol:sim_time:122.0_obsid:wp4-f5_variable:ph,6.48037,0.6286946134619315,conc,,,wp4-f5,conc,lst,122.0,sim,ph,1.5905973720586868
oname:conc_otype:lst_usecol:sim_time:122.0_obsid:wp4-f5_variable:so4,0.000703383,1056.986490836875,conc,,,wp4-f5,conc,lst,122.0,sim,so4,0.0009460858853628
oname:conc_otype:lst_usecol:sim_time:123.0_obsid:welopt-ly3_variable:o0,0.0,0.0,conc,,,welopt-ly3,conc,lst,123.0,sim,o0,
oname:conc_otype:lst_usecol:sim_time:123.0_obsid:welopt-ly3_variable:ph,6.67491,0.0,conc,,,welopt-ly3,conc,lst,123.0,sim,ph,
oname:conc_otype:lst_usecol:sim_time:123.0_obsid:welopt-ly3_variable:so4,5.51486e-05,0.0,conc,,,welopt-ly3,conc,lst,123.0,sim,so4,
oname:conc_otype:lst_usecol:sim_time:123.0_obsid:wp1-f3_variable:o0,4.04379e-10,3065.696697424829,conc,,,wp1-f3,conc,lst,123.0,sim,o0,0.000326190128606
oname:conc_otype:lst_usecol:sim_time:123.0_obsid:wp1-f3_variable:ph,6.65195,0.6131393394849658,conc,,,wp1-f3,conc,lst,123.0,sim,ph,1.6309506430300091
oname:conc_otype:lst_usecol:sim_time:123.0_obsid:wp1-f3_variable:so4,0.000775364,1084.455152379017,conc,,,wp1-f3,conc,lst,123.0,sim,so4,0.0009221220423972
oname:conc_otype:lst_usecol:sim_time:123.0_obsid:wp4-f5_variable:o0,2.46626e-33,3143.4730673096574,conc,,,wp4-f5,conc,lst,123.0,sim,o0,0.0003181194744117
oname:conc_otype:lst_usecol:sim_time:123.0_obsid:wp4-f5_variable:ph,6.48037,0.6286946134619315,conc,,,wp4-f5,conc,lst,123.0,sim,ph,1.5905973720586868
oname:conc_otype:lst_usecol:sim_time:123.0_obsid:wp4-f5_variable:so4,0.000703383,1056.986490836875,conc,,,wp4-f5,conc,lst,123.0,sim,so4,0.0009460858853628
oname:conc_otype:lst_usecol:sim_time:124.0_obsid:welopt-ly3_variable:o0,0.0,0.0,conc,,,welopt-ly3,conc,lst,124.0,sim,o0,
oname:conc_otype:lst_usecol:sim_time:124.0_obsid:welopt-ly3_variable:ph,6.67491,0.0,conc,,,welopt-ly3,conc,lst,124.0,sim,ph,
oname:conc_otype:lst_usecol:sim_time:124.0_obsid:welopt-ly3_variable:so4,5.51486e-05,0.0,conc,,,welopt-ly3,conc,lst,124.0,sim,so4,
oname:conc_otype:lst_usecol:sim_time:124.0_obsid:wp1-f3_variable:o0,4.04379e-10,3065.696697424829,conc,,,wp1-f3,conc,lst,124.0,sim,o0,0.000326190128606
oname:conc_otype:lst_usecol:sim_time:124.0_obsid:wp1-f3_variable:ph,6.65195,0.6131393394849658,conc,,,wp1-f3,conc,lst,124.0,sim,ph,1.6309506430300091
oname:conc_otype:lst_usecol:sim_time:124.0_obsid:wp1-f3_variable:so4,0.000775364,1084.455152379017,conc,,,wp1-f3,conc,lst,124.0,sim,so4,0.0009221220423972
oname:conc_otype:lst_usecol:sim_time:124.0_obsid:wp4-f5_variable:o0,2.46626e-33,3143.4730673096574,conc,,,wp4-f5,conc,lst,124.0,sim,o0,0.0003181194744117
oname:conc_otype:lst_usecol:sim_time:124.0_obsid:wp4-f5_variable:ph,6.48037,0.6286946134619315,conc,,,wp4-f5,conc,lst,124.0,sim,ph,1.5905973720586868
oname:conc_otype:lst_usecol:sim_time:124.0_obsid:wp4-f5_variable:so4,0.000703383,1056.986490836875,conc,,,wp4-f5,conc,lst,124.0,sim,so4,0.0009460858853628
oname:conc_otype:lst_usecol:sim_time:125.0_obsid:welopt-ly3_variable:o0,0.0,0.0,conc,,,welopt-ly3,conc,lst,125.0,sim,o0,
oname:conc_otype:lst_usecol:sim_time:125.0_obsid:welopt-ly3_variable:ph,6.67491,0.0,conc,,,welopt-ly3,conc,lst,125.0,sim,ph,
oname:conc_otype:lst_usecol:sim_time:125.0_obsid:welopt-ly3_variable:so4,5.51486e-05,0.0,conc,,,welopt-ly3,conc,lst,125.0,sim,so4,
oname:conc_otype:lst_usecol:sim_time:125.0_obsid:wp1-f3_variable:o0,4.04379e-10,3065.696697424829,conc,,,wp1-f3,conc,lst,125.0,sim,o0,0.000326190128606
oname:conc_otype:lst_usecol:sim_time:125.0_obsid:wp1-f3_variable:ph,6.65195,0.6131393394849658,conc,,,wp1-f3,conc,lst,125.0,sim,ph,1.6309506430300091
oname:conc_otype:lst_usecol:sim_time:125.0_obsid:wp1-f3_variable:so4,0.000775364,1084.455152379017,conc,,,wp1-f3,conc,lst,125.0,sim,so4,0.0009221220423972
oname:conc_otype:lst_usecol:sim_time:125.0_obsid:wp4-f5_variable:o0,2.46626e-33,3143.4730673096574,conc,,,wp4-f5,conc,lst,125.0,sim,o0,0.0003181194744117
oname:conc_otype:lst_usecol:sim_time:125.0_obsid:wp4-f5_variable:ph,6.48037,0.6286946134619315,conc,,,wp4-f5,conc,lst,125.0,sim,ph,1.5905973720586868
oname:conc_otype:lst_usecol:sim_time:125.0_obsid:wp4-f5_variable:so4,0.000703383,1056.986490836875,conc,,,wp4-f5,conc,lst,125.0,sim,so4,0.0009460858853628
oname:conc_otype:lst_usecol:sim_time:126.0_obsid:welopt-ly3_variable:o0,0.0,0.0,conc,,,welopt-ly3,conc,lst,126.0,sim,o0,
oname:conc_otype:lst_usecol:sim_time:126.0_obsid:welopt-ly3_variable:ph,6.67491,0.0,conc,,,welopt-ly3,conc,lst,126.0,sim,ph,
oname:conc_otype:lst_usecol:sim_time:126.0_obsid:welopt-ly3_variable:so4,5.51486e-05,0.0,conc,,,welopt-ly3,conc,lst,126.0,sim,so4,
oname:conc_otype:lst_usecol:sim_time:126.0_obsid:wp1-f3_variable:o0,4.04379e-10,3065.696697424829,conc,,,wp1-f3,conc,lst,126.0,sim,o0,0.000326190128606
oname:conc_otype:lst_usecol:sim_time:126.0_obsid:wp1-f3_variable:ph,6.65195,0.6131393394849658,conc,,,wp1-f3,conc,lst,126.0,sim,ph,1.6309506430300091
oname:conc_otype:lst_usecol:sim_time:126.0_obsid:wp1-f3_variable:so4,0.000775364,1084.455152379017,conc,,,wp1-f3,conc,lst,126.0,sim,so4,0.0009221220423972
oname:conc_otype:lst_usecol:sim_time:126.0_obsid:wp4-f5_variable:o0,2.46626e-33,3143.4730673096574,conc,,,wp4-f5,conc,lst,126.0,sim,o0,0.0003181194744117
oname:conc_otype:lst_usecol:sim_time:126.0_obsid:wp4-f5_variable:ph,6.48037,0.6286946134619315,conc,,,wp4-f5,conc,lst,126.0,sim,ph,1.5905973720586868
oname:conc_otype:lst_usecol:sim_time:126.0_obsid:wp4-f5_variable:so4,0.000703383,1056.986490836875,conc,,,wp4-f5,conc,lst,126.0,sim,so4,0.0009460858853628
oname:conc_otype:lst_usecol:sim_time:127.0_obsid:welopt-ly3_variable:o0,0.0,0.0,conc,,,welopt-ly3,conc,lst,127.0,sim,o0,
oname:conc_otype:lst_usecol:sim_time:127.0_obsid:welopt-ly3_variable:ph,6.67491,0.0,conc,,,welopt-ly3,conc,lst,127.0,sim,ph,
oname:conc_otype:lst_usecol:sim_time:127.0_obsid:welopt-ly3_variable:so4,5.51486e-05,0.0,conc,,,welopt-ly3,conc,lst,127.0,sim,so4,
oname:conc_otype:lst_usecol:sim_time:127.0_obsid:wp1-f3_variable:o0,4.04379e-10,3065.696697424829,conc,,,wp1-f3,conc,lst,127.0,sim,o0,0.000326190128606
oname:conc_otype:lst_usecol:sim_time:127.0_obsid:wp1-f3_variable:ph,6.65195,0.6131393394849658,conc,,,wp1-f3,conc,lst,127.0,sim,ph,1.6309506430300091
oname:conc_otype:lst_usecol:sim_time:127.0_obsid:wp1-f3_variable:so4,0.000775364,1084.455152379017,conc,,,wp1-f3,conc,lst,127.0,sim,so4,0.0009221220423972
oname:conc_otype:lst_usecol:sim_time:127.0_obsid:wp4-f5_variable:o0,2.46626e-33,3143.4730673096574,conc,,,wp4-f5,conc,lst,127.0,sim,o0,0.0003181194744117
oname:conc_otype:lst_usecol:sim_time:127.0_obsid:wp4-f5_variable:ph,6.48037,0.6286946134619315,conc,,,wp4-f5,conc,lst,127.0,sim,ph,1.5905973720586868
oname:conc_otype:lst_usecol:sim_time:127.0_obsid:wp4-f5_variable:so4,0.000703383,1056.986490836875,conc,,,wp4-f5,conc,lst,127.0,sim,so4,0.0009460858853628
oname:conc_otype:lst_usecol:sim_time:128.0_obsid:welopt-ly3_variable:o0,0.0,0.0,conc,,,welopt-ly3,conc,lst,128.0,sim,o0,
oname:conc_otype:lst_usecol:sim_time:128.0_obsid:welopt-ly3_variable:ph,6.67491,0.0,conc,,,welopt-ly3,conc,lst,128.0,sim,ph,
oname:conc_otype:lst_usecol:sim_time:128.0_obsid:welopt-ly3_variable:so4,5.51687e-05,0.0,conc,,,welopt-ly3,conc,lst,128.0,sim,so4,
oname:conc_otype:lst_usecol:sim_time:128.0_obsid:wp1-f3_variable:o0,4.36201e-10,3065.696697424829,conc,,,wp1-f3,conc,lst,128.0,sim,o0,0.000326190128606
oname:conc_otype:lst_usecol:sim_time:128.0_obsid:wp1-f3_variable:ph,6.64145,0.6131393394849658,conc,,,wp1-f3,conc,lst,128.0,sim,ph,1.6309506430300091
oname:conc_otype:lst_usecol:sim_time:128.0_obsid:wp1-f3_variable:so4,0.000768191,1072.8105544154682,conc,,,wp1-f3,conc,lst,128.0,sim,so4,0.0009321310233984
oname:conc_otype:lst_usecol:sim_time:128.0_obsid:wp4-f5_variable:o0,4.4201800000000004e-33,3143.4730673096574,conc,,,wp4-f5,conc,lst,128.0,sim,o0,0.0003181194744117
oname:conc_otype:lst_usecol:sim_time:128.0_obsid:wp4-f5_variable:ph,6.45053,0.6286946134619315,conc,,,wp4-f5,conc,lst,128.0,sim,ph,1.5905973720586868
oname:conc_otype:lst_usecol:sim_time:128.0_obsid:wp4-f5_variable:so4,0.000747929,1066.5827012645932,conc,,,wp4-f5,conc,lst,128.0,sim,so4,0.0009375738035262
oname:conc_otype:lst_usecol:sim_time:129.0_obsid:welopt-ly3_variable:o0,0.0,0.0,conc,,,welopt-ly3,conc,lst,129.0,sim,o0,
oname:conc_otype:lst_usecol:sim_time:129.0_obsid:welopt-ly3_variable:ph,6.67491,0.0,conc,,,welopt-ly3,conc,lst,129.0,sim,ph,
oname:conc_otype:lst_usecol:sim_time:129.0_obsid:welopt-ly3_variable:so4,5.51687e-05,0.0,conc,,,welopt-ly3,conc,lst,129.0,sim,so4,
oname:conc_otype:lst_usecol:sim_time:129.0_obsid:wp1-f3_variable:o0,4.36201e-10,3065.696697424829,conc,,,wp1-f3,conc,lst,129.0,sim,o0,0.000326190128606
oname:conc_otype:lst_usecol:sim_time:129.0_obsid:wp1-f3_variable:ph,6.64145,0.6131393394849658,conc,,,wp1-f3,conc,lst,129.0,sim,ph,1.6309506430300091
oname:conc_otype:lst_usecol:sim_time:129.0_obsid:wp1-f3_variable:so4,0.000768191,1072.8105544154682,conc,,,wp1-f3,conc,lst,129.0,sim,so4,0.0009321310233984
oname:conc_otype:lst_usecol:sim_time:129.0_obsid:wp4-f5_variable:o0,4.4201800000000004e-33,3143.4730673096574,conc,,,wp4-f5,conc,lst,129.0,sim,o0,0.0003181194744117
oname:conc_otype:lst_usecol:sim_time:129.0_obsid:wp4-f5_variable:ph,6.45053,0.6286946134619315,conc,,,wp4-f5,conc,lst,129.0,sim,ph,1.5905973720586868
oname:conc_otype:lst_usecol:sim_time:129.0_obsid:wp4-f5_variable:so4,0.000747929,1066.5827012645932,conc,,,wp4-f5,conc,lst,129.0,sim,so4,0.0009375738035262
oname:conc_otype:lst_usecol:sim_time:13.0_obsid:welopt-ly3_variable:o0,0.0,0.0,conc,,,welopt-ly3,conc,lst,13.0,sim,o0,
oname:conc_otype:lst_usecol:sim_time:13.0_obsid:welopt-ly3_variable:ph,6.67491,0.0,conc,,,welopt-ly3,conc,lst,13.0,sim,ph,
oname:conc_otype:lst_usecol:sim_time:13.0_obsid:welopt-ly3_variable:so4,5.51187e-05,0.0,conc,,,welopt-ly3,conc,lst,13.0,sim,so4,
oname:conc_otype:lst_usecol:sim_time:13.0_obsid:wp1-f3_variable:o0,2.40409e-32,0.0,conc,,,wp1-f3,conc,lst,13.0,sim,o0,0.000326190128606
oname:conc_otype:lst_usecol:sim_time:13.0_obsid:wp1-f3_variable:ph,6.52894,0.6131393394849658,conc,,,wp1-f3,conc,lst,13.0,sim,ph,1.6309506430300091
oname:conc_otype:lst_usecol:sim_time:13.0_obsid:wp1-f3_variable:so4,0.000268222,1226.2786789699317,conc,,,wp1-f3,conc,lst,13.0,sim,so4,0.000815475321515
oname:conc_otype:lst_usecol:sim_time:13.0_obsid:wp4-f5_variable:o0,0.0,0.0,conc,,,wp4-f5,conc,lst,13.0,sim,o0,0.0003181194744117
oname:conc_otype:lst_usecol:sim_time:13.0_obsid:wp4-f5_variable:ph,6.67491,0.6286946134619315,conc,,,wp4-f5,conc,lst,13.0,sim,ph,1.5905973720586868
oname:conc_otype:lst_usecol:sim_time:13.0_obsid:wp4-f5_variable:so4,5.51188e-05,1257.389226923863,conc,,,wp4-f5,conc,lst,13.0,sim,so4,0.0007952986860293
oname:conc_otype:lst_usecol:sim_time:130.0_obsid:welopt-ly3_variable:o0,0.0,0.0,conc,,,welopt-ly3,conc,lst,130.0,sim,o0,
oname:conc_otype:lst_usecol:sim_time:130.0_obsid:welopt-ly3_variable:ph,6.67491,0.0,conc,,,welopt-ly3,conc,lst,130.0,sim,ph,
oname:conc_otype:lst_usecol:sim_time:130.0_obsid:welopt-ly3_variable:so4,5.51687e-05,0.0,conc,,,welopt-ly3,conc,lst,130.0,sim,so4,
oname:conc_otype:lst_usecol:sim_time:130.0_obsid:wp1-f3_variable:o0,4.36201e-10,3065.696697424829,conc,,,wp1-f3,conc,lst,130.0,sim,o0,0.000326190128606
oname:conc_otype:lst_usecol:sim_time:130.0_obsid:wp1-f3_variable:ph,6.64145,0.6131393394849658,conc,,,wp1-f3,conc,lst,130.0,sim,ph,1.6309506430300091
oname:conc_otype:lst_usecol:sim_time:130.0_obsid:wp1-f3_variable:so4,0.000768191,1072.8105544154682,conc,,,wp1-f3,conc,lst,130.0,sim,so4,0.0009321310233984
oname:conc_otype:lst_usecol:sim_time:130.0_obsid:wp4-f5_variable:o0,4.4201800000000004e-33,3143.4730673096574,conc,,,wp4-f5,conc,lst,130.0,sim,o0,0.0003181194744117
oname:conc_otype:lst_usecol:sim_time:130.0_obsid:wp4-f5_variable:ph,6.45053,0.6286946134619315,conc,,,wp4-f5,conc,lst,130.0,sim,ph,1.5905973720586868
oname:conc_otype:lst_usecol:sim_time:130.0_obsid:wp4-f5_variable:so4,0.000747929,1066.5827012645932,conc,,,wp4-f5,conc,lst,130.0,sim,so4,0.0009375738035262
oname:conc_otype:lst_usecol:sim_time:131.0_obsid:welopt-ly3_variable:o0,0.0,0.0,conc,,,welopt-ly3,conc,lst,131.0,sim,o0,
oname:conc_otype:lst_usecol:sim_time:131.0_obsid:welopt-ly3_variable:ph,6.67491,0.0,conc,,,welopt-ly3,conc,lst,131.0,sim,ph,
oname:conc_otype:lst_usecol:sim_time:131.0_obsid:welopt-ly3_variable:so4,5.51687e-05,0.0,conc,,,welopt-ly3,conc,lst,131.0,sim,so4,
oname:conc_otype:lst_usecol:sim_time:131.0_obsid:wp1-f3_variable:o0,4.36201e-10,3065.696697424829,conc,,,wp1-f3,conc,lst,131.0,sim,o0,0.000326190128606
oname:conc_otype:lst_usecol:sim_time:131.0_obsid:wp1-f3_variable:ph,6.64145,0.6131393394849658,conc,,,wp1-f3,conc,lst,131.0,sim,ph,1.6309506430300091
oname:conc_otype:lst_usecol:sim_time:131.0_obsid:wp1-f3_variable:so4,0.000768191,1072.8105544154682,conc,,,wp1-f3,conc,lst,131.0,sim,so4,0.0009321310233984
oname:conc_otype:lst_usecol:sim_time:131.0_obsid:wp4-f5_variable:o0,4.4201800000000004e-33,3143.4730673096574,conc,,,wp4-f5,conc,lst,131.0,sim,o0,0.0003181194744117
oname:conc_otype:lst_usecol:sim_time:131.0_obsid:wp4-f5_variable:ph,6.45053,0.6286946134619315,conc,,,wp4-f5,conc,lst,131.0,sim,ph,1.5905973720586868
oname:conc_otype:lst_usecol:sim_time:131.0_obsid:wp4-f5_variable:so4,0.000747929,1066.5827012645932,conc,,,wp4-f5,conc,lst,131.0,sim,so4,0.0009375738035262
oname:conc_otype:lst_usecol:sim_time:132.0_obsid:welopt-ly3_variable:o0,0.0,0.0,conc,,,welopt-ly3,conc,lst,132.0,sim,o0,
oname:conc_otype:lst_usecol:sim_time:132.0_obsid:welopt-ly3_variable:ph,6.67491,0.0,conc,,,welopt-ly3,conc,lst,132.0,sim,ph,
oname:conc_otype:lst_usecol:sim_time:132.0_obsid:welopt-ly3_variable:so4,5.51687e-05,0.0,conc,,,welopt-ly3,conc,lst,132.0,sim,so4,
oname:conc_otype:lst_usecol:sim_time:132.0_obsid:wp1-f3_variable:o0,4.36201e-10,3065.696697424829,conc,,,wp1-f3,conc,lst,132.0,sim,o0,0.000326190128606
oname:conc_otype:lst_usecol:sim_time:132.0_obsid:wp1-f3_variable:ph,6.64145,0.6131393394849658,conc,,,wp1-f3,conc,lst,132.0,sim,ph,1.6309506430300091
oname:conc_otype:lst_usecol:sim_time:132.0_obsid:wp1-f3_variable:so4,0.000768191,1072.8105544154682,conc,,,wp1-f3,conc,lst,132.0,sim,so4,0.0009321310233984
oname:conc_otype:lst_usecol:sim_time:132.0_obsid:wp4-f5_variable:o0,4.4201800000000004e-33,3143.4730673096574,conc,,,wp4-f5,conc,lst,132.0,sim,o0,0.0003181194744117
oname:conc_otype:lst_usecol:sim_time:132.0_obsid:wp4-f5_variable:ph,6.45053,0.6286946134619315,conc,,,wp4-f5,conc,lst,132.0,sim,ph,1.5905973720586868
oname:conc_otype:lst_usecol:sim_time:132.0_obsid:wp4-f5_variable:so4,0.000747929,1066.5827012645932,conc,,,wp4-f5,conc,lst,132.0,sim,so4,0.0009375738035262
oname:conc_otype:lst_usecol:sim_time:133.0_obsid:welopt-ly3_variable:o0,0.0,0.0,conc,,,welopt-ly3,conc,lst,133.0,sim,o0,
oname:conc_otype:lst_usecol:sim_time:133.0_obsid:welopt-ly3_variable:ph,6.67491,0.0,conc,,,welopt-ly3,conc,lst,133.0,sim,ph,
oname:conc_otype:lst_usecol:sim_time:133.0_obsid:welopt-ly3_variable:so4,5.51687e-05,0.0,conc,,,welopt-ly3,conc,lst,133.0,sim,so4,
oname:conc_otype:lst_usecol:sim_time:133.0_obsid:wp1-f3_variable:o0,4.36201e-10,3065.696697424829,conc,,,wp1-f3,conc,lst,133.0,sim,o0,0.000326190128606
oname:conc_otype:lst_usecol:sim_time:133.0_obsid:wp1-f3_variable:ph,6.64145,0.6131393394849658,conc,,,wp1-f3,conc,lst,133.0,sim,ph,1.6309506430300091
oname:conc_otype:lst_usecol:sim_time:133.0_obsid:wp1-f3_variable:so4,0.000768191,1072.8105544154682,conc,,,wp1-f3,conc,lst,133.0,sim,so4,0.0009321310233984
oname:conc_otype:lst_usecol:sim_time:133.0_obsid:wp4-f5_variable:o0,4.4201800000000004e-33,3143.4730673096574,conc,,,wp4-f5,conc,lst,133.0,sim,o0,0.0003181194744117
oname:conc_otype:lst_usecol:sim_time:133.0_obsid:wp4-f5_variable:ph,6.45053,0.6286946134619315,conc,,,wp4-f5,conc,lst,133.0,sim,ph,1.5905973720586868
oname:conc_otype:lst_usecol:sim_time:133.0_obsid:wp4-f5_variable:so4,0.000747929,1066.5827012645932,conc,,,wp4-f5,conc,lst,133.0,sim,so4,0.0009375738035262
oname:conc_otype:lst_usecol:sim_time:134.0_obsid:welopt-ly3_variable:o0,0.0,0.0,conc,,,welopt-ly3,conc,lst,134.0,sim,o0,
oname:conc_otype:lst_usecol:sim_time:134.0_obsid:welopt-ly3_variable:ph,6.67491,0.0,conc,,,welopt-ly3,conc,lst,134.0,sim,ph,
oname:conc_otype:lst_usecol:sim_time:134.0_obsid:welopt-ly3_variable:so4,5.51687e-05,0.0,conc,,,welopt-ly3,conc,lst,134.0,sim,so4,
oname:conc_otype:lst_usecol:sim_time:134.0_obsid:wp1-f3_variable:o0,4.36201e-10,3065.696697424829,conc,,,wp1-f3,conc,lst,134.0,sim,o0,0.000326190128606
oname:conc_otype:lst_usecol:sim_time:134.0_obsid:wp1-f3_variable:ph,6.64145,0.6131393394849658,conc,,,wp1-f3,conc,lst,134.0,sim,ph,1.6309506430300091
oname:conc_otype:lst_usecol:sim_time:134.0_obsid:wp1-f3_variable:so4,0.000768191,1072.8105544154682,conc,,,wp1-f3,conc,lst,134.0,sim,so4,0.0009321310233984
oname:conc_otype:lst_usecol:sim_time:134.0_obsid:wp4-f5_variable:o0,4.4201800000000004e-33,3143.4730673096574,conc,,,wp4-f5,conc,lst,134.0,sim,o0,0.0003181194744117
oname:conc_otype:lst_usecol:sim_time:134.0_obsid:wp4-f5_variable:ph,6.45053,0.6286946134619315,conc,,,wp4-f5,conc,lst,134.0,sim,ph,1.5905973720586868
oname:conc_otype:lst_usecol:sim_time:134.0_obsid:wp4-f5_variable:so4,0.000747929,1066.5827012645932,conc,,,wp4-f5,conc,lst,134.0,sim,so4,0.0009375738035262
oname:conc_otype:lst_usecol:sim_time:135.0_obsid:welopt-ly3_variable:o0,0.0,0.0,conc,,,welopt-ly3,conc,lst,135.0,sim,o0,
oname:conc_otype:lst_usecol:sim_time:135.0_obsid:welopt-ly3_variable:ph,6.67491,0.0,conc,,,welopt-ly3,conc,lst,135.0,sim,ph,
oname:conc_otype:lst_usecol:sim_time:135.0_obsid:welopt-ly3_variable:so4,5.5193e-05,0.0,conc,,,welopt-ly3,conc,lst,135.0,sim,so4,
oname:conc_otype:lst_usecol:sim_time:135.0_obsid:wp1-f3_variable:o0,5.78338e-10,3065.696697424829,conc,,,wp1-f3,conc,lst,135.0,sim,o0,0.000326190128606
oname:conc_otype:lst_usecol:sim_time:135.0_obsid:wp1-f3_variable:ph,6.62196,0.6131393394849658,conc,,,wp1-f3,conc,lst,135.0,sim,ph,1.6309506430300091
oname:conc_otype:lst_usecol:sim_time:135.0_obsid:wp1-f3_variable:so4,0.000753393,1067.2733125073166,conc,,,wp1-f3,conc,lst,135.0,sim,so4,0.0009369671182452
oname:conc_otype:lst_usecol:sim_time:135.0_obsid:wp4-f5_variable:o0,7.298530000000001e-33,3143.4730673096574,conc,,,wp4-f5,conc,lst,135.0,sim,o0,0.0003181194744117
oname:conc_otype:lst_usecol:sim_time:135.0_obsid:wp4-f5_variable:ph,6.42374,0.6286946134619315,conc,,,wp4-f5,conc,lst,135.0,sim,ph,1.5905973720586868
oname:conc_otype:lst_usecol:sim_time:135.0_obsid:wp4-f5_variable:so4,0.000785024,1078.8099347147631,conc,,,wp4-f5,conc,lst,135.0,sim,so4,0.000926947340603
oname:conc_otype:lst_usecol:sim_time:136.0_obsid:welopt-ly3_variable:o0,0.0,0.0,conc,,,welopt-ly3,conc,lst,136.0,sim,o0,
oname:conc_otype:lst_usecol:sim_time:136.0_obsid:welopt-ly3_variable:ph,6.67491,0.0,conc,,,welopt-ly3,conc,lst,136.0,sim,ph,
oname:conc_otype:lst_usecol:sim_time:136.0_obsid:welopt-ly3_variable:so4,5.5193e-05,0.0,conc,,,welopt-ly3,conc,lst,136.0,sim,so4,
oname:conc_otype:lst_usecol:sim_time:136.0_obsid:wp1-f3_variable:o0,5.78338e-10,3065.696697424829,conc,,,wp1-f3,conc,lst,136.0,sim,o0,0.000326190128606
oname:conc_otype:lst_usecol:sim_time:136.0_obsid:wp1-f3_variable:ph,6.62196,0.6131393394849658,conc,,,wp1-f3,conc,lst,136.0,sim,ph,1.6309506430300091
oname:conc_otype:lst_usecol:sim_time:136.0_obsid:wp1-f3_variable:so4,0.000753393,1067.2733125073166,conc,,,wp1-f3,conc,lst,136.0,sim,so4,0.0009369671182452
oname:conc_otype:lst_usecol:sim_time:136.0_obsid:wp4-f5_variable:o0,7.298530000000001e-33,3143.4730673096574,conc,,,wp4-f5,conc,lst,136.0,sim,o0,0.0003181194744117
oname:conc_otype:lst_usecol:sim_time:136.0_obsid:wp4-f5_variable:ph,6.42374,0.6286946134619315,conc,,,wp4-f5,conc,lst,136.0,sim,ph,1.5905973720586868
oname:conc_otype:lst_usecol:sim_time:136.0_obsid:wp4-f5_variable:so4,0.000785024,1078.8099347147631,conc,,,wp4-f5,conc,lst,136.0,sim,so4,0.000926947340603
oname:conc_otype:lst_usecol:sim_time:137.0_obsid:welopt-ly3_variable:o0,0.0,0.0,conc,,,welopt-ly3,conc,lst,137.0,sim,o0,
oname:conc_otype:lst_usecol:sim_time:137.0_obsid:welopt-ly3_variable:ph,6.67491,0.0,conc,,,welopt-ly3,conc,lst,137.0,sim,ph,
oname:conc_otype:lst_usecol:sim_time:137.0_obsid:welopt-ly3_variable:so4,5.5193e-05,0.0,conc,,,welopt-ly3,conc,lst,137.0,sim,so4,
oname:conc_otype:lst_usecol:sim_time:137.0_obsid:wp1-f3_variable:o0,5.78338e-10,3065.696697424829,conc,,,wp1-f3,conc,lst,137.0,sim,o0,0.000326190128606
oname:conc_otype:lst_usecol:sim_time:137.0_obsid:wp1-f3_variable:ph,6.62196,0.6131393394849658,conc,,,wp1-f3,conc,lst,137.0,sim,ph,1.6309506430300091
oname:conc_otype:lst_usecol:sim_time:137.0_obsid:wp1-f3_variable:so4,0.000753393,1067.2733125073166,conc,,,wp1-f3,conc,lst,137.0,sim,so4,0.0009369671182452
oname:conc_otype:lst_usecol:sim_time:137.0_obsid:wp4-f5_variable:o0,7.298530000000001e-33,3143.4730673096574,conc,,,wp4-f5,conc,lst,137.0,sim,o0,0.0003181194744117
oname:conc_otype:lst_usecol:sim_time:137.0_obsid:wp4-f5_variable:ph,6.42374,0.6286946134619315,conc,,,wp4-f5,conc,lst,137.0,sim,ph,1.5905973720586868
oname:conc_otype:lst_usecol:sim_time:137.0_obsid:wp4-f5_variable:so4,0.000785024,1078.8099347147631,conc,,,wp4-f5,conc,lst,137.0,sim,so4,0.000926947340603
oname:conc_otype:lst_usecol:sim_time:138.0_obsid:welopt-ly3_variable:o0,0.0,0.0,conc,,,welopt-ly3,conc,lst,138.0,sim,o0,
oname:conc_otype:lst_usecol:sim_time:138.0_obsid:welopt-ly3_variable:ph,6.67491,0.0,conc,,,welopt-ly3,conc,lst,138.0,sim,ph,
oname:conc_otype:lst_usecol:sim_time:138.0_obsid:welopt-ly3_variable:so4,5.5193e-05,0.0,conc,,,welopt-ly3,conc,lst,138.0,sim,so4,
oname:conc_otype:lst_usecol:sim_time:138.0_obsid:wp1-f3_variable:o0,5.78338e-10,3065.696697424829,conc,,,wp1-f3,conc,lst,138.0,sim,o0,0.000326190128606
oname:conc_otype:lst_usecol:sim_time:138.0_obsid:wp1-f3_variable:ph,6.62196,0.6131393394849658,conc,,,wp1-f3,conc,lst,138.0,sim,ph,1.6309506430300091
oname:conc_otype:lst_usecol:sim_time:138.0_obsid:wp1-f3_variable:so4,0.000753393,1067.2733125073166,conc,,,wp1-f3,conc,lst,138.0,sim,so4,0.0009369671182452
oname:conc_otype:lst_usecol:sim_time:138.0_obsid:wp4-f5_variable:o0,7.298530000000001e-33,3143.4730673096574,conc,,,wp4-f5,conc,lst,138.0,sim,o0,0.0003181194744117
oname:conc_otype:lst_usecol:sim_time:138.0_obsid:wp4-f5_variable:ph,6.42374,0.6286946134619315,conc,,,wp4-f5,conc,lst,138.0,sim,ph,1.5905973720586868
oname:conc_otype:lst_usecol:sim_time:138.0_obsid:wp4-f5_variable:so4,0.000785024,1078.8099347147631,conc,,,wp4-f5,conc,lst,138.0,sim,so4,0.000926947340603
oname:conc_otype:lst_usecol:sim_time:139.0_obsid:welopt-ly3_variable:o0,0.0,0.0,conc,,,welopt-ly3,conc,lst,139.0,sim,o0,
oname:conc_otype:lst_usecol:sim_time:139.0_obsid:welopt-ly3_variable:ph,6.67491,0.0,conc,,,welopt-ly3,conc,lst,139.0,sim,ph,
oname:conc_otype:lst_usecol:sim_time:139.0_obsid:welopt-ly3_variable:so4,5.5193e-05,0.0,conc,,,welopt-ly3,conc,lst,139.0,sim,so4,
oname:conc_otype:lst_usecol:sim_time:139.0_obsid:wp1-f3_variable:o0,5.78338e-10,3065.696697424829,conc,,,wp1-f3,conc,lst,139.0,sim,o0,0.000326190128606
oname:conc_otype:lst_usecol:sim_time:139.0_obsid:wp1-f3_variable:ph,6.62196,0.6131393394849658,conc,,,wp1-f3,conc,lst,139.0,sim,ph,1.6309506430300091
oname:conc_otype:lst_usecol:sim_time:139.0_obsid:wp1-f3_variable:so4,0.000753393,1067.2733125073166,conc,,,wp1-f3,conc,lst,139.0,sim,so4,0.0009369671182452
oname:conc_otype:lst_usecol:sim_time:139.0_obsid:wp4-f5_variable:o0,7.298530000000001e-33,3143.4730673096574,conc,,,wp4-f5,conc,lst,139.0,sim,o0,0.0003181194744117
oname:conc_otype:lst_usecol:sim_time:139.0_obsid:wp4-f5_variable:ph,6.42374,0.6286946134619315,conc,,,wp4-f5,conc,lst,139.0,sim,ph,1.5905973720586868
oname:conc_otype:lst_usecol:sim_time:139.0_obsid:wp4-f5_variable:so4,0.000785024,1078.8099347147631,conc,,,wp4-f5,conc,lst,139.0,sim,so4,0.000926947340603
oname:conc_otype:lst_usecol:sim_time:14.0_obsid:welopt-ly3_variable:o0,0.0,0.0,conc,,,welopt-ly3,conc,lst,14.0,sim,o0,
oname:conc_otype:lst_usecol:sim_time:14.0_obsid:welopt-ly3_variable:ph,6.67491,0.0,conc,,,welopt-ly3,conc,lst,14.0,sim,ph,
oname:conc_otype:lst_usecol:sim_time:14.0_obsid:welopt-ly3_variable:so4,5.51187e-05,0.0,conc,,,welopt-ly3,conc,lst,14.0,sim,so4,
oname:conc_otype:lst_usecol:sim_time:14.0_obsid:wp1-f3_variable:o0,2.40409e-32,0.0,conc,,,wp1-f3,conc,lst,14.0,sim,o0,0.000326190128606
oname:conc_otype:lst_usecol:sim_time:14.0_obsid:wp1-f3_variable:ph,6.52894,0.6131393394849658,conc,,,wp1-f3,conc,lst,14.0,sim,ph,1.6309506430300091
oname:conc_otype:lst_usecol:sim_time:14.0_obsid:wp1-f3_variable:so4,0.000268222,1226.2786789699317,conc,,,wp1-f3,conc,lst,14.0,sim,so4,0.000815475321515
oname:conc_otype:lst_usecol:sim_time:14.0_obsid:wp4-f5_variable:o0,0.0,0.0,conc,,,wp4-f5,conc,lst,14.0,sim,o0,0.0003181194744117
oname:conc_otype:lst_usecol:sim_time:14.0_obsid:wp4-f5_variable:ph,6.67491,0.6286946134619315,conc,,,wp4-f5,conc,lst,14.0,sim,ph,1.5905973720586868
oname:conc_otype:lst_usecol:sim_time:14.0_obsid:wp4-f5_variable:so4,5.51188e-05,1257.389226923863,conc,,,wp4-f5,conc,lst,14.0,sim,so4,0.0007952986860293
oname:conc_otype:lst_usecol:sim_time:14.1271_obsid:wp1-f3_variable:o0,2.40409e-32,0.0,conc,,,wp1-f3,conc,lst,14.1271,sim,o0,0.000326190128606
oname:conc_otype:lst_usecol:sim_time:14.1271_obsid:wp1-f3_variable:ph,6.52894,0.6131393394849658,conc,,,wp1-f3,conc,lst,14.1271,sim,ph,1.6309506430300091
oname:conc_otype:lst_usecol:sim_time:14.1271_obsid:wp1-f3_variable:so4,0.000268222,1226.2786789699317,conc,,,wp1-f3,conc,lst,14.1271,sim,so4,0.000815475321515
oname:conc_otype:lst_usecol:sim_time:140.017_obsid:wp1-f3_variable:o0,5.78338e-10,3065.696697424829,conc,,,wp1-f3,conc,lst,140.017,sim,o0,0.000326190128606
oname:conc_otype:lst_usecol:sim_time:140.017_obsid:wp1-f3_variable:ph,6.62196,0.6131393394849658,conc,,,wp1-f3,conc,lst,140.017,sim,ph,1.6309506430300091
oname:conc_otype:lst_usecol:sim_time:140.017_obsid:wp1-f3_variable:so4,0.000753393,1067.2733125073166,conc,,,wp1-f3,conc,lst,140.017,sim,so4,0.0009369671182452
oname:conc_otype:lst_usecol:sim_time:140.0_obsid:welopt-ly3_variable:o0,0.0,0.0,conc,,,welopt-ly3,conc,lst,140.0,sim,o0,
oname:conc_otype:lst_usecol:sim_time:140.0_obsid:welopt-ly3_variable:ph,6.67491,0.0,conc,,,welopt-ly3,conc,lst,140.0,sim,ph,
oname:conc_otype:lst_usecol:sim_time:140.0_obsid:welopt-ly3_variable:so4,5.5193e-05,0.0,conc,,,welopt-ly3,conc,lst,140.0,sim,so4,
oname:conc_otype:lst_usecol:sim_time:140.0_obsid:wp1-f3_variable:o0,5.78338e-10,3065.696697424829,conc,,,wp1-f3,conc,lst,140.0,sim,o0,0.000326190128606
oname:conc_otype:lst_usecol:sim_time:140.0_obsid:wp1-f3_variable:ph,6.62196,0.6131393394849658,conc,,,wp1-f3,conc,lst,140.0,sim,ph,1.6309506430300091
oname:conc_otype:lst_usecol:sim_time:140.0_obsid:wp1-f3_variable:so4,0.000753393,1067.2733125073166,conc,,,wp1-f3,conc,lst,140.0,sim,so4,0.0009369671182452
oname:conc_otype:lst_usecol:sim_time:140.0_obsid:wp4-f5_variable:o0,7.298530000000001e-33,3143.4730673096574,conc,,,wp4-f5,conc,lst,140.0,sim,o0,0.0003181194744117
oname:conc_otype:lst_usecol:sim_time:140.0_obsid:wp4-f5_variable:ph,6.42374,0.6286946134619315,conc,,,wp4-f5,conc,lst,140.0,sim,ph,1.5905973720586868
oname:conc_otype:lst_usecol:sim_time:140.0_obsid:wp4-f5_variable:so4,0.000785024,1078.8099347147631,conc,,,wp4-f5,conc,lst,140.0,sim,so4,0.000926947340603
oname:conc_otype:lst_usecol:sim_time:141.0_obsid:welopt-ly3_variable:o0,0.0,0.0,conc,,,welopt-ly3,conc,lst,141.0,sim,o0,
oname:conc_otype:lst_usecol:sim_time:141.0_obsid:welopt-ly3_variable:ph,6.67491,0.0,conc,,,welopt-ly3,conc,lst,141.0,sim,ph,
oname:conc_otype:lst_usecol:sim_time:141.0_obsid:welopt-ly3_variable:so4,5.5193e-05,0.0,conc,,,welopt-ly3,conc,lst,141.0,sim,so4,
oname:conc_otype:lst_usecol:sim_time:141.0_obsid:wp1-f3_variable:o0,5.78338e-10,3065.696697424829,conc,,,wp1-f3,conc,lst,141.0,sim,o0,0.000326190128606
oname:conc_otype:lst_usecol:sim_time:141.0_obsid:wp1-f3_variable:ph,6.62196,0.6131393394849658,conc,,,wp1-f3,conc,lst,141.0,sim,ph,1.6309506430300091
oname:conc_otype:lst_usecol:sim_time:141.0_obsid:wp1-f3_variable:so4,0.000753393,1067.2733125073166,conc,,,wp1-f3,conc,lst,141.0,sim,so4,0.0009369671182452
oname:conc_otype:lst_usecol:sim_time:141.0_obsid:wp4-f5_variable:o0,7.298530000000001e-33,3143.4730673096574,conc,,,wp4-f5,conc,lst,141.0,sim,o0,0.0003181194744117
oname:conc_otype:lst_usecol:sim_time:141.0_obsid:wp4-f5_variable:ph,6.42374,0.6286946134619315,conc,,,wp4-f5,conc,lst,141.0,sim,ph,1.5905973720586868
oname:conc_otype:lst_usecol:sim_time:141.0_obsid:wp4-f5_variable:so4,0.000785024,1078.8099347147631,conc,,,wp4-f5,conc,lst,141.0,sim,so4,0.000926947340603
oname:conc_otype:lst_usecol:sim_time:142.0_obsid:welopt-ly3_variable:o0,0.0,0.0,conc,,,welopt-ly3,conc,lst,142.0,sim,o0,
oname:conc_otype:lst_usecol:sim_time:142.0_obsid:welopt-ly3_variable:ph,6.67491,0.0,conc,,,welopt-ly3,conc,lst,142.0,sim,ph,
oname:conc_otype:lst_usecol:sim_time:142.0_obsid:welopt-ly3_variable:so4,5.52212e-05,0.0,conc,,,welopt-ly3,conc,lst,142.0,sim,so4,
oname:conc_otype:lst_usecol:sim_time:142.0_obsid:wp1-f3_variable:o0,6.69387e-10,3065.696697424829,conc,,,wp1-f3,conc,lst,142.0,sim,o0,0.000326190128606
oname:conc_otype:lst_usecol:sim_time:142.0_obsid:wp1-f3_variable:ph,6.6173,0.6131393394849658,conc,,,wp1-f3,conc,lst,142.0,sim,ph,1.6309506430300091
oname:conc_otype:lst_usecol:sim_time:142.0_obsid:wp1-f3_variable:so4,0.000736917,1066.0341336537183,conc,,,wp1-f3,conc,lst,142.0,sim,so4,0.0009380562670846
oname:conc_otype:lst_usecol:sim_time:142.0_obsid:wp4-f5_variable:o0,1.1923800000000001e-32,3143.4730673096574,conc,,,wp4-f5,conc,lst,142.0,sim,o0,0.0003181194744117
oname:conc_otype:lst_usecol:sim_time:142.0_obsid:wp4-f5_variable:ph,6.39747,0.6286946134619315,conc,,,wp4-f5,conc,lst,142.0,sim,ph,1.5905973720586868
oname:conc_otype:lst_usecol:sim_time:142.0_obsid:wp4-f5_variable:so4,0.000815049,1093.2802138617212,conc,,,wp4-f5,conc,lst,142.0,sim,so4,0.0009146785858931
oname:conc_otype:lst_usecol:sim_time:143.0_obsid:welopt-ly3_variable:o0,0.0,0.0,conc,,,welopt-ly3,conc,lst,143.0,sim,o0,
oname:conc_otype:lst_usecol:sim_time:143.0_obsid:welopt-ly3_variable:ph,6.67491,0.0,conc,,,welopt-ly3,conc,lst,143.0,sim,ph,
oname:conc_otype:lst_usecol:sim_time:143.0_obsid:welopt-ly3_variable:so4,5.52212e-05,0.0,conc,,,welopt-ly3,conc,lst,143.0,sim,so4,
oname:conc_otype:lst_usecol:sim_time:143.0_obsid:wp1-f3_variable:o0,6.69387e-10,3065.696697424829,conc,,,wp1-f3,conc,lst,143.0,sim,o0,0.000326190128606
oname:conc_otype:lst_usecol:sim_time:143.0_obsid:wp1-f3_variable:ph,6.6173,0.6131393394849658,conc,,,wp1-f3,conc,lst,143.0,sim,ph,1.6309506430300091
oname:conc_otype:lst_usecol:sim_time:143.0_obsid:wp1-f3_variable:so4,0.000736917,1066.0341336537183,conc,,,wp1-f3,conc,lst,143.0,sim,so4,0.0009380562670846
oname:conc_otype:lst_usecol:sim_time:143.0_obsid:wp4-f5_variable:o0,1.1923800000000001e-32,3143.4730673096574,conc,,,wp4-f5,conc,lst,143.0,sim,o0,0.0003181194744117
oname:conc_otype:lst_usecol:sim_time:143.0_obsid:wp4-f5_variable:ph,6.39747,0.6286946134619315,conc,,,wp4-f5,conc,lst,143.0,sim,ph,1.5905973720586868
oname:conc_otype:lst_usecol:sim_time:143.0_obsid:wp4-f5_variable:so4,0.000815049,1093.2802138617212,conc,,,wp4-f5,conc,lst,143.0,sim,so4,0.0009146785858931
oname:conc_otype:lst_usecol:sim_time:144.0_obsid:welopt-ly3_variable:o0,0.0,0.0,conc,,,welopt-ly3,conc,lst,144.0,sim,o0,
oname:conc_otype:lst_usecol:sim_time:144.0_obsid:welopt-ly3_variable:ph,6.67491,0.0,conc,,,welopt-ly3,conc,lst,144.0,sim,ph,
oname:conc_otype:lst_usecol:sim_time:144.0_obsid:welopt-ly3_variable:so4,5.52212e-05,0.0,conc,,,welopt-ly3,conc,lst,144.0,sim,so4,
oname:conc_otype:lst_usecol:sim_time:144.0_obsid:wp1-f3_variable:o0,6.69387e-10,3065.696697424829,conc,,,wp1-f3,conc,lst,144.0,sim,o0,0.000326190128606
oname:conc_otype:lst_usecol:sim_time:144.0_obsid:wp1-f3_variable:ph,6.6173,0.6131393394849658,conc,,,wp1-f3,conc,lst,144.0,sim,ph,1.6309506430300091
oname:conc_otype:lst_usecol:sim_time:144.0_obsid:wp1-f3_variable:so4,0.000736917,1066.0341336537183,conc,,,wp1-f3,conc,lst,144.0,sim,so4,0.0009380562670846
oname:conc_otype:lst_usecol:sim_time:144.0_obsid:wp4-f5_variable:o0,1.1923800000000001e-32,3143.4730673096574,conc,,,wp4-f5,conc,lst,144.0,sim,o0,0.0003181194744117
oname:conc_otype:lst_usecol:sim_time:144.0_obsid:wp4-f5_variable:ph,6.39747,0.6286946134619315,conc,,,wp4-f5,conc,lst,144.0,sim,ph,1.5905973720586868
oname:conc_otype:lst_usecol:sim_time:144.0_obsid:wp4-f5_variable:so4,0.000815049,1093.2802138617212,conc,,,wp4-f5,conc,lst,144.0,sim,so4,0.0009146785858931
oname:conc_otype:lst_usecol:sim_time:145.0_obsid:welopt-ly3_variable:o0,0.0,0.0,conc,,,welopt-ly3,conc,lst,145.0,sim,o0,
oname:conc_otype:lst_usecol:sim_time:145.0_obsid:welopt-ly3_variable:ph,6.67491,0.0,conc,,,welopt-ly3,conc,lst,145.0,sim,ph,
oname:conc_otype:lst_usecol:sim_time:145.0_obsid:welopt-ly3_variable:so4,5.52212e-05,0.0,conc,,,welopt-ly3,conc,lst,145.0,sim,so4,
oname:conc_otype:lst_usecol:sim_time:145.0_obsid:wp1-f3_variable:o0,6.69387e-10,3065.696697424829,conc,,,wp1-f3,conc,lst,145.0,sim,o0,0.000326190128606
oname:conc_otype:lst_usecol:sim_time:145.0_obsid:wp1-f3_variable:ph,6.6173,0.6131393394849658,conc,,,wp1-f3,conc,lst,145.0,sim,ph,1.6309506430300091
oname:conc_otype:lst_usecol:sim_time:145.0_obsid:wp1-f3_variable:so4,0.000736917,1066.0341336537183,conc,,,wp1-f3,conc,lst,145.0,sim,so4,0.0009380562670846
oname:conc_otype:lst_usecol:sim_time:145.0_obsid:wp4-f5_variable:o0,1.1923800000000001e-32,3143.4730673096574,conc,,,wp4-f5,conc,lst,145.0,sim,o0,0.0003181194744117
oname:conc_otype:lst_usecol:sim_time:145.0_obsid:wp4-f5_variable:ph,6.39747,0.6286946134619315,conc,,,wp4-f5,conc,lst,145.0,sim,ph,1.5905973720586868
oname:conc_otype:lst_usecol:sim_time:145.0_obsid:wp4-f5_variable:so4,0.000815049,1093.2802138617212,conc,,,wp4-f5,conc,lst,145.0,sim,so4,0.0009146785858931
oname:conc_otype:lst_usecol:sim_time:146.0_obsid:welopt-ly3_variable:o0,0.0,0.0,conc,,,welopt-ly3,conc,lst,146.0,sim,o0,
oname:conc_otype:lst_usecol:sim_time:146.0_obsid:welopt-ly3_variable:ph,6.67491,0.0,conc,,,welopt-ly3,conc,lst,146.0,sim,ph,
oname:conc_otype:lst_usecol:sim_time:146.0_obsid:welopt-ly3_variable:so4,5.52212e-05,0.0,conc,,,welopt-ly3,conc,lst,146.0,sim,so4,
oname:conc_otype:lst_usecol:sim_time:146.0_obsid:wp1-f3_variable:o0,6.69387e-10,3065.696697424829,conc,,,wp1-f3,conc,lst,146.0,sim,o0,0.000326190128606
oname:conc_otype:lst_usecol:sim_time:146.0_obsid:wp1-f3_variable:ph,6.6173,0.6131393394849658,conc,,,wp1-f3,conc,lst,146.0,sim,ph,1.6309506430300091
oname:conc_otype:lst_usecol:sim_time:146.0_obsid:wp1-f3_variable:so4,0.000736917,1066.0341336537183,conc,,,wp1-f3,conc,lst,146.0,sim,so4,0.0009380562670846
oname:conc_otype:lst_usecol:sim_time:146.0_obsid:wp4-f5_variable:o0,1.1923800000000001e-32,3143.4730673096574,conc,,,wp4-f5,conc,lst,146.0,sim,o0,0.0003181194744117
oname:conc_otype:lst_usecol:sim_time:146.0_obsid:wp4-f5_variable:ph,6.39747,0.6286946134619315,conc,,,wp4-f5,conc,lst,146.0,sim,ph,1.5905973720586868
oname:conc_otype:lst_usecol:sim_time:146.0_obsid:wp4-f5_variable:so4,0.000815049,1093.2802138617212,conc,,,wp4-f5,conc,lst,146.0,sim,so4,0.0009146785858931
oname:conc_otype:lst_usecol:sim_time:147.0_obsid:welopt-ly3_variable:o0,0.0,0.0,conc,,,welopt-ly3,conc,lst,147.0,sim,o0,
oname:conc_otype:lst_usecol:sim_time:147.0_obsid:welopt-ly3_variable:ph,6.67491,0.0,conc,,,welopt-ly3,conc,lst,147.0,sim,ph,
oname:conc_otype:lst_usecol:sim_time:147.0_obsid:welopt-ly3_variable:so4,5.52212e-05,0.0,conc,,,welopt-ly3,conc,lst,147.0,sim,so4,
oname:conc_otype:lst_usecol:sim_time:147.0_obsid:wp1-f3_variable:o0,6.69387e-10,3065.696697424829,conc,,,wp1-f3,conc,lst,147.0,sim,o0,0.000326190128606
oname:conc_otype:lst_usecol:sim_time:147.0_obsid:wp1-f3_variable:ph,6.6173,0.6131393394849658,conc,,,wp1-f3,conc,lst,147.0,sim,ph,1.6309506430300091
oname:conc_otype:lst_usecol:sim_time:147.0_obsid:wp1-f3_variable:so4,0.000736917,1066.0341336537183,conc,,,wp1-f3,conc,lst,147.0,sim,so4,0.0009380562670846
oname:conc_otype:lst_usecol:sim_time:147.0_obsid:wp4-f5_variable:o0,1.1923800000000001e-32,3143.4730673096574,conc,,,wp4-f5,conc,lst,147.0,sim,o0,0.0003181194744117
oname:conc_otype:lst_usecol:sim_time:147.0_obsid:wp4-f5_variable:ph,6.39747,0.6286946134619315,conc,,,wp4-f5,conc,lst,147.0,sim,ph,1.5905973720586868
oname:conc_otype:lst_usecol:sim_time:147.0_obsid:wp4-f5_variable:so4,0.000815049,1093.2802138617212,conc,,,wp4-f5,conc,lst,147.0,sim,so4,0.0009146785858931
oname:conc_otype:lst_usecol:sim_time:148.0_obsid:welopt-ly3_variable:o0,0.0,0.0,conc,,,welopt-ly3,conc,lst,148.0,sim,o0,
oname:conc_otype:lst_usecol:sim_time:148.0_obsid:welopt-ly3_variable:ph,6.67491,0.0,conc,,,welopt-ly3,conc,lst,148.0,sim,ph,
oname:conc_otype:lst_usecol:sim_time:148.0_obsid:welopt-ly3_variable:so4,5.52212e-05,0.0,conc,,,welopt-ly3,conc,lst,148.0,sim,so4,
oname:conc_otype:lst_usecol:sim_time:148.0_obsid:wp1-f3_variable:o0,6.69387e-10,3065.696697424829,conc,,,wp1-f3,conc,lst,148.0,sim,o0,0.000326190128606
oname:conc_otype:lst_usecol:sim_time:148.0_obsid:wp1-f3_variable:ph,6.6173,0.6131393394849658,conc,,,wp1-f3,conc,lst,148.0,sim,ph,1.6309506430300091
oname:conc_otype:lst_usecol:sim_time:148.0_obsid:wp1-f3_variable:so4,0.000736917,1066.0341336537183,conc,,,wp1-f3,conc,lst,148.0,sim,so4,0.0009380562670846
oname:conc_otype:lst_usecol:sim_time:148.0_obsid:wp4-f5_variable:o0,1.1923800000000001e-32,3143.4730673096574,conc,,,wp4-f5,conc,lst,148.0,sim,o0,0.0003181194744117
oname:conc_otype:lst_usecol:sim_time:148.0_obsid:wp4-f5_variable:ph,6.39747,0.6286946134619315,conc,,,wp4-f5,conc,lst,148.0,sim,ph,1.5905973720586868
oname:conc_otype:lst_usecol:sim_time:148.0_obsid:wp4-f5_variable:so4,0.000815049,1093.2802138617212,conc,,,wp4-f5,conc,lst,148.0,sim,so4,0.0009146785858931
oname:conc_otype:lst_usecol:sim_time:149.0_obsid:welopt-ly3_variable:o0,0.0,0.0,conc,,,welopt-ly3,conc,lst,149.0,sim,o0,
oname:conc_otype:lst_usecol:sim_time:149.0_obsid:welopt-ly3_variable:ph,6.67491,0.0,conc,,,welopt-ly3,conc,lst,149.0,sim,ph,
oname:conc_otype:lst_usecol:sim_time:149.0_obsid:welopt-ly3_variable:so4,5.52533e-05,0.0,conc,,,welopt-ly3,conc,lst,149.0,sim,so4,
oname:conc_otype:lst_usecol:sim_time:149.0_obsid:wp1-f3_variable:o0,7.0153e-10,3065.696697424829,conc,,,wp1-f3,conc,lst,149.0,sim,o0,0.000326190128606
oname:conc_otype:lst_usecol:sim_time:149.0_obsid:wp1-f3_variable:ph,6.55521,0.6131393394849658,conc,,,wp1-f3,conc,lst,149.0,sim,ph,1.6309506430300091
oname:conc_otype:lst_usecol:sim_time:149.0_obsid:wp1-f3_variable:so4,0.000684544,1067.525657423669,conc,,,wp1-f3,conc,lst,149.0,sim,so4,0.0009367456351478
oname:conc_otype:lst_usecol:sim_time:149.0_obsid:wp4-f5_variable:o0,2.14228e-32,3143.4730673096574,conc,,,wp4-f5,conc,lst,149.0,sim,o0,0.0003181194744117
oname:conc_otype:lst_usecol:sim_time:149.0_obsid:wp4-f5_variable:ph,6.36647,0.6286946134619315,conc,,,wp4-f5,conc,lst,149.0,sim,ph,1.5905973720586868
oname:conc_otype:lst_usecol:sim_time:149.0_obsid:wp4-f5_variable:so4,0.000838612,1099.0826391739197,conc,,,wp4-f5,conc,lst,149.0,sim,so4,0.0009098496913313
oname:conc_otype:lst_usecol:sim_time:15.0_obsid:welopt-ly3_variable:o0,0.0,0.0,conc,,,welopt-ly3,conc,lst,15.0,sim,o0,
oname:conc_otype:lst_usecol:sim_time:15.0_obsid:welopt-ly3_variable:ph,6.67491,0.0,conc,,,welopt-ly3,conc,lst,15.0,sim,ph,
oname:conc_otype:lst_usecol:sim_time:15.0_obsid:welopt-ly3_variable:so4,5.51187e-05,0.0,conc,,,welopt-ly3,conc,lst,15.0,sim,so4,
oname:conc_otype:lst_usecol:sim_time:15.0_obsid:wp1-f3_variable:o0,2.40409e-32,0.0,conc,,,wp1-f3,conc,lst,15.0,sim,o0,0.000326190128606
oname:conc_otype:lst_usecol:sim_time:15.0_obsid:wp1-f3_variable:ph,6.52894,0.6131393394849658,conc,,,wp1-f3,conc,lst,15.0,sim,ph,1.6309506430300091
oname:conc_otype:lst_usecol:sim_time:15.0_obsid:wp1-f3_variable:so4,0.000268222,1226.2786789699317,conc,,,wp1-f3,conc,lst,15.0,sim,so4,0.000815475321515
oname:conc_otype:lst_usecol:sim_time:15.0_obsid:wp4-f5_variable:o0,0.0,0.0,conc,,,wp4-f5,conc,lst,15.0,sim,o0,0.0003181194744117
oname:conc_otype:lst_usecol:sim_time:15.0_obsid:wp4-f5_variable:ph,6.67491,0.6286946134619315,conc,,,wp4-f5,conc,lst,15.0,sim,ph,1.5905973720586868
oname:conc_otype:lst_usecol:sim_time:15.0_obsid:wp4-f5_variable:so4,5.51188e-05,1257.389226923863,conc,,,wp4-f5,conc,lst,15.0,sim,so4,0.0007952986860293
oname:conc_otype:lst_usecol:sim_time:150.0_obsid:welopt-ly3_variable:o0,0.0,0.0,conc,,,welopt-ly3,conc,lst,150.0,sim,o0,
oname:conc_otype:lst_usecol:sim_time:150.0_obsid:welopt-ly3_variable:ph,6.67491,0.0,conc,,,welopt-ly3,conc,lst,150.0,sim,ph,
oname:conc_otype:lst_usecol:sim_time:150.0_obsid:welopt-ly3_variable:so4,5.52533e-05,0.0,conc,,,welopt-ly3,conc,lst,150.0,sim,so4,
oname:conc_otype:lst_usecol:sim_time:150.0_obsid:wp1-f3_variable:o0,7.0153e-10,3065.696697424829,conc,,,wp1-f3,conc,lst,150.0,sim,o0,0.000326190128606
oname:conc_otype:lst_usecol:sim_time:150.0_obsid:wp1-f3_variable:ph,6.55521,0.6131393394849658,conc,,,wp1-f3,conc,lst,150.0,sim,ph,1.6309506430300091
oname:conc_otype:lst_usecol:sim_time:150.0_obsid:wp1-f3_variable:so4,0.000684544,1067.525657423669,conc,,,wp1-f3,conc,lst,150.0,sim,so4,0.0009367456351478
oname:conc_otype:lst_usecol:sim_time:150.0_obsid:wp4-f5_variable:o0,2.14228e-32,3143.4730673096574,conc,,,wp4-f5,conc,lst,150.0,sim,o0,0.0003181194744117
oname:conc_otype:lst_usecol:sim_time:150.0_obsid:wp4-f5_variable:ph,6.36647,0.6286946134619315,conc,,,wp4-f5,conc,lst,150.0,sim,ph,1.5905973720586868
oname:conc_otype:lst_usecol:sim_time:150.0_obsid:wp4-f5_variable:so4,0.000838612,1099.0826391739197,conc,,,wp4-f5,conc,lst,150.0,sim,so4,0.0009098496913313
oname:conc_otype:lst_usecol:sim_time:151.0_obsid:welopt-ly3_variable:o0,0.0,0.0,conc,,,welopt-ly3,conc,lst,151.0,sim,o0,
oname:conc_otype:lst_usecol:sim_time:151.0_obsid:welopt-ly3_variable:ph,6.67491,0.0,conc,,,welopt-ly3,conc,lst,151.0,sim,ph,
oname:conc_otype:lst_usecol:sim_time:151.0_obsid:welopt-ly3_variable:so4,5.52533e-05,0.0,conc,,,welopt-ly3,conc,lst,151.0,sim,so4,
oname:conc_otype:lst_usecol:sim_time:151.0_obsid:wp1-f3_variable:o0,7.0153e-10,3065.696697424829,conc,,,wp1-f3,conc,lst,151.0,sim,o0,0.000326190128606
oname:conc_otype:lst_usecol:sim_time:151.0_obsid:wp1-f3_variable:ph,6.55521,0.6131393394849658,conc,,,wp1-f3,conc,lst,151.0,sim,ph,1.6309506430300091
oname:conc_otype:lst_usecol:sim_time:151.0_obsid:wp1-f3_variable:so4,0.000684544,1067.525657423669,conc,,,wp1-f3,conc,lst,151.0,sim,so4,0.0009367456351478
oname:conc_otype:lst_usecol:sim_time:151.0_obsid:wp4-f5_variable:o0,2.14228e-32,3143.4730673096574,conc,,,wp4-f5,conc,lst,151.0,sim,o0,0.0003181194744117
oname:conc_otype:lst_usecol:sim_time:151.0_obsid:wp4-f5_variable:ph,6.36647,0.6286946134619315,conc,,,wp4-f5,conc,lst,151.0,sim,ph,1.5905973720586868
oname:conc_otype:lst_usecol:sim_time:151.0_obsid:wp4-f5_variable:so4,0.000838612,1099.0826391739197,conc,,,wp4-f5,conc,lst,151.0,sim,so4,0.0009098496913313
oname:conc_otype:lst_usecol:sim_time:152.0_obsid:welopt-ly3_variable:o0,0.0,0.0,conc,,,welopt-ly3,conc,lst,152.0,sim,o0,
oname:conc_otype:lst_usecol:sim_time:152.0_obsid:welopt-ly3_variable:ph,6.67491,0.0,conc,,,welopt-ly3,conc,lst,152.0,sim,ph,
oname:conc_otype:lst_usecol:sim_time:152.0_obsid:welopt-ly3_variable:so4,5.52533e-05,0.0,conc,,,welopt-ly3,conc,lst,152.0,sim,so4,
oname:conc_otype:lst_usecol:sim_time:152.0_obsid:wp1-f3_variable:o0,7.0153e-10,3065.696697424829,conc,,,wp1-f3,conc,lst,152.0,sim,o0,0.000326190128606
oname:conc_otype:lst_usecol:sim_time:152.0_obsid:wp1-f3_variable:ph,6.55521,0.6131393394849658,conc,,,wp1-f3,conc,lst,152.0,sim,ph,1.6309506430300091
oname:conc_otype:lst_usecol:sim_time:152.0_obsid:wp1-f3_variable:so4,0.000684544,1067.525657423669,conc,,,wp1-f3,conc,lst,152.0,sim,so4,0.0009367456351478
oname:conc_otype:lst_usecol:sim_time:152.0_obsid:wp4-f5_variable:o0,2.14228e-32,3143.4730673096574,conc,,,wp4-f5,conc,lst,152.0,sim,o0,0.0003181194744117
oname:conc_otype:lst_usecol:sim_time:152.0_obsid:wp4-f5_variable:ph,6.36647,0.6286946134619315,conc,,,wp4-f5,conc,lst,152.0,sim,ph,1.5905973720586868
oname:conc_otype:lst_usecol:sim_time:152.0_obsid:wp4-f5_variable:so4,0.000838612,1099.0826391739197,conc,,,wp4-f5,conc,lst,152.0,sim,so4,0.0009098496913313
oname:conc_otype:lst_usecol:sim_time:153.0_obsid:welopt-ly3_variable:o0,0.0,0.0,conc,,,welopt-ly3,conc,lst,153.0,sim,o0,
oname:conc_otype:lst_usecol:sim_time:153.0_obsid:welopt-ly3_variable:ph,6.67491,0.0,conc,,,welopt-ly3,conc,lst,153.0,sim,ph,
oname:conc_otype:lst_usecol:sim_time:153.0_obsid:welopt-ly3_variable:so4,5.52533e-05,0.0,conc,,,welopt-ly3,conc,lst,153.0,sim,so4,
oname:conc_otype:lst_usecol:sim_time:153.0_obsid:wp1-f3_variable:o0,7.0153e-10,3065.696697424829,conc,,,wp1-f3,conc,lst,153.0,sim,o0,0.000326190128606
oname:conc_otype:lst_usecol:sim_time:153.0_obsid:wp1-f3_variable:ph,6.55521,0.6131393394849658,conc,,,wp1-f3,conc,lst,153.0,sim,ph,1.6309506430300091
oname:conc_otype:lst_usecol:sim_time:153.0_obsid:wp1-f3_variable:so4,0.000684544,1067.525657423669,conc,,,wp1-f3,conc,lst,153.0,sim,so4,0.0009367456351478
oname:conc_otype:lst_usecol:sim_time:153.0_obsid:wp4-f5_variable:o0,2.14228e-32,3143.4730673096574,conc,,,wp4-f5,conc,lst,153.0,sim,o0,0.0003181194744117
oname:conc_otype:lst_usecol:sim_time:153.0_obsid:wp4-f5_variable:ph,6.36647,0.6286946134619315,conc,,,wp4-f5,conc,lst,153.0,sim,ph,1.5905973720586868
oname:conc_otype:lst_usecol:sim_time:153.0_obsid:wp4-f5_variable:so4,0.000838612,1099.0826391739197,conc,,,wp4-f5,conc,lst,153.0,sim,so4,0.0009098496913313
oname:conc_otype:lst_usecol:sim_time:154.0_obsid:welopt-ly3_variable:o0,0.0,0.0,conc,,,welopt-ly3,conc,lst,154.0,sim,o0,
oname:conc_otype:lst_usecol:sim_time:154.0_obsid:welopt-ly3_variable:ph,6.67491,0.0,conc,,,welopt-ly3,conc,lst,154.0,sim,ph,
oname:conc_otype:lst_usecol:sim_time:154.0_obsid:welopt-ly3_variable:so4,5.52533e-05,0.0,conc,,,welopt-ly3,conc,lst,154.0,sim,so4,
oname:conc_otype:lst_usecol:sim_time:154.0_obsid:wp1-f3_variable:o0,7.0153e-10,3065.696697424829,conc,,,wp1-f3,conc,lst,154.0,sim,o0,0.000326190128606
oname:conc_otype:lst_usecol:sim_time:154.0_obsid:wp1-f3_variable:ph,6.55521,0.6131393394849658,conc,,,wp1-f3,conc,lst,154.0,sim,ph,1.6309506430300091
oname:conc_otype:lst_usecol:sim_time:154.0_obsid:wp1-f3_variable:so4,0.000684544,1067.525657423669,conc,,,wp1-f3,conc,lst,154.0,sim,so4,0.0009367456351478
oname:conc_otype:lst_usecol:sim_time:154.0_obsid:wp4-f5_variable:o0,2.14228e-32,3143.4730673096574,conc,,,wp4-f5,conc,lst,154.0,sim,o0,0.0003181194744117
oname:conc_otype:lst_usecol:sim_time:154.0_obsid:wp4-f5_variable:ph,6.36647,0.6286946134619315,conc,,,wp4-f5,conc,lst,154.0,sim,ph,1.5905973720586868
oname:conc_otype:lst_usecol:sim_time:154.0_obsid:wp4-f5_variable:so4,0.000838612,1099.0826391739197,conc,,,wp4-f5,conc,lst,154.0,sim,so4,0.0009098496913313
oname:conc_otype:lst_usecol:sim_time:155.0_obsid:welopt-ly3_variable:o0,0.0,0.0,conc,,,welopt-ly3,conc,lst,155.0,sim,o0,
oname:conc_otype:lst_usecol:sim_time:155.0_obsid:welopt-ly3_variable:ph,6.67491,0.0,conc,,,welopt-ly3,conc,lst,155.0,sim,ph,
oname:conc_otype:lst_usecol:sim_time:155.0_obsid:welopt-ly3_variable:so4,5.52533e-05,0.0,conc,,,welopt-ly3,conc,lst,155.0,sim,so4,
oname:conc_otype:lst_usecol:sim_time:155.0_obsid:wp1-f3_variable:o0,7.0153e-10,3065.696697424829,conc,,,wp1-f3,conc,lst,155.0,sim,o0,0.000326190128606
oname:conc_otype:lst_usecol:sim_time:155.0_obsid:wp1-f3_variable:ph,6.55521,0.6131393394849658,conc,,,wp1-f3,conc,lst,155.0,sim,ph,1.6309506430300091
oname:conc_otype:lst_usecol:sim_time:155.0_obsid:wp1-f3_variable:so4,0.000684544,1067.525657423669,conc,,,wp1-f3,conc,lst,155.0,sim,so4,0.0009367456351478
oname:conc_otype:lst_usecol:sim_time:155.0_obsid:wp4-f5_variable:o0,2.14228e-32,3143.4730673096574,conc,,,wp4-f5,conc,lst,155.0,sim,o0,0.0003181194744117
oname:conc_otype:lst_usecol:sim_time:155.0_obsid:wp4-f5_variable:ph,6.36647,0.6286946134619315,conc,,,wp4-f5,conc,lst,155.0,sim,ph,1.5905973720586868
oname:conc_otype:lst_usecol:sim_time:155.0_obsid:wp4-f5_variable:so4,0.000838612,1099.0826391739197,conc,,,wp4-f5,conc,lst,155.0,sim,so4,0.0009098496913313
oname:conc_otype:lst_usecol:sim_time:156.0_obsid:welopt-ly3_variable:o0,0.0,0.0,conc,,,welopt-ly3,conc,lst,156.0,sim,o0,
oname:conc_otype:lst_usecol:sim_time:156.0_obsid:welopt-ly3_variable:ph,6.67491,0.0,conc,,,welopt-ly3,conc,lst,156.0,sim,ph,
oname:conc_otype:lst_usecol:sim_time:156.0_obsid:welopt-ly3_variable:so4,5.52889e-05,0.0,conc,,,welopt-ly3,conc,lst,156.0,sim,so4,
oname:conc_otype:lst_usecol:sim_time:156.0_obsid:wp1-f3_variable:o0,1.01544e-09,3065.696697424829,conc,,,wp1-f3,conc,lst,156.0,sim,o0,0.000326190128606
oname:conc_otype:lst_usecol:sim_time:156.0_obsid:wp1-f3_variable:ph,6.54162,0.6131393394849658,conc,,,wp1-f3,conc,lst,156.0,sim,ph,1.6309506430300091
oname:conc_otype:lst_usecol:sim_time:156.0_obsid:wp1-f3_variable:so4,0.000614425,1070.5382701780125,conc,,,wp1-f3,conc,lst,156.0,sim,so4,0.0009341095296235
oname:conc_otype:lst_usecol:sim_time:156.0_obsid:wp4-f5_variable:o0,3.5072300000000004e-32,3143.4730673096574,conc,,,wp4-f5,conc,lst,156.0,sim,o0,0.0003181194744117
oname:conc_otype:lst_usecol:sim_time:156.0_obsid:wp4-f5_variable:ph,6.33431,0.6286946134619315,conc,,,wp4-f5,conc,lst,156.0,sim,ph,1.5905973720586868
oname:conc_otype:lst_usecol:sim_time:156.0_obsid:wp4-f5_variable:so4,0.000856725,1100.5304077947897,conc,,,wp4-f5,conc,lst,156.0,sim,so4,0.0009086527668088
oname:conc_otype:lst_usecol:sim_time:157.0_obsid:welopt-ly3_variable:o0,0.0,0.0,conc,,,welopt-ly3,conc,lst,157.0,sim,o0,
oname:conc_otype:lst_usecol:sim_time:157.0_obsid:welopt-ly3_variable:ph,6.67491,0.0,conc,,,welopt-ly3,conc,lst,157.0,sim,ph,
oname:conc_otype:lst_usecol:sim_time:157.0_obsid:welopt-ly3_variable:so4,5.52889e-05,0.0,conc,,,welopt-ly3,conc,lst,157.0,sim,so4,
oname:conc_otype:lst_usecol:sim_time:157.0_obsid:wp1-f3_variable:o0,1.01544e-09,3065.696697424829,conc,,,wp1-f3,conc,lst,157.0,sim,o0,0.000326190128606
oname:conc_otype:lst_usecol:sim_time:157.0_obsid:wp1-f3_variable:ph,6.54162,0.6131393394849658,conc,,,wp1-f3,conc,lst,157.0,sim,ph,1.6309506430300091
oname:conc_otype:lst_usecol:sim_time:157.0_obsid:wp1-f3_variable:so4,0.000614425,1070.5382701780125,conc,,,wp1-f3,conc,lst,157.0,sim,so4,0.0009341095296235
oname:conc_otype:lst_usecol:sim_time:157.0_obsid:wp4-f5_variable:o0,3.5072300000000004e-32,3143.4730673096574,conc,,,wp4-f5,conc,lst,157.0,sim,o0,0.0003181194744117
oname:conc_otype:lst_usecol:sim_time:157.0_obsid:wp4-f5_variable:ph,6.33431,0.6286946134619315,conc,,,wp4-f5,conc,lst,157.0,sim,ph,1.5905973720586868
oname:conc_otype:lst_usecol:sim_time:157.0_obsid:wp4-f5_variable:so4,0.000856725,1100.5304077947897,conc,,,wp4-f5,conc,lst,157.0,sim,so4,0.0009086527668088
oname:conc_otype:lst_usecol:sim_time:158.0_obsid:welopt-ly3_variable:o0,0.0,0.0,conc,,,welopt-ly3,conc,lst,158.0,sim,o0,
oname:conc_otype:lst_usecol:sim_time:158.0_obsid:welopt-ly3_variable:ph,6.67491,0.0,conc,,,welopt-ly3,conc,lst,158.0,sim,ph,
oname:conc_otype:lst_usecol:sim_time:158.0_obsid:welopt-ly3_variable:so4,5.52889e-05,0.0,conc,,,welopt-ly3,conc,lst,158.0,sim,so4,
oname:conc_otype:lst_usecol:sim_time:158.0_obsid:wp1-f3_variable:o0,1.01544e-09,3065.696697424829,conc,,,wp1-f3,conc,lst,158.0,sim,o0,0.000326190128606
oname:conc_otype:lst_usecol:sim_time:158.0_obsid:wp1-f3_variable:ph,6.54162,0.6131393394849658,conc,,,wp1-f3,conc,lst,158.0,sim,ph,1.6309506430300091
oname:conc_otype:lst_usecol:sim_time:158.0_obsid:wp1-f3_variable:so4,0.000614425,1070.5382701780125,conc,,,wp1-f3,conc,lst,158.0,sim,so4,0.0009341095296235
oname:conc_otype:lst_usecol:sim_time:158.0_obsid:wp4-f5_variable:o0,3.5072300000000004e-32,3143.4730673096574,conc,,,wp4-f5,conc,lst,158.0,sim,o0,0.0003181194744117
oname:conc_otype:lst_usecol:sim_time:158.0_obsid:wp4-f5_variable:ph,6.33431,0.6286946134619315,conc,,,wp4-f5,conc,lst,158.0,sim,ph,1.5905973720586868
oname:conc_otype:lst_usecol:sim_time:158.0_obsid:wp4-f5_variable:so4,0.000856725,1100.5304077947897,conc,,,wp4-f5,conc,lst,158.0,sim,so4,0.0009086527668088
oname:conc_otype:lst_usecol:sim_time:159.0_obsid:welopt-ly3_variable:o0,0.0,0.0,conc,,,welopt-ly3,conc,lst,159.0,sim,o0,
oname:conc_otype:lst_usecol:sim_time:159.0_obsid:welopt-ly3_variable:ph,6.67491,0.0,conc,,,welopt-ly3,conc,lst,159.0,sim,ph,
oname:conc_otype:lst_usecol:sim_time:159.0_obsid:welopt-ly3_variable:so4,5.52889e-05,0.0,conc,,,welopt-ly3,conc,lst,159.0,sim,so4,
oname:conc_otype:lst_usecol:sim_time:159.0_obsid:wp1-f3_variable:o0,1.01544e-09,3065.696697424829,conc,,,wp1-f3,conc,lst,159.0,sim,o0,0.000326190128606
oname:conc_otype:lst_usecol:sim_time:159.0_obsid:wp1-f3_variable:ph,6.54162,0.6131393394849658,conc,,,wp1-f3,conc,lst,159.0,sim,ph,1.6309506430300091
oname:conc_otype:lst_usecol:sim_time:159.0_obsid:wp1-f3_variable:so4,0.000614425,1070.5382701780125,conc,,,wp1-f3,conc,lst,159.0,sim,so4,0.0009341095296235
oname:conc_otype:lst_usecol:sim_time:159.0_obsid:wp4-f5_variable:o0,3.5072300000000004e-32,3143.4730673096574,conc,,,wp4-f5,conc,lst,159.0,sim,o0,0.0003181194744117
oname:conc_otype:lst_usecol:sim_time:159.0_obsid:wp4-f5_variable:ph,6.33431,0.6286946134619315,conc,,,wp4-f5,conc,lst,159.0,sim,ph,1.5905973720586868
oname:conc_otype:lst_usecol:sim_time:159.0_obsid:wp4-f5_variable:so4,0.000856725,1100.5304077947897,conc,,,wp4-f5,conc,lst,159.0,sim,so4,0.0009086527668088
oname:conc_otype:lst_usecol:sim_time:16.0_obsid:welopt-ly3_variable:o0,0.0,0.0,conc,,,welopt-ly3,conc,lst,16.0,sim,o0,
oname:conc_otype:lst_usecol:sim_time:16.0_obsid:welopt-ly3_variable:ph,6.67491,0.0,conc,,,welopt-ly3,conc,lst,16.0,sim,ph,
oname:conc_otype:lst_usecol:sim_time:16.0_obsid:welopt-ly3_variable:so4,5.51168e-05,0.0,conc,,,welopt-ly3,conc,lst,16.0,sim,so4,
oname:conc_otype:lst_usecol:sim_time:16.0_obsid:wp1-f3_variable:o0,4.76418e-31,0.0,conc,,,wp1-f3,conc,lst,16.0,sim,o0,0.000326190128606
oname:conc_otype:lst_usecol:sim_time:16.0_obsid:wp1-f3_variable:ph,6.41835,0.6131393394849658,conc,,,wp1-f3,conc,lst,16.0,sim,ph,1.6309506430300091
oname:conc_otype:lst_usecol:sim_time:16.0_obsid:wp1-f3_variable:so4,0.000505975,1226.2786789699317,conc,,,wp1-f3,conc,lst,16.0,sim,so4,0.000815475321515
oname:conc_otype:lst_usecol:sim_time:16.0_obsid:wp4-f5_variable:o0,0.0,0.0,conc,,,wp4-f5,conc,lst,16.0,sim,o0,0.0003181194744117
oname:conc_otype:lst_usecol:sim_time:16.0_obsid:wp4-f5_variable:ph,6.67491,0.6286946134619315,conc,,,wp4-f5,conc,lst,16.0,sim,ph,1.5905973720586868
oname:conc_otype:lst_usecol:sim_time:16.0_obsid:wp4-f5_variable:so4,5.51205e-05,1257.389226923863,conc,,,wp4-f5,conc,lst,16.0,sim,so4,0.0007952986860293
oname:conc_otype:lst_usecol:sim_time:160.0_obsid:welopt-ly3_variable:o0,0.0,0.0,conc,,,welopt-ly3,conc,lst,160.0,sim,o0,
oname:conc_otype:lst_usecol:sim_time:160.0_obsid:welopt-ly3_variable:ph,6.67491,0.0,conc,,,welopt-ly3,conc,lst,160.0,sim,ph,
oname:conc_otype:lst_usecol:sim_time:160.0_obsid:welopt-ly3_variable:so4,5.52889e-05,0.0,conc,,,welopt-ly3,conc,lst,160.0,sim,so4,
oname:conc_otype:lst_usecol:sim_time:160.0_obsid:wp1-f3_variable:o0,1.01544e-09,3065.696697424829,conc,,,wp1-f3,conc,lst,160.0,sim,o0,0.000326190128606
oname:conc_otype:lst_usecol:sim_time:160.0_obsid:wp1-f3_variable:ph,6.54162,0.6131393394849658,conc,,,wp1-f3,conc,lst,160.0,sim,ph,1.6309506430300091
oname:conc_otype:lst_usecol:sim_time:160.0_obsid:wp1-f3_variable:so4,0.000614425,1070.5382701780125,conc,,,wp1-f3,conc,lst,160.0,sim,so4,0.0009341095296235
oname:conc_otype:lst_usecol:sim_time:160.0_obsid:wp4-f5_variable:o0,3.5072300000000004e-32,3143.4730673096574,conc,,,wp4-f5,conc,lst,160.0,sim,o0,0.0003181194744117
oname:conc_otype:lst_usecol:sim_time:160.0_obsid:wp4-f5_variable:ph,6.33431,0.6286946134619315,conc,,,wp4-f5,conc,lst,160.0,sim,ph,1.5905973720586868
oname:conc_otype:lst_usecol:sim_time:160.0_obsid:wp4-f5_variable:so4,0.000856725,1100.5304077947897,conc,,,wp4-f5,conc,lst,160.0,sim,so4,0.0009086527668088
oname:conc_otype:lst_usecol:sim_time:161.0_obsid:welopt-ly3_variable:o0,0.0,0.0,conc,,,welopt-ly3,conc,lst,161.0,sim,o0,
oname:conc_otype:lst_usecol:sim_time:161.0_obsid:welopt-ly3_variable:ph,6.67491,0.0,conc,,,welopt-ly3,conc,lst,161.0,sim,ph,
oname:conc_otype:lst_usecol:sim_time:161.0_obsid:welopt-ly3_variable:so4,5.52889e-05,0.0,conc,,,welopt-ly3,conc,lst,161.0,sim,so4,
oname:conc_otype:lst_usecol:sim_time:161.0_obsid:wp1-f3_variable:o0,1.01544e-09,3065.696697424829,conc,,,wp1-f3,conc,lst,161.0,sim,o0,0.000326190128606
oname:conc_otype:lst_usecol:sim_time:161.0_obsid:wp1-f3_variable:ph,6.54162,0.6131393394849658,conc,,,wp1-f3,conc,lst,161.0,sim,ph,1.6309506430300091
oname:conc_otype:lst_usecol:sim_time:161.0_obsid:wp1-f3_variable:so4,0.000614425,1070.5382701780125,conc,,,wp1-f3,conc,lst,161.0,sim,so4,0.0009341095296235
oname:conc_otype:lst_usecol:sim_time:161.0_obsid:wp4-f5_variable:o0,3.5072300000000004e-32,3143.4730673096574,conc,,,wp4-f5,conc,lst,161.0,sim,o0,0.0003181194744117
oname:conc_otype:lst_usecol:sim_time:161.0_obsid:wp4-f5_variable:ph,6.33431,0.6286946134619315,conc,,,wp4-f5,conc,lst,161.0,sim,ph,1.5905973720586868
oname:conc_otype:lst_usecol:sim_time:161.0_obsid:wp4-f5_variable:so4,0.000856725,1100.5304077947897,conc,,,wp4-f5,conc,lst,161.0,sim,so4,0.0009086527668088
oname:conc_otype:lst_usecol:sim_time:162.0_obsid:welopt-ly3_variable:o0,0.0,0.0,conc,,,welopt-ly3,conc,lst,162.0,sim,o0,
oname:conc_otype:lst_usecol:sim_time:162.0_obsid:welopt-ly3_variable:ph,6.67491,0.0,conc,,,welopt-ly3,conc,lst,162.0,sim,ph,
oname:conc_otype:lst_usecol:sim_time:162.0_obsid:welopt-ly3_variable:so4,5.52889e-05,0.0,conc,,,welopt-ly3,conc,lst,162.0,sim,so4,
oname:conc_otype:lst_usecol:sim_time:162.0_obsid:wp1-f3_variable:o0,1.01544e-09,3065.696697424829,conc,,,wp1-f3,conc,lst,162.0,sim,o0,0.000326190128606
oname:conc_otype:lst_usecol:sim_time:162.0_obsid:wp1-f3_variable:ph,6.54162,0.6131393394849658,conc,,,wp1-f3,conc,lst,162.0,sim,ph,1.6309506430300091
oname:conc_otype:lst_usecol:sim_time:162.0_obsid:wp1-f3_variable:so4,0.000614425,1070.5382701780125,conc,,,wp1-f3,conc,lst,162.0,sim,so4,0.0009341095296235
oname:conc_otype:lst_usecol:sim_time:162.0_obsid:wp4-f5_variable:o0,3.5072300000000004e-32,3143.4730673096574,conc,,,wp4-f5,conc,lst,162.0,sim,o0,0.0003181194744117
oname:conc_otype:lst_usecol:sim_time:162.0_obsid:wp4-f5_variable:ph,6.33431,0.6286946134619315,conc,,,wp4-f5,conc,lst,162.0,sim,ph,1.5905973720586868
oname:conc_otype:lst_usecol:sim_time:162.0_obsid:wp4-f5_variable:so4,0.000856725,1100.5304077947897,conc,,,wp4-f5,conc,lst,162.0,sim,so4,0.0009086527668088
oname:conc_otype:lst_usecol:sim_time:163.0_obsid:welopt-ly3_variable:o0,0.0,0.0,conc,,,welopt-ly3,conc,lst,163.0,sim,o0,
oname:conc_otype:lst_usecol:sim_time:163.0_obsid:welopt-ly3_variable:ph,6.67492,0.0,conc,,,welopt-ly3,conc,lst,163.0,sim,ph,
oname:conc_otype:lst_usecol:sim_time:163.0_obsid:welopt-ly3_variable:so4,5.53272e-05,0.0,conc,,,welopt-ly3,conc,lst,163.0,sim,so4,
oname:conc_otype:lst_usecol:sim_time:163.0_obsid:wp1-f3_variable:o0,1.06048e-09,3065.696697424829,conc,,,wp1-f3,conc,lst,163.0,sim,o0,0.000326190128606
oname:conc_otype:lst_usecol:sim_time:163.0_obsid:wp1-f3_variable:ph,6.52539,0.6131393394849658,conc,,,wp1-f3,conc,lst,163.0,sim,ph,1.6309506430300091
oname:conc_otype:lst_usecol:sim_time:163.0_obsid:wp1-f3_variable:so4,0.000603554,1076.4269193833525,conc,,,wp1-f3,conc,lst,163.0,sim,so4,0.0009289994350688
oname:conc_otype:lst_usecol:sim_time:163.0_obsid:wp4-f5_variable:o0,1.85147e-31,3143.4730673096574,conc,,,wp4-f5,conc,lst,163.0,sim,o0,0.0003181194744117
oname:conc_otype:lst_usecol:sim_time:163.0_obsid:wp4-f5_variable:ph,6.25119,0.6286946134619315,conc,,,wp4-f5,conc,lst,163.0,sim,ph,1.5905973720586868
oname:conc_otype:lst_usecol:sim_time:163.0_obsid:wp4-f5_variable:so4,0.000870021,1114.747279753841,conc,,,wp4-f5,conc,lst,163.0,sim,so4,0.0008970643105949
oname:conc_otype:lst_usecol:sim_time:164.0_obsid:welopt-ly3_variable:o0,0.0,0.0,conc,,,welopt-ly3,conc,lst,164.0,sim,o0,
oname:conc_otype:lst_usecol:sim_time:164.0_obsid:welopt-ly3_variable:ph,6.67492,0.0,conc,,,welopt-ly3,conc,lst,164.0,sim,ph,
oname:conc_otype:lst_usecol:sim_time:164.0_obsid:welopt-ly3_variable:so4,5.53272e-05,0.0,conc,,,welopt-ly3,conc,lst,164.0,sim,so4,
oname:conc_otype:lst_usecol:sim_time:164.0_obsid:wp1-f3_variable:o0,1.06048e-09,3065.696697424829,conc,,,wp1-f3,conc,lst,164.0,sim,o0,0.000326190128606
oname:conc_otype:lst_usecol:sim_time:164.0_obsid:wp1-f3_variable:ph,6.52539,0.6131393394849658,conc,,,wp1-f3,conc,lst,164.0,sim,ph,1.6309506430300091
oname:conc_otype:lst_usecol:sim_time:164.0_obsid:wp1-f3_variable:so4,0.000603554,1076.4269193833525,conc,,,wp1-f3,conc,lst,164.0,sim,so4,0.0009289994350688
oname:conc_otype:lst_usecol:sim_time:164.0_obsid:wp4-f5_variable:o0,1.85147e-31,3143.4730673096574,conc,,,wp4-f5,conc,lst,164.0,sim,o0,0.0003181194744117
oname:conc_otype:lst_usecol:sim_time:164.0_obsid:wp4-f5_variable:ph,6.25119,0.6286946134619315,conc,,,wp4-f5,conc,lst,164.0,sim,ph,1.5905973720586868
oname:conc_otype:lst_usecol:sim_time:164.0_obsid:wp4-f5_variable:so4,0.000870021,1114.747279753841,conc,,,wp4-f5,conc,lst,164.0,sim,so4,0.0008970643105949
oname:conc_otype:lst_usecol:sim_time:165.0_obsid:welopt-ly3_variable:o0,0.0,0.0,conc,,,welopt-ly3,conc,lst,165.0,sim,o0,
oname:conc_otype:lst_usecol:sim_time:165.0_obsid:welopt-ly3_variable:ph,6.67492,0.0,conc,,,welopt-ly3,conc,lst,165.0,sim,ph,
oname:conc_otype:lst_usecol:sim_time:165.0_obsid:welopt-ly3_variable:so4,5.53272e-05,0.0,conc,,,welopt-ly3,conc,lst,165.0,sim,so4,
oname:conc_otype:lst_usecol:sim_time:165.0_obsid:wp1-f3_variable:o0,1.06048e-09,3065.696697424829,conc,,,wp1-f3,conc,lst,165.0,sim,o0,0.000326190128606
oname:conc_otype:lst_usecol:sim_time:165.0_obsid:wp1-f3_variable:ph,6.52539,0.6131393394849658,conc,,,wp1-f3,conc,lst,165.0,sim,ph,1.6309506430300091
oname:conc_otype:lst_usecol:sim_time:165.0_obsid:wp1-f3_variable:so4,0.000603554,1076.4269193833525,conc,,,wp1-f3,conc,lst,165.0,sim,so4,0.0009289994350688
oname:conc_otype:lst_usecol:sim_time:165.0_obsid:wp4-f5_variable:o0,1.85147e-31,3143.4730673096574,conc,,,wp4-f5,conc,lst,165.0,sim,o0,0.0003181194744117
oname:conc_otype:lst_usecol:sim_time:165.0_obsid:wp4-f5_variable:ph,6.25119,0.6286946134619315,conc,,,wp4-f5,conc,lst,165.0,sim,ph,1.5905973720586868
oname:conc_otype:lst_usecol:sim_time:165.0_obsid:wp4-f5_variable:so4,0.000870021,1114.747279753841,conc,,,wp4-f5,conc,lst,165.0,sim,so4,0.0008970643105949
oname:conc_otype:lst_usecol:sim_time:166.0_obsid:welopt-ly3_variable:o0,0.0,0.0,conc,,,welopt-ly3,conc,lst,166.0,sim,o0,
oname:conc_otype:lst_usecol:sim_time:166.0_obsid:welopt-ly3_variable:ph,6.67492,0.0,conc,,,welopt-ly3,conc,lst,166.0,sim,ph,
oname:conc_otype:lst_usecol:sim_time:166.0_obsid:welopt-ly3_variable:so4,5.53272e-05,0.0,conc,,,welopt-ly3,conc,lst,166.0,sim,so4,
oname:conc_otype:lst_usecol:sim_time:166.0_obsid:wp1-f3_variable:o0,1.06048e-09,3065.696697424829,conc,,,wp1-f3,conc,lst,166.0,sim,o0,0.000326190128606
oname:conc_otype:lst_usecol:sim_time:166.0_obsid:wp1-f3_variable:ph,6.52539,0.6131393394849658,conc,,,wp1-f3,conc,lst,166.0,sim,ph,1.6309506430300091
oname:conc_otype:lst_usecol:sim_time:166.0_obsid:wp1-f3_variable:so4,0.000603554,1076.4269193833525,conc,,,wp1-f3,conc,lst,166.0,sim,so4,0.0009289994350688
oname:conc_otype:lst_usecol:sim_time:166.0_obsid:wp4-f5_variable:o0,1.85147e-31,3143.4730673096574,conc,,,wp4-f5,conc,lst,166.0,sim,o0,0.0003181194744117
oname:conc_otype:lst_usecol:sim_time:166.0_obsid:wp4-f5_variable:ph,6.25119,0.6286946134619315,conc,,,wp4-f5,conc,lst,166.0,sim,ph,1.5905973720586868
oname:conc_otype:lst_usecol:sim_time:166.0_obsid:wp4-f5_variable:so4,0.000870021,1114.747279753841,conc,,,wp4-f5,conc,lst,166.0,sim,so4,0.0008970643105949
oname:conc_otype:lst_usecol:sim_time:167.0_obsid:welopt-ly3_variable:o0,0.0,0.0,conc,,,welopt-ly3,conc,lst,167.0,sim,o0,
oname:conc_otype:lst_usecol:sim_time:167.0_obsid:welopt-ly3_variable:ph,6.67492,0.0,conc,,,welopt-ly3,conc,lst,167.0,sim,ph,
oname:conc_otype:lst_usecol:sim_time:167.0_obsid:welopt-ly3_variable:so4,5.53272e-05,0.0,conc,,,welopt-ly3,conc,lst,167.0,sim,so4,
oname:conc_otype:lst_usecol:sim_time:167.0_obsid:wp1-f3_variable:o0,1.06048e-09,3065.696697424829,conc,,,wp1-f3,conc,lst,167.0,sim,o0,0.000326190128606
oname:conc_otype:lst_usecol:sim_time:167.0_obsid:wp1-f3_variable:ph,6.52539,0.6131393394849658,conc,,,wp1-f3,conc,lst,167.0,sim,ph,1.6309506430300091
oname:conc_otype:lst_usecol:sim_time:167.0_obsid:wp1-f3_variable:so4,0.000603554,1076.4269193833525,conc,,,wp1-f3,conc,lst,167.0,sim,so4,0.0009289994350688
oname:conc_otype:lst_usecol:sim_time:167.0_obsid:wp4-f5_variable:o0,1.85147e-31,3143.4730673096574,conc,,,wp4-f5,conc,lst,167.0,sim,o0,0.0003181194744117
oname:conc_otype:lst_usecol:sim_time:167.0_obsid:wp4-f5_variable:ph,6.25119,0.6286946134619315,conc,,,wp4-f5,conc,lst,167.0,sim,ph,1.5905973720586868
oname:conc_otype:lst_usecol:sim_time:167.0_obsid:wp4-f5_variable:so4,0.000870021,1114.747279753841,conc,,,wp4-f5,conc,lst,167.0,sim,so4,0.0008970643105949
oname:conc_otype:lst_usecol:sim_time:168.0_obsid:welopt-ly3_variable:o0,0.0,0.0,conc,,,welopt-ly3,conc,lst,168.0,sim,o0,
oname:conc_otype:lst_usecol:sim_time:168.0_obsid:welopt-ly3_variable:ph,6.67492,0.0,conc,,,welopt-ly3,conc,lst,168.0,sim,ph,
oname:conc_otype:lst_usecol:sim_time:168.0_obsid:welopt-ly3_variable:so4,5.53272e-05,0.0,conc,,,welopt-ly3,conc,lst,168.0,sim,so4,
oname:conc_otype:lst_usecol:sim_time:168.0_obsid:wp1-f3_variable:o0,1.06048e-09,3065.696697424829,conc,,,wp1-f3,conc,lst,168.0,sim,o0,0.000326190128606
oname:conc_otype:lst_usecol:sim_time:168.0_obsid:wp1-f3_variable:ph,6.52539,0.6131393394849658,conc,,,wp1-f3,conc,lst,168.0,sim,ph,1.6309506430300091
oname:conc_otype:lst_usecol:sim_time:168.0_obsid:wp1-f3_variable:so4,0.000603554,1076.4269193833525,conc,,,wp1-f3,conc,lst,168.0,sim,so4,0.0009289994350688
oname:conc_otype:lst_usecol:sim_time:168.0_obsid:wp4-f5_variable:o0,1.85147e-31,3143.4730673096574,conc,,,wp4-f5,conc,lst,168.0,sim,o0,0.0003181194744117
oname:conc_otype:lst_usecol:sim_time:168.0_obsid:wp4-f5_variable:ph,6.25119,0.6286946134619315,conc,,,wp4-f5,conc,lst,168.0,sim,ph,1.5905973720586868
oname:conc_otype:lst_usecol:sim_time:168.0_obsid:wp4-f5_variable:so4,0.000870021,1114.747279753841,conc,,,wp4-f5,conc,lst,168.0,sim,so4,0.0008970643105949
oname:conc_otype:lst_usecol:sim_time:169.0_obsid:welopt-ly3_variable:o0,0.0,0.0,conc,,,welopt-ly3,conc,lst,169.0,sim,o0,
oname:conc_otype:lst_usecol:sim_time:169.0_obsid:welopt-ly3_variable:ph,6.67492,0.0,conc,,,welopt-ly3,conc,lst,169.0,sim,ph,
oname:conc_otype:lst_usecol:sim_time:169.0_obsid:welopt-ly3_variable:so4,5.53272e-05,0.0,conc,,,welopt-ly3,conc,lst,169.0,sim,so4,
oname:conc_otype:lst_usecol:sim_time:169.0_obsid:wp1-f3_variable:o0,1.06048e-09,3065.696697424829,conc,,,wp1-f3,conc,lst,169.0,sim,o0,0.000326190128606
oname:conc_otype:lst_usecol:sim_time:169.0_obsid:wp1-f3_variable:ph,6.52539,0.6131393394849658,conc,,,wp1-f3,conc,lst,169.0,sim,ph,1.6309506430300091
oname:conc_otype:lst_usecol:sim_time:169.0_obsid:wp1-f3_variable:so4,0.000603554,1076.4269193833525,conc,,,wp1-f3,conc,lst,169.0,sim,so4,0.0009289994350688
oname:conc_otype:lst_usecol:sim_time:169.0_obsid:wp4-f5_variable:o0,1.85147e-31,3143.4730673096574,conc,,,wp4-f5,conc,lst,169.0,sim,o0,0.0003181194744117
oname:conc_otype:lst_usecol:sim_time:169.0_obsid:wp4-f5_variable:ph,6.25119,0.6286946134619315,conc,,,wp4-f5,conc,lst,169.0,sim,ph,1.5905973720586868
oname:conc_otype:lst_usecol:sim_time:169.0_obsid:wp4-f5_variable:so4,0.000870021,1114.747279753841,conc,,,wp4-f5,conc,lst,169.0,sim,so4,0.0008970643105949
oname:conc_otype:lst_usecol:sim_time:17.0_obsid:welopt-ly3_variable:o0,0.0,0.0,conc,,,welopt-ly3,conc,lst,17.0,sim,o0,
oname:conc_otype:lst_usecol:sim_time:17.0_obsid:welopt-ly3_variable:ph,6.67491,0.0,conc,,,welopt-ly3,conc,lst,17.0,sim,ph,
oname:conc_otype:lst_usecol:sim_time:17.0_obsid:welopt-ly3_variable:so4,5.51168e-05,0.0,conc,,,welopt-ly3,conc,lst,17.0,sim,so4,
oname:conc_otype:lst_usecol:sim_time:17.0_obsid:wp1-f3_variable:o0,4.76418e-31,0.0,conc,,,wp1-f3,conc,lst,17.0,sim,o0,0.000326190128606
oname:conc_otype:lst_usecol:sim_time:17.0_obsid:wp1-f3_variable:ph,6.41835,0.6131393394849658,conc,,,wp1-f3,conc,lst,17.0,sim,ph,1.6309506430300091
oname:conc_otype:lst_usecol:sim_time:17.0_obsid:wp1-f3_variable:so4,0.000505975,1226.2786789699317,conc,,,wp1-f3,conc,lst,17.0,sim,so4,0.000815475321515
oname:conc_otype:lst_usecol:sim_time:17.0_obsid:wp4-f5_variable:o0,0.0,0.0,conc,,,wp4-f5,conc,lst,17.0,sim,o0,0.0003181194744117
oname:conc_otype:lst_usecol:sim_time:17.0_obsid:wp4-f5_variable:ph,6.67491,0.6286946134619315,conc,,,wp4-f5,conc,lst,17.0,sim,ph,1.5905973720586868
oname:conc_otype:lst_usecol:sim_time:17.0_obsid:wp4-f5_variable:so4,5.51205e-05,1257.389226923863,conc,,,wp4-f5,conc,lst,17.0,sim,so4,0.0007952986860293
oname:conc_otype:lst_usecol:sim_time:170.0_obsid:welopt-ly3_variable:o0,0.0,0.0,conc,,,welopt-ly3,conc,lst,170.0,sim,o0,
oname:conc_otype:lst_usecol:sim_time:170.0_obsid:welopt-ly3_variable:ph,6.67492,0.0,conc,,,welopt-ly3,conc,lst,170.0,sim,ph,
oname:conc_otype:lst_usecol:sim_time:170.0_obsid:welopt-ly3_variable:so4,5.53676e-05,0.0,conc,,,welopt-ly3,conc,lst,170.0,sim,so4,
oname:conc_otype:lst_usecol:sim_time:170.0_obsid:wp1-f3_variable:o0,1.02382e-09,3065.696697424829,conc,,,wp1-f3,conc,lst,170.0,sim,o0,0.000326190128606
oname:conc_otype:lst_usecol:sim_time:170.0_obsid:wp1-f3_variable:ph,6.58192,0.6131393394849658,conc,,,wp1-f3,conc,lst,170.0,sim,ph,1.6309506430300091
oname:conc_otype:lst_usecol:sim_time:170.0_obsid:wp1-f3_variable:so4,0.000624054,1088.0329896929477,conc,,,wp1-f3,conc,lst,170.0,sim,so4,0.0009190897789617
oname:conc_otype:lst_usecol:sim_time:170.0_obsid:wp4-f5_variable:o0,5.22927e-31,3143.4730673096574,conc,,,wp4-f5,conc,lst,170.0,sim,o0,0.0003181194744117
oname:conc_otype:lst_usecol:sim_time:170.0_obsid:wp4-f5_variable:ph,6.20101,0.6286946134619315,conc,,,wp4-f5,conc,lst,170.0,sim,ph,1.5905973720586868
oname:conc_otype:lst_usecol:sim_time:170.0_obsid:wp4-f5_variable:so4,0.000878544,1166.7396250996692,conc,,,wp4-f5,conc,lst,170.0,sim,so4,0.0008570892583806
oname:conc_otype:lst_usecol:sim_time:171.0_obsid:welopt-ly3_variable:o0,0.0,0.0,conc,,,welopt-ly3,conc,lst,171.0,sim,o0,
oname:conc_otype:lst_usecol:sim_time:171.0_obsid:welopt-ly3_variable:ph,6.67492,0.0,conc,,,welopt-ly3,conc,lst,171.0,sim,ph,
oname:conc_otype:lst_usecol:sim_time:171.0_obsid:welopt-ly3_variable:so4,5.53676e-05,0.0,conc,,,welopt-ly3,conc,lst,171.0,sim,so4,
oname:conc_otype:lst_usecol:sim_time:171.0_obsid:wp1-f3_variable:o0,1.02382e-09,3065.696697424829,conc,,,wp1-f3,conc,lst,171.0,sim,o0,0.000326190128606
oname:conc_otype:lst_usecol:sim_time:171.0_obsid:wp1-f3_variable:ph,6.58192,0.6131393394849658,conc,,,wp1-f3,conc,lst,171.0,sim,ph,1.6309506430300091
oname:conc_otype:lst_usecol:sim_time:171.0_obsid:wp1-f3_variable:so4,0.000624054,1088.0329896929477,conc,,,wp1-f3,conc,lst,171.0,sim,so4,0.0009190897789617
oname:conc_otype:lst_usecol:sim_time:171.0_obsid:wp4-f5_variable:o0,5.22927e-31,3143.4730673096574,conc,,,wp4-f5,conc,lst,171.0,sim,o0,0.0003181194744117
oname:conc_otype:lst_usecol:sim_time:171.0_obsid:wp4-f5_variable:ph,6.20101,0.6286946134619315,conc,,,wp4-f5,conc,lst,171.0,sim,ph,1.5905973720586868
oname:conc_otype:lst_usecol:sim_time:171.0_obsid:wp4-f5_variable:so4,0.000878544,1166.7396250996692,conc,,,wp4-f5,conc,lst,171.0,sim,so4,0.0008570892583806
oname:conc_otype:lst_usecol:sim_time:172.0_obsid:welopt-ly3_variable:o0,0.0,0.0,conc,,,welopt-ly3,conc,lst,172.0,sim,o0,
oname:conc_otype:lst_usecol:sim_time:172.0_obsid:welopt-ly3_variable:ph,6.67492,0.0,conc,,,welopt-ly3,conc,lst,172.0,sim,ph,
oname:conc_otype:lst_usecol:sim_time:172.0_obsid:welopt-ly3_variable:so4,5.53676e-05,0.0,conc,,,welopt-ly3,conc,lst,172.0,sim,so4,
oname:conc_otype:lst_usecol:sim_time:172.0_obsid:wp1-f3_variable:o0,1.02382e-09,3065.696697424829,conc,,,wp1-f3,conc,lst,172.0,sim,o0,0.000326190128606
oname:conc_otype:lst_usecol:sim_time:172.0_obsid:wp1-f3_variable:ph,6.58192,0.6131393394849658,conc,,,wp1-f3,conc,lst,172.0,sim,ph,1.6309506430300091
oname:conc_otype:lst_usecol:sim_time:172.0_obsid:wp1-f3_variable:so4,0.000624054,1088.0329896929477,conc,,,wp1-f3,conc,lst,172.0,sim,so4,0.0009190897789617
oname:conc_otype:lst_usecol:sim_time:172.0_obsid:wp4-f5_variable:o0,5.22927e-31,3143.4730673096574,conc,,,wp4-f5,conc,lst,172.0,sim,o0,0.0003181194744117
oname:conc_otype:lst_usecol:sim_time:172.0_obsid:wp4-f5_variable:ph,6.20101,0.6286946134619315,conc,,,wp4-f5,conc,lst,172.0,sim,ph,1.5905973720586868
oname:conc_otype:lst_usecol:sim_time:172.0_obsid:wp4-f5_variable:so4,0.000878544,1166.7396250996692,conc,,,wp4-f5,conc,lst,172.0,sim,so4,0.0008570892583806
oname:conc_otype:lst_usecol:sim_time:173.0_obsid:welopt-ly3_variable:o0,0.0,0.0,conc,,,welopt-ly3,conc,lst,173.0,sim,o0,
oname:conc_otype:lst_usecol:sim_time:173.0_obsid:welopt-ly3_variable:ph,6.67492,0.0,conc,,,welopt-ly3,conc,lst,173.0,sim,ph,
oname:conc_otype:lst_usecol:sim_time:173.0_obsid:welopt-ly3_variable:so4,5.53676e-05,0.0,conc,,,welopt-ly3,conc,lst,173.0,sim,so4,
oname:conc_otype:lst_usecol:sim_time:173.0_obsid:wp1-f3_variable:o0,1.02382e-09,3065.696697424829,conc,,,wp1-f3,conc,lst,173.0,sim,o0,0.000326190128606
oname:conc_otype:lst_usecol:sim_time:173.0_obsid:wp1-f3_variable:ph,6.58192,0.6131393394849658,conc,,,wp1-f3,conc,lst,173.0,sim,ph,1.6309506430300091
oname:conc_otype:lst_usecol:sim_time:173.0_obsid:wp1-f3_variable:so4,0.000624054,1088.0329896929477,conc,,,wp1-f3,conc,lst,173.0,sim,so4,0.0009190897789617
oname:conc_otype:lst_usecol:sim_time:173.0_obsid:wp4-f5_variable:o0,5.22927e-31,3143.4730673096574,conc,,,wp4-f5,conc,lst,173.0,sim,o0,0.0003181194744117
oname:conc_otype:lst_usecol:sim_time:173.0_obsid:wp4-f5_variable:ph,6.20101,0.6286946134619315,conc,,,wp4-f5,conc,lst,173.0,sim,ph,1.5905973720586868
oname:conc_otype:lst_usecol:sim_time:173.0_obsid:wp4-f5_variable:so4,0.000878544,1166.7396250996692,conc,,,wp4-f5,conc,lst,173.0,sim,so4,0.0008570892583806
oname:conc_otype:lst_usecol:sim_time:174.0_obsid:welopt-ly3_variable:o0,0.0,0.0,conc,,,welopt-ly3,conc,lst,174.0,sim,o0,
oname:conc_otype:lst_usecol:sim_time:174.0_obsid:welopt-ly3_variable:ph,6.67492,0.0,conc,,,welopt-ly3,conc,lst,174.0,sim,ph,
oname:conc_otype:lst_usecol:sim_time:174.0_obsid:welopt-ly3_variable:so4,5.53676e-05,0.0,conc,,,welopt-ly3,conc,lst,174.0,sim,so4,
oname:conc_otype:lst_usecol:sim_time:174.0_obsid:wp1-f3_variable:o0,1.02382e-09,3065.696697424829,conc,,,wp1-f3,conc,lst,174.0,sim,o0,0.000326190128606
oname:conc_otype:lst_usecol:sim_time:174.0_obsid:wp1-f3_variable:ph,6.58192,0.6131393394849658,conc,,,wp1-f3,conc,lst,174.0,sim,ph,1.6309506430300091
oname:conc_otype:lst_usecol:sim_time:174.0_obsid:wp1-f3_variable:so4,0.000624054,1088.0329896929477,conc,,,wp1-f3,conc,lst,174.0,sim,so4,0.0009190897789617
oname:conc_otype:lst_usecol:sim_time:174.0_obsid:wp4-f5_variable:o0,5.22927e-31,3143.4730673096574,conc,,,wp4-f5,conc,lst,174.0,sim,o0,0.0003181194744117
oname:conc_otype:lst_usecol:sim_time:174.0_obsid:wp4-f5_variable:ph,6.20101,0.6286946134619315,conc,,,wp4-f5,conc,lst,174.0,sim,ph,1.5905973720586868
oname:conc_otype:lst_usecol:sim_time:174.0_obsid:wp4-f5_variable:so4,0.000878544,1166.7396250996692,conc,,,wp4-f5,conc,lst,174.0,sim,so4,0.0008570892583806
oname:conc_otype:lst_usecol:sim_time:175.0_obsid:welopt-ly3_variable:o0,0.0,0.0,conc,,,welopt-ly3,conc,lst,175.0,sim,o0,
oname:conc_otype:lst_usecol:sim_time:175.0_obsid:welopt-ly3_variable:ph,6.67492,0.0,conc,,,welopt-ly3,conc,lst,175.0,sim,ph,
oname:conc_otype:lst_usecol:sim_time:175.0_obsid:welopt-ly3_variable:so4,5.53676e-05,0.0,conc,,,welopt-ly3,conc,lst,175.0,sim,so4,
oname:conc_otype:lst_usecol:sim_time:175.0_obsid:wp1-f3_variable:o0,1.02382e-09,3065.696697424829,conc,,,wp1-f3,conc,lst,175.0,sim,o0,0.000326190128606
oname:conc_otype:lst_usecol:sim_time:175.0_obsid:wp1-f3_variable:ph,6.58192,0.6131393394849658,conc,,,wp1-f3,conc,lst,175.0,sim,ph,1.6309506430300091
oname:conc_otype:lst_usecol:sim_time:175.0_obsid:wp1-f3_variable:so4,0.000624054,1088.0329896929477,conc,,,wp1-f3,conc,lst,175.0,sim,so4,0.0009190897789617
oname:conc_otype:lst_usecol:sim_time:175.0_obsid:wp4-f5_variable:o0,5.22927e-31,3143.4730673096574,conc,,,wp4-f5,conc,lst,175.0,sim,o0,0.0003181194744117
oname:conc_otype:lst_usecol:sim_time:175.0_obsid:wp4-f5_variable:ph,6.20101,0.6286946134619315,conc,,,wp4-f5,conc,lst,175.0,sim,ph,1.5905973720586868
oname:conc_otype:lst_usecol:sim_time:175.0_obsid:wp4-f5_variable:so4,0.000878544,1166.7396250996692,conc,,,wp4-f5,conc,lst,175.0,sim,so4,0.0008570892583806
oname:conc_otype:lst_usecol:sim_time:176.0_obsid:welopt-ly3_variable:o0,0.0,0.0,conc,,,welopt-ly3,conc,lst,176.0,sim,o0,
oname:conc_otype:lst_usecol:sim_time:176.0_obsid:welopt-ly3_variable:ph,6.67492,0.0,conc,,,welopt-ly3,conc,lst,176.0,sim,ph,
oname:conc_otype:lst_usecol:sim_time:176.0_obsid:welopt-ly3_variable:so4,5.53676e-05,0.0,conc,,,welopt-ly3,conc,lst,176.0,sim,so4,
oname:conc_otype:lst_usecol:sim_time:176.0_obsid:wp1-f3_variable:o0,1.02382e-09,3065.696697424829,conc,,,wp1-f3,conc,lst,176.0,sim,o0,0.000326190128606
oname:conc_otype:lst_usecol:sim_time:176.0_obsid:wp1-f3_variable:ph,6.58192,0.6131393394849658,conc,,,wp1-f3,conc,lst,176.0,sim,ph,1.6309506430300091
oname:conc_otype:lst_usecol:sim_time:176.0_obsid:wp1-f3_variable:so4,0.000624054,1088.0329896929477,conc,,,wp1-f3,conc,lst,176.0,sim,so4,0.0009190897789617
oname:conc_otype:lst_usecol:sim_time:176.0_obsid:wp4-f5_variable:o0,5.22927e-31,3143.4730673096574,conc,,,wp4-f5,conc,lst,176.0,sim,o0,0.0003181194744117
oname:conc_otype:lst_usecol:sim_time:176.0_obsid:wp4-f5_variable:ph,6.20101,0.6286946134619315,conc,,,wp4-f5,conc,lst,176.0,sim,ph,1.5905973720586868
oname:conc_otype:lst_usecol:sim_time:176.0_obsid:wp4-f5_variable:so4,0.000878544,1166.7396250996692,conc,,,wp4-f5,conc,lst,176.0,sim,so4,0.0008570892583806
oname:conc_otype:lst_usecol:sim_time:177.0_obsid:welopt-ly3_variable:o0,0.0,0.0,conc,,,welopt-ly3,conc,lst,177.0,sim,o0,
oname:conc_otype:lst_usecol:sim_time:177.0_obsid:welopt-ly3_variable:ph,6.67493,0.0,conc,,,welopt-ly3,conc,lst,177.0,sim,ph,
oname:conc_otype:lst_usecol:sim_time:177.0_obsid:welopt-ly3_variable:so4,5.54084e-05,0.0,conc,,,welopt-ly3,conc,lst,177.0,sim,so4,
oname:conc_otype:lst_usecol:sim_time:177.0_obsid:wp1-f3_variable:o0,1.94758e-09,3065.696697424829,conc,,,wp1-f3,conc,lst,177.0,sim,o0,0.000326190128606
oname:conc_otype:lst_usecol:sim_time:177.0_obsid:wp1-f3_variable:ph,6.66011,0.6131393394849658,conc,,,wp1-f3,conc,lst,177.0,sim,ph,1.6309506430300091
oname:conc_otype:lst_usecol:sim_time:177.0_obsid:wp1-f3_variable:so4,0.000651179,1108.189957137373,conc,,,wp1-f3,conc,lst,177.0,sim,so4,0.0009023723717756
oname:conc_otype:lst_usecol:sim_time:177.0_obsid:wp4-f5_variable:o0,4.63226e-31,3143.4730673096574,conc,,,wp4-f5,conc,lst,177.0,sim,o0,0.0003181194744117
oname:conc_otype:lst_usecol:sim_time:177.0_obsid:wp4-f5_variable:ph,6.2113,0.6286946134619315,conc,,,wp4-f5,conc,lst,177.0,sim,ph,1.5905973720586868
oname:conc_otype:lst_usecol:sim_time:177.0_obsid:wp4-f5_variable:so4,0.000882674,1257.389226923863,conc,,,wp4-f5,conc,lst,177.0,sim,so4,0.0007952986860293
oname:conc_otype:lst_usecol:sim_time:178.0_obsid:welopt-ly3_variable:o0,0.0,0.0,conc,,,welopt-ly3,conc,lst,178.0,sim,o0,
oname:conc_otype:lst_usecol:sim_time:178.0_obsid:welopt-ly3_variable:ph,6.67493,0.0,conc,,,welopt-ly3,conc,lst,178.0,sim,ph,
oname:conc_otype:lst_usecol:sim_time:178.0_obsid:welopt-ly3_variable:so4,5.54084e-05,0.0,conc,,,welopt-ly3,conc,lst,178.0,sim,so4,
oname:conc_otype:lst_usecol:sim_time:178.0_obsid:wp1-f3_variable:o0,1.94758e-09,3065.696697424829,conc,,,wp1-f3,conc,lst,178.0,sim,o0,0.000326190128606
oname:conc_otype:lst_usecol:sim_time:178.0_obsid:wp1-f3_variable:ph,6.66011,0.6131393394849658,conc,,,wp1-f3,conc,lst,178.0,sim,ph,1.6309506430300091
oname:conc_otype:lst_usecol:sim_time:178.0_obsid:wp1-f3_variable:so4,0.000651179,1108.189957137373,conc,,,wp1-f3,conc,lst,178.0,sim,so4,0.0009023723717756
oname:conc_otype:lst_usecol:sim_time:178.0_obsid:wp4-f5_variable:o0,4.63226e-31,3143.4730673096574,conc,,,wp4-f5,conc,lst,178.0,sim,o0,0.0003181194744117
oname:conc_otype:lst_usecol:sim_time:178.0_obsid:wp4-f5_variable:ph,6.2113,0.6286946134619315,conc,,,wp4-f5,conc,lst,178.0,sim,ph,1.5905973720586868
oname:conc_otype:lst_usecol:sim_time:178.0_obsid:wp4-f5_variable:so4,0.000882674,1257.389226923863,conc,,,wp4-f5,conc,lst,178.0,sim,so4,0.0007952986860293
oname:conc_otype:lst_usecol:sim_time:179.0_obsid:welopt-ly3_variable:o0,0.0,0.0,conc,,,welopt-ly3,conc,lst,179.0,sim,o0,
oname:conc_otype:lst_usecol:sim_time:179.0_obsid:welopt-ly3_variable:ph,6.67493,0.0,conc,,,welopt-ly3,conc,lst,179.0,sim,ph,
oname:conc_otype:lst_usecol:sim_time:179.0_obsid:welopt-ly3_variable:so4,5.54084e-05,0.0,conc,,,welopt-ly3,conc,lst,179.0,sim,so4,
oname:conc_otype:lst_usecol:sim_time:179.0_obsid:wp1-f3_variable:o0,1.94758e-09,3065.696697424829,conc,,,wp1-f3,conc,lst,179.0,sim,o0,0.000326190128606
oname:conc_otype:lst_usecol:sim_time:179.0_obsid:wp1-f3_variable:ph,6.66011,0.6131393394849658,conc,,,wp1-f3,conc,lst,179.0,sim,ph,1.6309506430300091
oname:conc_otype:lst_usecol:sim_time:179.0_obsid:wp1-f3_variable:so4,0.000651179,1108.189957137373,conc,,,wp1-f3,conc,lst,179.0,sim,so4,0.0009023723717756
oname:conc_otype:lst_usecol:sim_time:179.0_obsid:wp4-f5_variable:o0,4.63226e-31,3143.4730673096574,conc,,,wp4-f5,conc,lst,179.0,sim,o0,0.0003181194744117
oname:conc_otype:lst_usecol:sim_time:179.0_obsid:wp4-f5_variable:ph,6.2113,0.6286946134619315,conc,,,wp4-f5,conc,lst,179.0,sim,ph,1.5905973720586868
oname:conc_otype:lst_usecol:sim_time:179.0_obsid:wp4-f5_variable:so4,0.000882674,1257.389226923863,conc,,,wp4-f5,conc,lst,179.0,sim,so4,0.0007952986860293
oname:conc_otype:lst_usecol:sim_time:18.0_obsid:welopt-ly3_variable:o0,0.0,0.0,conc,,,welopt-ly3,conc,lst,18.0,sim,o0,
oname:conc_otype:lst_usecol:sim_time:18.0_obsid:welopt-ly3_variable:ph,6.67491,0.0,conc,,,welopt-ly3,conc,lst,18.0,sim,ph,
oname:conc_otype:lst_usecol:sim_time:18.0_obsid:welopt-ly3_variable:so4,5.51168e-05,0.0,conc,,,welopt-ly3,conc,lst,18.0,sim,so4,
oname:conc_otype:lst_usecol:sim_time:18.0_obsid:wp1-f3_variable:o0,4.76418e-31,0.0,conc,,,wp1-f3,conc,lst,18.0,sim,o0,0.000326190128606
oname:conc_otype:lst_usecol:sim_time:18.0_obsid:wp1-f3_variable:ph,6.41835,0.6131393394849658,conc,,,wp1-f3,conc,lst,18.0,sim,ph,1.6309506430300091
oname:conc_otype:lst_usecol:sim_time:18.0_obsid:wp1-f3_variable:so4,0.000505975,1226.2786789699317,conc,,,wp1-f3,conc,lst,18.0,sim,so4,0.000815475321515
oname:conc_otype:lst_usecol:sim_time:18.0_obsid:wp4-f5_variable:o0,0.0,0.0,conc,,,wp4-f5,conc,lst,18.0,sim,o0,0.0003181194744117
oname:conc_otype:lst_usecol:sim_time:18.0_obsid:wp4-f5_variable:ph,6.67491,0.6286946134619315,conc,,,wp4-f5,conc,lst,18.0,sim,ph,1.5905973720586868
oname:conc_otype:lst_usecol:sim_time:18.0_obsid:wp4-f5_variable:so4,5.51205e-05,1257.389226923863,conc,,,wp4-f5,conc,lst,18.0,sim,so4,0.0007952986860293
oname:conc_otype:lst_usecol:sim_time:180.0_obsid:welopt-ly3_variable:o0,0.0,0.0,conc,,,welopt-ly3,conc,lst,180.0,sim,o0,
oname:conc_otype:lst_usecol:sim_time:180.0_obsid:welopt-ly3_variable:ph,6.67493,0.0,conc,,,welopt-ly3,conc,lst,180.0,sim,ph,
oname:conc_otype:lst_usecol:sim_time:180.0_obsid:welopt-ly3_variable:so4,5.54084e-05,0.0,conc,,,welopt-ly3,conc,lst,180.0,sim,so4,
oname:conc_otype:lst_usecol:sim_time:180.0_obsid:wp1-f3_variable:o0,1.94758e-09,3065.696697424829,conc,,,wp1-f3,conc,lst,180.0,sim,o0,0.000326190128606
oname:conc_otype:lst_usecol:sim_time:180.0_obsid:wp1-f3_variable:ph,6.66011,0.6131393394849658,conc,,,wp1-f3,conc,lst,180.0,sim,ph,1.6309506430300091
oname:conc_otype:lst_usecol:sim_time:180.0_obsid:wp1-f3_variable:so4,0.000651179,1108.189957137373,conc,,,wp1-f3,conc,lst,180.0,sim,so4,0.0009023723717756
oname:conc_otype:lst_usecol:sim_time:180.0_obsid:wp4-f5_variable:o0,4.63226e-31,3143.4730673096574,conc,,,wp4-f5,conc,lst,180.0,sim,o0,0.0003181194744117
oname:conc_otype:lst_usecol:sim_time:180.0_obsid:wp4-f5_variable:ph,6.2113,0.6286946134619315,conc,,,wp4-f5,conc,lst,180.0,sim,ph,1.5905973720586868
oname:conc_otype:lst_usecol:sim_time:180.0_obsid:wp4-f5_variable:so4,0.000882674,1257.389226923863,conc,,,wp4-f5,conc,lst,180.0,sim,so4,0.0007952986860293
oname:conc_otype:lst_usecol:sim_time:181.0_obsid:welopt-ly3_variable:o0,0.0,0.0,conc,,,welopt-ly3,conc,lst,181.0,sim,o0,
oname:conc_otype:lst_usecol:sim_time:181.0_obsid:welopt-ly3_variable:ph,6.67493,0.0,conc,,,welopt-ly3,conc,lst,181.0,sim,ph,
oname:conc_otype:lst_usecol:sim_time:181.0_obsid:welopt-ly3_variable:so4,5.54084e-05,0.0,conc,,,welopt-ly3,conc,lst,181.0,sim,so4,
oname:conc_otype:lst_usecol:sim_time:181.0_obsid:wp1-f3_variable:o0,1.94758e-09,3065.696697424829,conc,,,wp1-f3,conc,lst,181.0,sim,o0,0.000326190128606
oname:conc_otype:lst_usecol:sim_time:181.0_obsid:wp1-f3_variable:ph,6.66011,0.6131393394849658,conc,,,wp1-f3,conc,lst,181.0,sim,ph,1.6309506430300091
oname:conc_otype:lst_usecol:sim_time:181.0_obsid:wp1-f3_variable:so4,0.000651179,1108.189957137373,conc,,,wp1-f3,conc,lst,181.0,sim,so4,0.0009023723717756
oname:conc_otype:lst_usecol:sim_time:181.0_obsid:wp4-f5_variable:o0,4.63226e-31,3143.4730673096574,conc,,,wp4-f5,conc,lst,181.0,sim,o0,0.0003181194744117
oname:conc_otype:lst_usecol:sim_time:181.0_obsid:wp4-f5_variable:ph,6.2113,0.6286946134619315,conc,,,wp4-f5,conc,lst,181.0,sim,ph,1.5905973720586868
oname:conc_otype:lst_usecol:sim_time:181.0_obsid:wp4-f5_variable:so4,0.000882674,1257.389226923863,conc,,,wp4-f5,conc,lst,181.0,sim,so4,0.0007952986860293
oname:conc_otype:lst_usecol:sim_time:182.0_obsid:welopt-ly3_variable:o0,0.0,0.0,conc,,,welopt-ly3,conc,lst,182.0,sim,o0,
oname:conc_otype:lst_usecol:sim_time:182.0_obsid:welopt-ly3_variable:ph,6.67493,0.0,conc,,,welopt-ly3,conc,lst,182.0,sim,ph,
oname:conc_otype:lst_usecol:sim_time:182.0_obsid:welopt-ly3_variable:so4,5.54084e-05,0.0,conc,,,welopt-ly3,conc,lst,182.0,sim,so4,
oname:conc_otype:lst_usecol:sim_time:182.0_obsid:wp1-f3_variable:o0,1.94758e-09,3065.696697424829,conc,,,wp1-f3,conc,lst,182.0,sim,o0,0.000326190128606
oname:conc_otype:lst_usecol:sim_time:182.0_obsid:wp1-f3_variable:ph,6.66011,0.6131393394849658,conc,,,wp1-f3,conc,lst,182.0,sim,ph,1.6309506430300091
oname:conc_otype:lst_usecol:sim_time:182.0_obsid:wp1-f3_variable:so4,0.000651179,1108.189957137373,conc,,,wp1-f3,conc,lst,182.0,sim,so4,0.0009023723717756
oname:conc_otype:lst_usecol:sim_time:182.0_obsid:wp4-f5_variable:o0,4.63226e-31,3143.4730673096574,conc,,,wp4-f5,conc,lst,182.0,sim,o0,0.0003181194744117
oname:conc_otype:lst_usecol:sim_time:182.0_obsid:wp4-f5_variable:ph,6.2113,0.6286946134619315,conc,,,wp4-f5,conc,lst,182.0,sim,ph,1.5905973720586868
oname:conc_otype:lst_usecol:sim_time:182.0_obsid:wp4-f5_variable:so4,0.000882674,1257.389226923863,conc,,,wp4-f5,conc,lst,182.0,sim,so4,0.0007952986860293
oname:conc_otype:lst_usecol:sim_time:183.0_obsid:welopt-ly3_variable:o0,0.0,0.0,conc,,,welopt-ly3,conc,lst,183.0,sim,o0,
oname:conc_otype:lst_usecol:sim_time:183.0_obsid:welopt-ly3_variable:ph,6.67493,0.0,conc,,,welopt-ly3,conc,lst,183.0,sim,ph,
oname:conc_otype:lst_usecol:sim_time:183.0_obsid:welopt-ly3_variable:so4,5.54084e-05,0.0,conc,,,welopt-ly3,conc,lst,183.0,sim,so4,
oname:conc_otype:lst_usecol:sim_time:183.0_obsid:wp1-f3_variable:o0,1.94758e-09,3065.696697424829,conc,,,wp1-f3,conc,lst,183.0,sim,o0,0.000326190128606
oname:conc_otype:lst_usecol:sim_time:183.0_obsid:wp1-f3_variable:ph,6.66011,0.6131393394849658,conc,,,wp1-f3,conc,lst,183.0,sim,ph,1.6309506430300091
oname:conc_otype:lst_usecol:sim_time:183.0_obsid:wp1-f3_variable:so4,0.000651179,1108.189957137373,conc,,,wp1-f3,conc,lst,183.0,sim,so4,0.0009023723717756
oname:conc_otype:lst_usecol:sim_time:183.0_obsid:wp4-f5_variable:o0,4.63226e-31,3143.4730673096574,conc,,,wp4-f5,conc,lst,183.0,sim,o0,0.0003181194744117
oname:conc_otype:lst_usecol:sim_time:183.0_obsid:wp4-f5_variable:ph,6.2113,0.6286946134619315,conc,,,wp4-f5,conc,lst,183.0,sim,ph,1.5905973720586868
oname:conc_otype:lst_usecol:sim_time:183.0_obsid:wp4-f5_variable:so4,0.000882674,1257.389226923863,conc,,,wp4-f5,conc,lst,183.0,sim,so4,0.0007952986860293
oname:conc_otype:lst_usecol:sim_time:184.0_obsid:welopt-ly3_variable:o0,0.0,0.0,conc,,,welopt-ly3,conc,lst,184.0,sim,o0,
oname:conc_otype:lst_usecol:sim_time:184.0_obsid:welopt-ly3_variable:ph,6.67494,0.0,conc,,,welopt-ly3,conc,lst,184.0,sim,ph,
oname:conc_otype:lst_usecol:sim_time:184.0_obsid:welopt-ly3_variable:so4,5.54515e-05,0.0,conc,,,welopt-ly3,conc,lst,184.0,sim,so4,
oname:conc_otype:lst_usecol:sim_time:184.0_obsid:wp1-f3_variable:o0,1.4539e-05,3065.696697424829,conc,,,wp1-f3,conc,lst,184.0,sim,o0,0.000326190128606
oname:conc_otype:lst_usecol:sim_time:184.0_obsid:wp1-f3_variable:ph,6.63048,0.6131393394849658,conc,,,wp1-f3,conc,lst,184.0,sim,ph,1.6309506430300091
oname:conc_otype:lst_usecol:sim_time:184.0_obsid:wp1-f3_variable:so4,0.000654494,1135.510300488058,conc,,,wp1-f3,conc,lst,184.0,sim,so4,0.0008806613199106
oname:conc_otype:lst_usecol:sim_time:184.0_obsid:wp4-f5_variable:o0,3.07756e-31,3143.4730673096574,conc,,,wp4-f5,conc,lst,184.0,sim,o0,0.0003181194744117
oname:conc_otype:lst_usecol:sim_time:184.0_obsid:wp4-f5_variable:ph,6.23831,0.6286946134619315,conc,,,wp4-f5,conc,lst,184.0,sim,ph,1.5905973720586868
oname:conc_otype:lst_usecol:sim_time:184.0_obsid:wp4-f5_variable:so4,0.000881059,1257.389226923863,conc,,,wp4-f5,conc,lst,184.0,sim,so4,0.0007952986860293
oname:conc_otype:lst_usecol:sim_time:185.0_obsid:welopt-ly3_variable:o0,0.0,0.0,conc,,,welopt-ly3,conc,lst,185.0,sim,o0,
oname:conc_otype:lst_usecol:sim_time:185.0_obsid:welopt-ly3_variable:ph,6.67494,0.0,conc,,,welopt-ly3,conc,lst,185.0,sim,ph,
oname:conc_otype:lst_usecol:sim_time:185.0_obsid:welopt-ly3_variable:so4,5.54515e-05,0.0,conc,,,welopt-ly3,conc,lst,185.0,sim,so4,
oname:conc_otype:lst_usecol:sim_time:185.0_obsid:wp1-f3_variable:o0,1.4539e-05,3065.696697424829,conc,,,wp1-f3,conc,lst,185.0,sim,o0,0.000326190128606
oname:conc_otype:lst_usecol:sim_time:185.0_obsid:wp1-f3_variable:ph,6.63048,0.6131393394849658,conc,,,wp1-f3,conc,lst,185.0,sim,ph,1.6309506430300091
oname:conc_otype:lst_usecol:sim_time:185.0_obsid:wp1-f3_variable:so4,0.000654494,1135.510300488058,conc,,,wp1-f3,conc,lst,185.0,sim,so4,0.0008806613199106
oname:conc_otype:lst_usecol:sim_time:185.0_obsid:wp4-f5_variable:o0,3.07756e-31,3143.4730673096574,conc,,,wp4-f5,conc,lst,185.0,sim,o0,0.0003181194744117
oname:conc_otype:lst_usecol:sim_time:185.0_obsid:wp4-f5_variable:ph,6.23831,0.6286946134619315,conc,,,wp4-f5,conc,lst,185.0,sim,ph,1.5905973720586868
oname:conc_otype:lst_usecol:sim_time:185.0_obsid:wp4-f5_variable:so4,0.000881059,1257.389226923863,conc,,,wp4-f5,conc,lst,185.0,sim,so4,0.0007952986860293
oname:conc_otype:lst_usecol:sim_time:186.0_obsid:welopt-ly3_variable:o0,0.0,0.0,conc,,,welopt-ly3,conc,lst,186.0,sim,o0,
oname:conc_otype:lst_usecol:sim_time:186.0_obsid:welopt-ly3_variable:ph,6.67494,0.0,conc,,,welopt-ly3,conc,lst,186.0,sim,ph,
oname:conc_otype:lst_usecol:sim_time:186.0_obsid:welopt-ly3_variable:so4,5.54515e-05,0.0,conc,,,welopt-ly3,conc,lst,186.0,sim,so4,
oname:conc_otype:lst_usecol:sim_time:186.0_obsid:wp1-f3_variable:o0,1.4539e-05,3065.696697424829,conc,,,wp1-f3,conc,lst,186.0,sim,o0,0.000326190128606
oname:conc_otype:lst_usecol:sim_time:186.0_obsid:wp1-f3_variable:ph,6.63048,0.6131393394849658,conc,,,wp1-f3,conc,lst,186.0,sim,ph,1.6309506430300091
oname:conc_otype:lst_usecol:sim_time:186.0_obsid:wp1-f3_variable:so4,0.000654494,1135.510300488058,conc,,,wp1-f3,conc,lst,186.0,sim,so4,0.0008806613199106
oname:conc_otype:lst_usecol:sim_time:186.0_obsid:wp4-f5_variable:o0,3.07756e-31,3143.4730673096574,conc,,,wp4-f5,conc,lst,186.0,sim,o0,0.0003181194744117
oname:conc_otype:lst_usecol:sim_time:186.0_obsid:wp4-f5_variable:ph,6.23831,0.6286946134619315,conc,,,wp4-f5,conc,lst,186.0,sim,ph,1.5905973720586868
oname:conc_otype:lst_usecol:sim_time:186.0_obsid:wp4-f5_variable:so4,0.000881059,1257.389226923863,conc,,,wp4-f5,conc,lst,186.0,sim,so4,0.0007952986860293
oname:conc_otype:lst_usecol:sim_time:187.0_obsid:welopt-ly3_variable:o0,0.0,0.0,conc,,,welopt-ly3,conc,lst,187.0,sim,o0,
oname:conc_otype:lst_usecol:sim_time:187.0_obsid:welopt-ly3_variable:ph,6.67494,0.0,conc,,,welopt-ly3,conc,lst,187.0,sim,ph,
oname:conc_otype:lst_usecol:sim_time:187.0_obsid:welopt-ly3_variable:so4,5.54515e-05,0.0,conc,,,welopt-ly3,conc,lst,187.0,sim,so4,
oname:conc_otype:lst_usecol:sim_time:187.0_obsid:wp1-f3_variable:o0,1.4539e-05,3065.696697424829,conc,,,wp1-f3,conc,lst,187.0,sim,o0,0.000326190128606
oname:conc_otype:lst_usecol:sim_time:187.0_obsid:wp1-f3_variable:ph,6.63048,0.6131393394849658,conc,,,wp1-f3,conc,lst,187.0,sim,ph,1.6309506430300091
oname:conc_otype:lst_usecol:sim_time:187.0_obsid:wp1-f3_variable:so4,0.000654494,1135.510300488058,conc,,,wp1-f3,conc,lst,187.0,sim,so4,0.0008806613199106
oname:conc_otype:lst_usecol:sim_time:187.0_obsid:wp4-f5_variable:o0,3.07756e-31,3143.4730673096574,conc,,,wp4-f5,conc,lst,187.0,sim,o0,0.0003181194744117
oname:conc_otype:lst_usecol:sim_time:187.0_obsid:wp4-f5_variable:ph,6.23831,0.6286946134619315,conc,,,wp4-f5,conc,lst,187.0,sim,ph,1.5905973720586868
oname:conc_otype:lst_usecol:sim_time:187.0_obsid:wp4-f5_variable:so4,0.000881059,1257.389226923863,conc,,,wp4-f5,conc,lst,187.0,sim,so4,0.0007952986860293
oname:conc_otype:lst_usecol:sim_time:188.0_obsid:welopt-ly3_variable:o0,0.0,0.0,conc,,,welopt-ly3,conc,lst,188.0,sim,o0,
oname:conc_otype:lst_usecol:sim_time:188.0_obsid:welopt-ly3_variable:ph,6.67494,0.0,conc,,,welopt-ly3,conc,lst,188.0,sim,ph,
oname:conc_otype:lst_usecol:sim_time:188.0_obsid:welopt-ly3_variable:so4,5.54515e-05,0.0,conc,,,welopt-ly3,conc,lst,188.0,sim,so4,
oname:conc_otype:lst_usecol:sim_time:188.0_obsid:wp1-f3_variable:o0,1.4539e-05,3065.696697424829,conc,,,wp1-f3,conc,lst,188.0,sim,o0,0.000326190128606
oname:conc_otype:lst_usecol:sim_time:188.0_obsid:wp1-f3_variable:ph,6.63048,0.6131393394849658,conc,,,wp1-f3,conc,lst,188.0,sim,ph,1.6309506430300091
oname:conc_otype:lst_usecol:sim_time:188.0_obsid:wp1-f3_variable:so4,0.000654494,1135.510300488058,conc,,,wp1-f3,conc,lst,188.0,sim,so4,0.0008806613199106
oname:conc_otype:lst_usecol:sim_time:188.0_obsid:wp4-f5_variable:o0,3.07756e-31,3143.4730673096574,conc,,,wp4-f5,conc,lst,188.0,sim,o0,0.0003181194744117
oname:conc_otype:lst_usecol:sim_time:188.0_obsid:wp4-f5_variable:ph,6.23831,0.6286946134619315,conc,,,wp4-f5,conc,lst,188.0,sim,ph,1.5905973720586868
oname:conc_otype:lst_usecol:sim_time:188.0_obsid:wp4-f5_variable:so4,0.000881059,1257.389226923863,conc,,,wp4-f5,conc,lst,188.0,sim,so4,0.0007952986860293
oname:conc_otype:lst_usecol:sim_time:189.0_obsid:welopt-ly3_variable:o0,0.0,0.0,conc,,,welopt-ly3,conc,lst,189.0,sim,o0,
oname:conc_otype:lst_usecol:sim_time:189.0_obsid:welopt-ly3_variable:ph,6.67494,0.0,conc,,,welopt-ly3,conc,lst,189.0,sim,ph,
oname:conc_otype:lst_usecol:sim_time:189.0_obsid:welopt-ly3_variable:so4,5.54515e-05,0.0,conc,,,welopt-ly3,conc,lst,189.0,sim,so4,
oname:conc_otype:lst_usecol:sim_time:189.0_obsid:wp1-f3_variable:o0,1.4539e-05,3065.696697424829,conc,,,wp1-f3,conc,lst,189.0,sim,o0,0.000326190128606
oname:conc_otype:lst_usecol:sim_time:189.0_obsid:wp1-f3_variable:ph,6.63048,0.6131393394849658,conc,,,wp1-f3,conc,lst,189.0,sim,ph,1.6309506430300091
oname:conc_otype:lst_usecol:sim_time:189.0_obsid:wp1-f3_variable:so4,0.000654494,1135.510300488058,conc,,,wp1-f3,conc,lst,189.0,sim,so4,0.0008806613199106
oname:conc_otype:lst_usecol:sim_time:189.0_obsid:wp4-f5_variable:o0,3.07756e-31,3143.4730673096574,conc,,,wp4-f5,conc,lst,189.0,sim,o0,0.0003181194744117
oname:conc_otype:lst_usecol:sim_time:189.0_obsid:wp4-f5_variable:ph,6.23831,0.6286946134619315,conc,,,wp4-f5,conc,lst,189.0,sim,ph,1.5905973720586868
oname:conc_otype:lst_usecol:sim_time:189.0_obsid:wp4-f5_variable:so4,0.000881059,1257.389226923863,conc,,,wp4-f5,conc,lst,189.0,sim,so4,0.0007952986860293
oname:conc_otype:lst_usecol:sim_time:19.0_obsid:welopt-ly3_variable:o0,0.0,0.0,conc,,,welopt-ly3,conc,lst,19.0,sim,o0,
oname:conc_otype:lst_usecol:sim_time:19.0_obsid:welopt-ly3_variable:ph,6.67491,0.0,conc,,,welopt-ly3,conc,lst,19.0,sim,ph,
oname:conc_otype:lst_usecol:sim_time:19.0_obsid:welopt-ly3_variable:so4,5.51168e-05,0.0,conc,,,welopt-ly3,conc,lst,19.0,sim,so4,
oname:conc_otype:lst_usecol:sim_time:19.0_obsid:wp1-f3_variable:o0,4.76418e-31,0.0,conc,,,wp1-f3,conc,lst,19.0,sim,o0,0.000326190128606
oname:conc_otype:lst_usecol:sim_time:19.0_obsid:wp1-f3_variable:ph,6.41835,0.6131393394849658,conc,,,wp1-f3,conc,lst,19.0,sim,ph,1.6309506430300091
oname:conc_otype:lst_usecol:sim_time:19.0_obsid:wp1-f3_variable:so4,0.000505975,1226.2786789699317,conc,,,wp1-f3,conc,lst,19.0,sim,so4,0.000815475321515
oname:conc_otype:lst_usecol:sim_time:19.0_obsid:wp4-f5_variable:o0,0.0,0.0,conc,,,wp4-f5,conc,lst,19.0,sim,o0,0.0003181194744117
oname:conc_otype:lst_usecol:sim_time:19.0_obsid:wp4-f5_variable:ph,6.67491,0.6286946134619315,conc,,,wp4-f5,conc,lst,19.0,sim,ph,1.5905973720586868
oname:conc_otype:lst_usecol:sim_time:19.0_obsid:wp4-f5_variable:so4,5.51205e-05,1257.389226923863,conc,,,wp4-f5,conc,lst,19.0,sim,so4,0.0007952986860293
oname:conc_otype:lst_usecol:sim_time:190.0_obsid:welopt-ly3_variable:o0,0.0,0.0,conc,,,welopt-ly3,conc,lst,190.0,sim,o0,
oname:conc_otype:lst_usecol:sim_time:190.0_obsid:welopt-ly3_variable:ph,6.67494,0.0,conc,,,welopt-ly3,conc,lst,190.0,sim,ph,
oname:conc_otype:lst_usecol:sim_time:190.0_obsid:welopt-ly3_variable:so4,5.54515e-05,0.0,conc,,,welopt-ly3,conc,lst,190.0,sim,so4,
oname:conc_otype:lst_usecol:sim_time:190.0_obsid:wp1-f3_variable:o0,1.4539e-05,3065.696697424829,conc,,,wp1-f3,conc,lst,190.0,sim,o0,0.000326190128606
oname:conc_otype:lst_usecol:sim_time:190.0_obsid:wp1-f3_variable:ph,6.63048,0.6131393394849658,conc,,,wp1-f3,conc,lst,190.0,sim,ph,1.6309506430300091
oname:conc_otype:lst_usecol:sim_time:190.0_obsid:wp1-f3_variable:so4,0.000654494,1135.510300488058,conc,,,wp1-f3,conc,lst,190.0,sim,so4,0.0008806613199106
oname:conc_otype:lst_usecol:sim_time:190.0_obsid:wp4-f5_variable:o0,3.07756e-31,3143.4730673096574,conc,,,wp4-f5,conc,lst,190.0,sim,o0,0.0003181194744117
oname:conc_otype:lst_usecol:sim_time:190.0_obsid:wp4-f5_variable:ph,6.23831,0.6286946134619315,conc,,,wp4-f5,conc,lst,190.0,sim,ph,1.5905973720586868
oname:conc_otype:lst_usecol:sim_time:190.0_obsid:wp4-f5_variable:so4,0.000881059,1257.389226923863,conc,,,wp4-f5,conc,lst,190.0,sim,so4,0.0007952986860293
oname:conc_otype:lst_usecol:sim_time:191.0_obsid:welopt-ly3_variable:o0,0.0,0.0,conc,,,welopt-ly3,conc,lst,191.0,sim,o0,
oname:conc_otype:lst_usecol:sim_time:191.0_obsid:welopt-ly3_variable:ph,6.67495,0.0,conc,,,welopt-ly3,conc,lst,191.0,sim,ph,
oname:conc_otype:lst_usecol:sim_time:191.0_obsid:welopt-ly3_variable:so4,5.54968e-05,0.0,conc,,,welopt-ly3,conc,lst,191.0,sim,so4,
oname:conc_otype:lst_usecol:sim_time:191.0_obsid:wp1-f3_variable:o0,3.91572e-05,3065.696697424829,conc,,,wp1-f3,conc,lst,191.0,sim,o0,0.000326190128606
oname:conc_otype:lst_usecol:sim_time:191.0_obsid:wp1-f3_variable:ph,6.60033,0.6131393394849658,conc,,,wp1-f3,conc,lst,191.0,sim,ph,1.6309506430300091
oname:conc_otype:lst_usecol:sim_time:191.0_obsid:wp1-f3_variable:so4,0.000650934,1165.133188326471,conc,,,wp1-f3,conc,lst,191.0,sim,so4,0.0008582709771029
oname:conc_otype:lst_usecol:sim_time:191.0_obsid:wp4-f5_variable:o0,2.9481e-31,3143.4730673096574,conc,,,wp4-f5,conc,lst,191.0,sim,o0,0.0003181194744117
oname:conc_otype:lst_usecol:sim_time:191.0_obsid:wp4-f5_variable:ph,6.24121,0.6286946134619315,conc,,,wp4-f5,conc,lst,191.0,sim,ph,1.5905973720586868
oname:conc_otype:lst_usecol:sim_time:191.0_obsid:wp4-f5_variable:so4,0.000875321,1257.389226923863,conc,,,wp4-f5,conc,lst,191.0,sim,so4,0.0007952986860293
oname:conc_otype:lst_usecol:sim_time:192.0_obsid:welopt-ly3_variable:o0,0.0,0.0,conc,,,welopt-ly3,conc,lst,192.0,sim,o0,
oname:conc_otype:lst_usecol:sim_time:192.0_obsid:welopt-ly3_variable:ph,6.67495,0.0,conc,,,welopt-ly3,conc,lst,192.0,sim,ph,
oname:conc_otype:lst_usecol:sim_time:192.0_obsid:welopt-ly3_variable:so4,5.54968e-05,0.0,conc,,,welopt-ly3,conc,lst,192.0,sim,so4,
oname:conc_otype:lst_usecol:sim_time:192.0_obsid:wp1-f3_variable:o0,3.91572e-05,3065.696697424829,conc,,,wp1-f3,conc,lst,192.0,sim,o0,0.000326190128606
oname:conc_otype:lst_usecol:sim_time:192.0_obsid:wp1-f3_variable:ph,6.60033,0.6131393394849658,conc,,,wp1-f3,conc,lst,192.0,sim,ph,1.6309506430300091
oname:conc_otype:lst_usecol:sim_time:192.0_obsid:wp1-f3_variable:so4,0.000650934,1165.133188326471,conc,,,wp1-f3,conc,lst,192.0,sim,so4,0.0008582709771029
oname:conc_otype:lst_usecol:sim_time:192.0_obsid:wp4-f5_variable:o0,2.9481e-31,3143.4730673096574,conc,,,wp4-f5,conc,lst,192.0,sim,o0,0.0003181194744117
oname:conc_otype:lst_usecol:sim_time:192.0_obsid:wp4-f5_variable:ph,6.24121,0.6286946134619315,conc,,,wp4-f5,conc,lst,192.0,sim,ph,1.5905973720586868
oname:conc_otype:lst_usecol:sim_time:192.0_obsid:wp4-f5_variable:so4,0.000875321,1257.389226923863,conc,,,wp4-f5,conc,lst,192.0,sim,so4,0.0007952986860293
oname:conc_otype:lst_usecol:sim_time:193.0_obsid:welopt-ly3_variable:o0,0.0,0.0,conc,,,welopt-ly3,conc,lst,193.0,sim,o0,
oname:conc_otype:lst_usecol:sim_time:193.0_obsid:welopt-ly3_variable:ph,6.67495,0.0,conc,,,welopt-ly3,conc,lst,193.0,sim,ph,
oname:conc_otype:lst_usecol:sim_time:193.0_obsid:welopt-ly3_variable:so4,5.54968e-05,0.0,conc,,,welopt-ly3,conc,lst,193.0,sim,so4,
oname:conc_otype:lst_usecol:sim_time:193.0_obsid:wp1-f3_variable:o0,3.91572e-05,3065.696697424829,conc,,,wp1-f3,conc,lst,193.0,sim,o0,0.000326190128606
oname:conc_otype:lst_usecol:sim_time:193.0_obsid:wp1-f3_variable:ph,6.60033,0.6131393394849658,conc,,,wp1-f3,conc,lst,193.0,sim,ph,1.6309506430300091
oname:conc_otype:lst_usecol:sim_time:193.0_obsid:wp1-f3_variable:so4,0.000650934,1165.133188326471,conc,,,wp1-f3,conc,lst,193.0,sim,so4,0.0008582709771029
oname:conc_otype:lst_usecol:sim_time:193.0_obsid:wp4-f5_variable:o0,2.9481e-31,3143.4730673096574,conc,,,wp4-f5,conc,lst,193.0,sim,o0,0.0003181194744117
oname:conc_otype:lst_usecol:sim_time:193.0_obsid:wp4-f5_variable:ph,6.24121,0.6286946134619315,conc,,,wp4-f5,conc,lst,193.0,sim,ph,1.5905973720586868
oname:conc_otype:lst_usecol:sim_time:193.0_obsid:wp4-f5_variable:so4,0.000875321,1257.389226923863,conc,,,wp4-f5,conc,lst,193.0,sim,so4,0.0007952986860293
oname:conc_otype:lst_usecol:sim_time:194.0_obsid:welopt-ly3_variable:o0,0.0,0.0,conc,,,welopt-ly3,conc,lst,194.0,sim,o0,
oname:conc_otype:lst_usecol:sim_time:194.0_obsid:welopt-ly3_variable:ph,6.67495,0.0,conc,,,welopt-ly3,conc,lst,194.0,sim,ph,
oname:conc_otype:lst_usecol:sim_time:194.0_obsid:welopt-ly3_variable:so4,5.54968e-05,0.0,conc,,,welopt-ly3,conc,lst,194.0,sim,so4,
oname:conc_otype:lst_usecol:sim_time:194.0_obsid:wp1-f3_variable:o0,3.91572e-05,3065.696697424829,conc,,,wp1-f3,conc,lst,194.0,sim,o0,0.000326190128606
oname:conc_otype:lst_usecol:sim_time:194.0_obsid:wp1-f3_variable:ph,6.60033,0.6131393394849658,conc,,,wp1-f3,conc,lst,194.0,sim,ph,1.6309506430300091
oname:conc_otype:lst_usecol:sim_time:194.0_obsid:wp1-f3_variable:so4,0.000650934,1165.133188326471,conc,,,wp1-f3,conc,lst,194.0,sim,so4,0.0008582709771029
oname:conc_otype:lst_usecol:sim_time:194.0_obsid:wp4-f5_variable:o0,2.9481e-31,3143.4730673096574,conc,,,wp4-f5,conc,lst,194.0,sim,o0,0.0003181194744117
oname:conc_otype:lst_usecol:sim_time:194.0_obsid:wp4-f5_variable:ph,6.24121,0.6286946134619315,conc,,,wp4-f5,conc,lst,194.0,sim,ph,1.5905973720586868
oname:conc_otype:lst_usecol:sim_time:194.0_obsid:wp4-f5_variable:so4,0.000875321,1257.389226923863,conc,,,wp4-f5,conc,lst,194.0,sim,so4,0.0007952986860293
oname:conc_otype:lst_usecol:sim_time:195.0_obsid:welopt-ly3_variable:o0,0.0,0.0,conc,,,welopt-ly3,conc,lst,195.0,sim,o0,
oname:conc_otype:lst_usecol:sim_time:195.0_obsid:welopt-ly3_variable:ph,6.67495,0.0,conc,,,welopt-ly3,conc,lst,195.0,sim,ph,
oname:conc_otype:lst_usecol:sim_time:195.0_obsid:welopt-ly3_variable:so4,5.54968e-05,0.0,conc,,,welopt-ly3,conc,lst,195.0,sim,so4,
oname:conc_otype:lst_usecol:sim_time:195.0_obsid:wp1-f3_variable:o0,3.91572e-05,3065.696697424829,conc,,,wp1-f3,conc,lst,195.0,sim,o0,0.000326190128606
oname:conc_otype:lst_usecol:sim_time:195.0_obsid:wp1-f3_variable:ph,6.60033,0.6131393394849658,conc,,,wp1-f3,conc,lst,195.0,sim,ph,1.6309506430300091
oname:conc_otype:lst_usecol:sim_time:195.0_obsid:wp1-f3_variable:so4,0.000650934,1165.133188326471,conc,,,wp1-f3,conc,lst,195.0,sim,so4,0.0008582709771029
oname:conc_otype:lst_usecol:sim_time:195.0_obsid:wp4-f5_variable:o0,2.9481e-31,3143.4730673096574,conc,,,wp4-f5,conc,lst,195.0,sim,o0,0.0003181194744117
oname:conc_otype:lst_usecol:sim_time:195.0_obsid:wp4-f5_variable:ph,6.24121,0.6286946134619315,conc,,,wp4-f5,conc,lst,195.0,sim,ph,1.5905973720586868
oname:conc_otype:lst_usecol:sim_time:195.0_obsid:wp4-f5_variable:so4,0.000875321,1257.389226923863,conc,,,wp4-f5,conc,lst,195.0,sim,so4,0.0007952986860293
oname:conc_otype:lst_usecol:sim_time:196.002_obsid:wp4-f5_variable:o0,2.9481e-31,3143.4730673096574,conc,,,wp4-f5,conc,lst,196.002,sim,o0,0.0003181194744117
oname:conc_otype:lst_usecol:sim_time:196.002_obsid:wp4-f5_variable:ph,6.24121,0.6286946134619315,conc,,,wp4-f5,conc,lst,196.002,sim,ph,1.5905973720586868
oname:conc_otype:lst_usecol:sim_time:196.002_obsid:wp4-f5_variable:so4,0.000875321,1257.389226923863,conc,,,wp4-f5,conc,lst,196.002,sim,so4,0.0007952986860293
oname:conc_otype:lst_usecol:sim_time:196.052_obsid:wp1-f3_variable:o0,3.91572e-05,3065.696697424829,conc,,,wp1-f3,conc,lst,196.052,sim,o0,0.000326190128606
oname:conc_otype:lst_usecol:sim_time:196.052_obsid:wp1-f3_variable:ph,6.60033,0.6131393394849658,conc,,,wp1-f3,conc,lst,196.052,sim,ph,1.6309506430300091
oname:conc_otype:lst_usecol:sim_time:196.052_obsid:wp1-f3_variable:so4,0.000650934,1165.133188326471,conc,,,wp1-f3,conc,lst,196.052,sim,so4,0.0008582709771029
oname:conc_otype:lst_usecol:sim_time:196.0_obsid:welopt-ly3_variable:o0,0.0,0.0,conc,,,welopt-ly3,conc,lst,196.0,sim,o0,
oname:conc_otype:lst_usecol:sim_time:196.0_obsid:welopt-ly3_variable:ph,6.67495,0.0,conc,,,welopt-ly3,conc,lst,196.0,sim,ph,
oname:conc_otype:lst_usecol:sim_time:196.0_obsid:welopt-ly3_variable:so4,5.54968e-05,0.0,conc,,,welopt-ly3,conc,lst,196.0,sim,so4,
oname:conc_otype:lst_usecol:sim_time:196.0_obsid:wp1-f3_variable:o0,3.91572e-05,3065.696697424829,conc,,,wp1-f3,conc,lst,196.0,sim,o0,0.000326190128606
oname:conc_otype:lst_usecol:sim_time:196.0_obsid:wp1-f3_variable:ph,6.60033,0.6131393394849658,conc,,,wp1-f3,conc,lst,196.0,sim,ph,1.6309506430300091
oname:conc_otype:lst_usecol:sim_time:196.0_obsid:wp1-f3_variable:so4,0.000650934,1165.133188326471,conc,,,wp1-f3,conc,lst,196.0,sim,so4,0.0008582709771029
oname:conc_otype:lst_usecol:sim_time:196.0_obsid:wp4-f5_variable:o0,2.9481e-31,3143.4730673096574,conc,,,wp4-f5,conc,lst,196.0,sim,o0,0.0003181194744117
oname:conc_otype:lst_usecol:sim_time:196.0_obsid:wp4-f5_variable:ph,6.24121,0.6286946134619315,conc,,,wp4-f5,conc,lst,196.0,sim,ph,1.5905973720586868
oname:conc_otype:lst_usecol:sim_time:196.0_obsid:wp4-f5_variable:so4,0.000875321,1257.389226923863,conc,,,wp4-f5,conc,lst,196.0,sim,so4,0.0007952986860293
oname:conc_otype:lst_usecol:sim_time:197.0_obsid:welopt-ly3_variable:o0,0.0,0.0,conc,,,welopt-ly3,conc,lst,197.0,sim,o0,
oname:conc_otype:lst_usecol:sim_time:197.0_obsid:welopt-ly3_variable:ph,6.67495,0.0,conc,,,welopt-ly3,conc,lst,197.0,sim,ph,
oname:conc_otype:lst_usecol:sim_time:197.0_obsid:welopt-ly3_variable:so4,5.54968e-05,0.0,conc,,,welopt-ly3,conc,lst,197.0,sim,so4,
oname:conc_otype:lst_usecol:sim_time:197.0_obsid:wp1-f3_variable:o0,3.91572e-05,3065.696697424829,conc,,,wp1-f3,conc,lst,197.0,sim,o0,0.000326190128606
oname:conc_otype:lst_usecol:sim_time:197.0_obsid:wp1-f3_variable:ph,6.60033,0.6131393394849658,conc,,,wp1-f3,conc,lst,197.0,sim,ph,1.6309506430300091
oname:conc_otype:lst_usecol:sim_time:197.0_obsid:wp1-f3_variable:so4,0.000650934,1165.133188326471,conc,,,wp1-f3,conc,lst,197.0,sim,so4,0.0008582709771029
oname:conc_otype:lst_usecol:sim_time:197.0_obsid:wp4-f5_variable:o0,2.9481e-31,3143.4730673096574,conc,,,wp4-f5,conc,lst,197.0,sim,o0,0.0003181194744117
oname:conc_otype:lst_usecol:sim_time:197.0_obsid:wp4-f5_variable:ph,6.24121,0.6286946134619315,conc,,,wp4-f5,conc,lst,197.0,sim,ph,1.5905973720586868
oname:conc_otype:lst_usecol:sim_time:197.0_obsid:wp4-f5_variable:so4,0.000875321,1257.389226923863,conc,,,wp4-f5,conc,lst,197.0,sim,so4,0.0007952986860293
oname:conc_otype:lst_usecol:sim_time:198.0_obsid:welopt-ly3_variable:o0,0.0,0.0,conc,,,welopt-ly3,conc,lst,198.0,sim,o0,
oname:conc_otype:lst_usecol:sim_time:198.0_obsid:welopt-ly3_variable:ph,6.67497,0.0,conc,,,welopt-ly3,conc,lst,198.0,sim,ph,
oname:conc_otype:lst_usecol:sim_time:198.0_obsid:welopt-ly3_variable:so4,5.55443e-05,0.0,conc,,,welopt-ly3,conc,lst,198.0,sim,so4,
oname:conc_otype:lst_usecol:sim_time:198.0_obsid:wp1-f3_variable:o0,4.04929e-05,3065.696697424829,conc,,,wp1-f3,conc,lst,198.0,sim,o0,0.000326190128606
oname:conc_otype:lst_usecol:sim_time:198.0_obsid:wp1-f3_variable:ph,6.60156,0.6131393394849658,conc,,,wp1-f3,conc,lst,198.0,sim,ph,1.6309506430300091
oname:conc_otype:lst_usecol:sim_time:198.0_obsid:wp1-f3_variable:so4,0.000646658,1193.958927186353,conc,,,wp1-f3,conc,lst,198.0,sim,so4,0.0008375497491832
oname:conc_otype:lst_usecol:sim_time:198.0_obsid:wp4-f5_variable:o0,6.856229999999999e-31,3143.4730673096574,conc,,,wp4-f5,conc,lst,198.0,sim,o0,0.0003181194744117
oname:conc_otype:lst_usecol:sim_time:198.0_obsid:wp4-f5_variable:ph,6.1929,0.6286946134619315,conc,,,wp4-f5,conc,lst,198.0,sim,ph,1.5905973720586868
oname:conc_otype:lst_usecol:sim_time:198.0_obsid:wp4-f5_variable:so4,0.000869122,1257.389226923863,conc,,,wp4-f5,conc,lst,198.0,sim,so4,0.0007952986860293
oname:conc_otype:lst_usecol:sim_time:199.0_obsid:welopt-ly3_variable:o0,0.0,0.0,conc,,,welopt-ly3,conc,lst,199.0,sim,o0,
oname:conc_otype:lst_usecol:sim_time:199.0_obsid:welopt-ly3_variable:ph,6.67497,0.0,conc,,,welopt-ly3,conc,lst,199.0,sim,ph,
oname:conc_otype:lst_usecol:sim_time:199.0_obsid:welopt-ly3_variable:so4,5.55443e-05,0.0,conc,,,welopt-ly3,conc,lst,199.0,sim,so4,
oname:conc_otype:lst_usecol:sim_time:199.0_obsid:wp1-f3_variable:o0,4.04929e-05,3065.696697424829,conc,,,wp1-f3,conc,lst,199.0,sim,o0,0.000326190128606
oname:conc_otype:lst_usecol:sim_time:199.0_obsid:wp1-f3_variable:ph,6.60156,0.6131393394849658,conc,,,wp1-f3,conc,lst,199.0,sim,ph,1.6309506430300091
oname:conc_otype:lst_usecol:sim_time:199.0_obsid:wp1-f3_variable:so4,0.000646658,1193.958927186353,conc,,,wp1-f3,conc,lst,199.0,sim,so4,0.0008375497491832
oname:conc_otype:lst_usecol:sim_time:199.0_obsid:wp4-f5_variable:o0,6.856229999999999e-31,3143.4730673096574,conc,,,wp4-f5,conc,lst,199.0,sim,o0,0.0003181194744117
oname:conc_otype:lst_usecol:sim_time:199.0_obsid:wp4-f5_variable:ph,6.1929,0.6286946134619315,conc,,,wp4-f5,conc,lst,199.0,sim,ph,1.5905973720586868
oname:conc_otype:lst_usecol:sim_time:199.0_obsid:wp4-f5_variable:so4,0.000869122,1257.389226923863,conc,,,wp4-f5,conc,lst,199.0,sim,so4,0.0007952986860293
oname:conc_otype:lst_usecol:sim_time:20.0_obsid:welopt-ly3_variable:o0,0.0,0.0,conc,,,welopt-ly3,conc,lst,20.0,sim,o0,
oname:conc_otype:lst_usecol:sim_time:20.0_obsid:welopt-ly3_variable:ph,6.67491,0.0,conc,,,welopt-ly3,conc,lst,20.0,sim,ph,
oname:conc_otype:lst_usecol:sim_time:20.0_obsid:welopt-ly3_variable:so4,5.51168e-05,0.0,conc,,,welopt-ly3,conc,lst,20.0,sim,so4,
oname:conc_otype:lst_usecol:sim_time:20.0_obsid:wp1-f3_variable:o0,4.76418e-31,0.0,conc,,,wp1-f3,conc,lst,20.0,sim,o0,0.000326190128606
oname:conc_otype:lst_usecol:sim_time:20.0_obsid:wp1-f3_variable:ph,6.41835,0.6131393394849658,conc,,,wp1-f3,conc,lst,20.0,sim,ph,1.6309506430300091
oname:conc_otype:lst_usecol:sim_time:20.0_obsid:wp1-f3_variable:so4,0.000505975,1226.2786789699317,conc,,,wp1-f3,conc,lst,20.0,sim,so4,0.000815475321515
oname:conc_otype:lst_usecol:sim_time:20.0_obsid:wp4-f5_variable:o0,0.0,0.0,conc,,,wp4-f5,conc,lst,20.0,sim,o0,0.0003181194744117
oname:conc_otype:lst_usecol:sim_time:20.0_obsid:wp4-f5_variable:ph,6.67491,0.6286946134619315,conc,,,wp4-f5,conc,lst,20.0,sim,ph,1.5905973720586868
oname:conc_otype:lst_usecol:sim_time:20.0_obsid:wp4-f5_variable:so4,5.51205e-05,1257.389226923863,conc,,,wp4-f5,conc,lst,20.0,sim,so4,0.0007952986860293
oname:conc_otype:lst_usecol:sim_time:200.0_obsid:welopt-ly3_variable:o0,0.0,0.0,conc,,,welopt-ly3,conc,lst,200.0,sim,o0,
oname:conc_otype:lst_usecol:sim_time:200.0_obsid:welopt-ly3_variable:ph,6.67497,0.0,conc,,,welopt-ly3,conc,lst,200.0,sim,ph,
oname:conc_otype:lst_usecol:sim_time:200.0_obsid:welopt-ly3_variable:so4,5.55443e-05,0.0,conc,,,welopt-ly3,conc,lst,200.0,sim,so4,
oname:conc_otype:lst_usecol:sim_time:200.0_obsid:wp1-f3_variable:o0,4.04929e-05,3065.696697424829,conc,,,wp1-f3,conc,lst,200.0,sim,o0,0.000326190128606
oname:conc_otype:lst_usecol:sim_time:200.0_obsid:wp1-f3_variable:ph,6.60156,0.6131393394849658,conc,,,wp1-f3,conc,lst,200.0,sim,ph,1.6309506430300091
oname:conc_otype:lst_usecol:sim_time:200.0_obsid:wp1-f3_variable:so4,0.000646658,1193.958927186353,conc,,,wp1-f3,conc,lst,200.0,sim,so4,0.0008375497491832
oname:conc_otype:lst_usecol:sim_time:200.0_obsid:wp4-f5_variable:o0,6.856229999999999e-31,3143.4730673096574,conc,,,wp4-f5,conc,lst,200.0,sim,o0,0.0003181194744117
oname:conc_otype:lst_usecol:sim_time:200.0_obsid:wp4-f5_variable:ph,6.1929,0.6286946134619315,conc,,,wp4-f5,conc,lst,200.0,sim,ph,1.5905973720586868
oname:conc_otype:lst_usecol:sim_time:200.0_obsid:wp4-f5_variable:so4,0.000869122,1257.389226923863,conc,,,wp4-f5,conc,lst,200.0,sim,so4,0.0007952986860293
oname:conc_otype:lst_usecol:sim_time:201.0_obsid:welopt-ly3_variable:o0,0.0,0.0,conc,,,welopt-ly3,conc,lst,201.0,sim,o0,
oname:conc_otype:lst_usecol:sim_time:201.0_obsid:welopt-ly3_variable:ph,6.67497,0.0,conc,,,welopt-ly3,conc,lst,201.0,sim,ph,
oname:conc_otype:lst_usecol:sim_time:201.0_obsid:welopt-ly3_variable:so4,5.55443e-05,0.0,conc,,,welopt-ly3,conc,lst,201.0,sim,so4,
oname:conc_otype:lst_usecol:sim_time:201.0_obsid:wp1-f3_variable:o0,4.04929e-05,3065.696697424829,conc,,,wp1-f3,conc,lst,201.0,sim,o0,0.000326190128606
oname:conc_otype:lst_usecol:sim_time:201.0_obsid:wp1-f3_variable:ph,6.60156,0.6131393394849658,conc,,,wp1-f3,conc,lst,201.0,sim,ph,1.6309506430300091
oname:conc_otype:lst_usecol:sim_time:201.0_obsid:wp1-f3_variable:so4,0.000646658,1193.958927186353,conc,,,wp1-f3,conc,lst,201.0,sim,so4,0.0008375497491832
oname:conc_otype:lst_usecol:sim_time:201.0_obsid:wp4-f5_variable:o0,6.856229999999999e-31,3143.4730673096574,conc,,,wp4-f5,conc,lst,201.0,sim,o0,0.0003181194744117
oname:conc_otype:lst_usecol:sim_time:201.0_obsid:wp4-f5_variable:ph,6.1929,0.6286946134619315,conc,,,wp4-f5,conc,lst,201.0,sim,ph,1.5905973720586868
oname:conc_otype:lst_usecol:sim_time:201.0_obsid:wp4-f5_variable:so4,0.000869122,1257.389226923863,conc,,,wp4-f5,conc,lst,201.0,sim,so4,0.0007952986860293
oname:conc_otype:lst_usecol:sim_time:202.0_obsid:welopt-ly3_variable:o0,0.0,0.0,conc,,,welopt-ly3,conc,lst,202.0,sim,o0,
oname:conc_otype:lst_usecol:sim_time:202.0_obsid:welopt-ly3_variable:ph,6.67497,0.0,conc,,,welopt-ly3,conc,lst,202.0,sim,ph,
oname:conc_otype:lst_usecol:sim_time:202.0_obsid:welopt-ly3_variable:so4,5.55443e-05,0.0,conc,,,welopt-ly3,conc,lst,202.0,sim,so4,
oname:conc_otype:lst_usecol:sim_time:202.0_obsid:wp1-f3_variable:o0,4.04929e-05,3065.696697424829,conc,,,wp1-f3,conc,lst,202.0,sim,o0,0.000326190128606
oname:conc_otype:lst_usecol:sim_time:202.0_obsid:wp1-f3_variable:ph,6.60156,0.6131393394849658,conc,,,wp1-f3,conc,lst,202.0,sim,ph,1.6309506430300091
oname:conc_otype:lst_usecol:sim_time:202.0_obsid:wp1-f3_variable:so4,0.000646658,1193.958927186353,conc,,,wp1-f3,conc,lst,202.0,sim,so4,0.0008375497491832
oname:conc_otype:lst_usecol:sim_time:202.0_obsid:wp4-f5_variable:o0,6.856229999999999e-31,3143.4730673096574,conc,,,wp4-f5,conc,lst,202.0,sim,o0,0.0003181194744117
oname:conc_otype:lst_usecol:sim_time:202.0_obsid:wp4-f5_variable:ph,6.1929,0.6286946134619315,conc,,,wp4-f5,conc,lst,202.0,sim,ph,1.5905973720586868
oname:conc_otype:lst_usecol:sim_time:202.0_obsid:wp4-f5_variable:so4,0.000869122,1257.389226923863,conc,,,wp4-f5,conc,lst,202.0,sim,so4,0.0007952986860293
oname:conc_otype:lst_usecol:sim_time:203.0_obsid:welopt-ly3_variable:o0,0.0,0.0,conc,,,welopt-ly3,conc,lst,203.0,sim,o0,
oname:conc_otype:lst_usecol:sim_time:203.0_obsid:welopt-ly3_variable:ph,6.67497,0.0,conc,,,welopt-ly3,conc,lst,203.0,sim,ph,
oname:conc_otype:lst_usecol:sim_time:203.0_obsid:welopt-ly3_variable:so4,5.55443e-05,0.0,conc,,,welopt-ly3,conc,lst,203.0,sim,so4,
oname:conc_otype:lst_usecol:sim_time:203.0_obsid:wp1-f3_variable:o0,4.04929e-05,3065.696697424829,conc,,,wp1-f3,conc,lst,203.0,sim,o0,0.000326190128606
oname:conc_otype:lst_usecol:sim_time:203.0_obsid:wp1-f3_variable:ph,6.60156,0.6131393394849658,conc,,,wp1-f3,conc,lst,203.0,sim,ph,1.6309506430300091
oname:conc_otype:lst_usecol:sim_time:203.0_obsid:wp1-f3_variable:so4,0.000646658,1193.958927186353,conc,,,wp1-f3,conc,lst,203.0,sim,so4,0.0008375497491832
oname:conc_otype:lst_usecol:sim_time:203.0_obsid:wp4-f5_variable:o0,6.856229999999999e-31,3143.4730673096574,conc,,,wp4-f5,conc,lst,203.0,sim,o0,0.0003181194744117
oname:conc_otype:lst_usecol:sim_time:203.0_obsid:wp4-f5_variable:ph,6.1929,0.6286946134619315,conc,,,wp4-f5,conc,lst,203.0,sim,ph,1.5905973720586868
oname:conc_otype:lst_usecol:sim_time:203.0_obsid:wp4-f5_variable:so4,0.000869122,1257.389226923863,conc,,,wp4-f5,conc,lst,203.0,sim,so4,0.0007952986860293
oname:conc_otype:lst_usecol:sim_time:204.0_obsid:welopt-ly3_variable:o0,0.0,0.0,conc,,,welopt-ly3,conc,lst,204.0,sim,o0,
oname:conc_otype:lst_usecol:sim_time:204.0_obsid:welopt-ly3_variable:ph,6.67497,0.0,conc,,,welopt-ly3,conc,lst,204.0,sim,ph,
oname:conc_otype:lst_usecol:sim_time:204.0_obsid:welopt-ly3_variable:so4,5.55443e-05,0.0,conc,,,welopt-ly3,conc,lst,204.0,sim,so4,
oname:conc_otype:lst_usecol:sim_time:204.0_obsid:wp1-f3_variable:o0,4.04929e-05,3065.696697424829,conc,,,wp1-f3,conc,lst,204.0,sim,o0,0.000326190128606
oname:conc_otype:lst_usecol:sim_time:204.0_obsid:wp1-f3_variable:ph,6.60156,0.6131393394849658,conc,,,wp1-f3,conc,lst,204.0,sim,ph,1.6309506430300091
oname:conc_otype:lst_usecol:sim_time:204.0_obsid:wp1-f3_variable:so4,0.000646658,1193.958927186353,conc,,,wp1-f3,conc,lst,204.0,sim,so4,0.0008375497491832
oname:conc_otype:lst_usecol:sim_time:204.0_obsid:wp4-f5_variable:o0,6.856229999999999e-31,3143.4730673096574,conc,,,wp4-f5,conc,lst,204.0,sim,o0,0.0003181194744117
oname:conc_otype:lst_usecol:sim_time:204.0_obsid:wp4-f5_variable:ph,6.1929,0.6286946134619315,conc,,,wp4-f5,conc,lst,204.0,sim,ph,1.5905973720586868
oname:conc_otype:lst_usecol:sim_time:204.0_obsid:wp4-f5_variable:so4,0.000869122,1257.389226923863,conc,,,wp4-f5,conc,lst,204.0,sim,so4,0.0007952986860293
oname:conc_otype:lst_usecol:sim_time:205.0_obsid:welopt-ly3_variable:o0,0.0,0.0,conc,,,welopt-ly3,conc,lst,205.0,sim,o0,
oname:conc_otype:lst_usecol:sim_time:205.0_obsid:welopt-ly3_variable:ph,6.67498,0.0,conc,,,welopt-ly3,conc,lst,205.0,sim,ph,
oname:conc_otype:lst_usecol:sim_time:205.0_obsid:welopt-ly3_variable:so4,5.55938e-05,0.0,conc,,,welopt-ly3,conc,lst,205.0,sim,so4,
oname:conc_otype:lst_usecol:sim_time:205.0_obsid:wp1-f3_variable:o0,1.76227e-09,3065.696697424829,conc,,,wp1-f3,conc,lst,205.0,sim,o0,0.000326190128606
oname:conc_otype:lst_usecol:sim_time:205.0_obsid:wp1-f3_variable:ph,6.63404,0.6131393394849658,conc,,,wp1-f3,conc,lst,205.0,sim,ph,1.6309506430300091
oname:conc_otype:lst_usecol:sim_time:205.0_obsid:wp1-f3_variable:so4,0.00064958,1223.3016520694553,conc,,,wp1-f3,conc,lst,205.0,sim,so4,0.0008174598622574
oname:conc_otype:lst_usecol:sim_time:205.0_obsid:wp4-f5_variable:o0,2.76055e-30,3143.4730673096574,conc,,,wp4-f5,conc,lst,205.0,sim,o0,0.0003181194744117
oname:conc_otype:lst_usecol:sim_time:205.0_obsid:wp4-f5_variable:ph,6.11859,0.6286946134619315,conc,,,wp4-f5,conc,lst,205.0,sim,ph,1.5905973720586868
oname:conc_otype:lst_usecol:sim_time:205.0_obsid:wp4-f5_variable:so4,0.000863264,1257.389226923863,conc,,,wp4-f5,conc,lst,205.0,sim,so4,0.0007952986860293
oname:conc_otype:lst_usecol:sim_time:206.0_obsid:welopt-ly3_variable:o0,0.0,0.0,conc,,,welopt-ly3,conc,lst,206.0,sim,o0,
oname:conc_otype:lst_usecol:sim_time:206.0_obsid:welopt-ly3_variable:ph,6.67498,0.0,conc,,,welopt-ly3,conc,lst,206.0,sim,ph,
oname:conc_otype:lst_usecol:sim_time:206.0_obsid:welopt-ly3_variable:so4,5.55938e-05,0.0,conc,,,welopt-ly3,conc,lst,206.0,sim,so4,
oname:conc_otype:lst_usecol:sim_time:206.0_obsid:wp1-f3_variable:o0,1.76227e-09,3065.696697424829,conc,,,wp1-f3,conc,lst,206.0,sim,o0,0.000326190128606
oname:conc_otype:lst_usecol:sim_time:206.0_obsid:wp1-f3_variable:ph,6.63404,0.6131393394849658,conc,,,wp1-f3,conc,lst,206.0,sim,ph,1.6309506430300091
oname:conc_otype:lst_usecol:sim_time:206.0_obsid:wp1-f3_variable:so4,0.00064958,1223.3016520694553,conc,,,wp1-f3,conc,lst,206.0,sim,so4,0.0008174598622574
oname:conc_otype:lst_usecol:sim_time:206.0_obsid:wp4-f5_variable:o0,2.76055e-30,3143.4730673096574,conc,,,wp4-f5,conc,lst,206.0,sim,o0,0.0003181194744117
oname:conc_otype:lst_usecol:sim_time:206.0_obsid:wp4-f5_variable:ph,6.11859,0.6286946134619315,conc,,,wp4-f5,conc,lst,206.0,sim,ph,1.5905973720586868
oname:conc_otype:lst_usecol:sim_time:206.0_obsid:wp4-f5_variable:so4,0.000863264,1257.389226923863,conc,,,wp4-f5,conc,lst,206.0,sim,so4,0.0007952986860293
oname:conc_otype:lst_usecol:sim_time:207.0_obsid:welopt-ly3_variable:o0,0.0,0.0,conc,,,welopt-ly3,conc,lst,207.0,sim,o0,
oname:conc_otype:lst_usecol:sim_time:207.0_obsid:welopt-ly3_variable:ph,6.67498,0.0,conc,,,welopt-ly3,conc,lst,207.0,sim,ph,
oname:conc_otype:lst_usecol:sim_time:207.0_obsid:welopt-ly3_variable:so4,5.55938e-05,0.0,conc,,,welopt-ly3,conc,lst,207.0,sim,so4,
oname:conc_otype:lst_usecol:sim_time:207.0_obsid:wp1-f3_variable:o0,1.76227e-09,3065.696697424829,conc,,,wp1-f3,conc,lst,207.0,sim,o0,0.000326190128606
oname:conc_otype:lst_usecol:sim_time:207.0_obsid:wp1-f3_variable:ph,6.63404,0.6131393394849658,conc,,,wp1-f3,conc,lst,207.0,sim,ph,1.6309506430300091
oname:conc_otype:lst_usecol:sim_time:207.0_obsid:wp1-f3_variable:so4,0.00064958,1223.3016520694553,conc,,,wp1-f3,conc,lst,207.0,sim,so4,0.0008174598622574
oname:conc_otype:lst_usecol:sim_time:207.0_obsid:wp4-f5_variable:o0,2.76055e-30,3143.4730673096574,conc,,,wp4-f5,conc,lst,207.0,sim,o0,0.0003181194744117
oname:conc_otype:lst_usecol:sim_time:207.0_obsid:wp4-f5_variable:ph,6.11859,0.6286946134619315,conc,,,wp4-f5,conc,lst,207.0,sim,ph,1.5905973720586868
oname:conc_otype:lst_usecol:sim_time:207.0_obsid:wp4-f5_variable:so4,0.000863264,1257.389226923863,conc,,,wp4-f5,conc,lst,207.0,sim,so4,0.0007952986860293
oname:conc_otype:lst_usecol:sim_time:208.0_obsid:welopt-ly3_variable:o0,0.0,0.0,conc,,,welopt-ly3,conc,lst,208.0,sim,o0,
oname:conc_otype:lst_usecol:sim_time:208.0_obsid:welopt-ly3_variable:ph,6.67498,0.0,conc,,,welopt-ly3,conc,lst,208.0,sim,ph,
oname:conc_otype:lst_usecol:sim_time:208.0_obsid:welopt-ly3_variable:so4,5.55938e-05,0.0,conc,,,welopt-ly3,conc,lst,208.0,sim,so4,
oname:conc_otype:lst_usecol:sim_time:208.0_obsid:wp1-f3_variable:o0,1.76227e-09,3065.696697424829,conc,,,wp1-f3,conc,lst,208.0,sim,o0,0.000326190128606
oname:conc_otype:lst_usecol:sim_time:208.0_obsid:wp1-f3_variable:ph,6.63404,0.6131393394849658,conc,,,wp1-f3,conc,lst,208.0,sim,ph,1.6309506430300091
oname:conc_otype:lst_usecol:sim_time:208.0_obsid:wp1-f3_variable:so4,0.00064958,1223.3016520694553,conc,,,wp1-f3,conc,lst,208.0,sim,so4,0.0008174598622574
oname:conc_otype:lst_usecol:sim_time:208.0_obsid:wp4-f5_variable:o0,2.76055e-30,3143.4730673096574,conc,,,wp4-f5,conc,lst,208.0,sim,o0,0.0003181194744117
oname:conc_otype:lst_usecol:sim_time:208.0_obsid:wp4-f5_variable:ph,6.11859,0.6286946134619315,conc,,,wp4-f5,conc,lst,208.0,sim,ph,1.5905973720586868
oname:conc_otype:lst_usecol:sim_time:208.0_obsid:wp4-f5_variable:so4,0.000863264,1257.389226923863,conc,,,wp4-f5,conc,lst,208.0,sim,so4,0.0007952986860293
oname:conc_otype:lst_usecol:sim_time:209.0_obsid:welopt-ly3_variable:o0,0.0,0.0,conc,,,welopt-ly3,conc,lst,209.0,sim,o0,
oname:conc_otype:lst_usecol:sim_time:209.0_obsid:welopt-ly3_variable:ph,6.67498,0.0,conc,,,welopt-ly3,conc,lst,209.0,sim,ph,
oname:conc_otype:lst_usecol:sim_time:209.0_obsid:welopt-ly3_variable:so4,5.55938e-05,0.0,conc,,,welopt-ly3,conc,lst,209.0,sim,so4,
oname:conc_otype:lst_usecol:sim_time:209.0_obsid:wp1-f3_variable:o0,1.76227e-09,3065.696697424829,conc,,,wp1-f3,conc,lst,209.0,sim,o0,0.000326190128606
oname:conc_otype:lst_usecol:sim_time:209.0_obsid:wp1-f3_variable:ph,6.63404,0.6131393394849658,conc,,,wp1-f3,conc,lst,209.0,sim,ph,1.6309506430300091
oname:conc_otype:lst_usecol:sim_time:209.0_obsid:wp1-f3_variable:so4,0.00064958,1223.3016520694553,conc,,,wp1-f3,conc,lst,209.0,sim,so4,0.0008174598622574
oname:conc_otype:lst_usecol:sim_time:209.0_obsid:wp4-f5_variable:o0,2.76055e-30,3143.4730673096574,conc,,,wp4-f5,conc,lst,209.0,sim,o0,0.0003181194744117
oname:conc_otype:lst_usecol:sim_time:209.0_obsid:wp4-f5_variable:ph,6.11859,0.6286946134619315,conc,,,wp4-f5,conc,lst,209.0,sim,ph,1.5905973720586868
oname:conc_otype:lst_usecol:sim_time:209.0_obsid:wp4-f5_variable:so4,0.000863264,1257.389226923863,conc,,,wp4-f5,conc,lst,209.0,sim,so4,0.0007952986860293
oname:conc_otype:lst_usecol:sim_time:21.0562_obsid:wp1-f3_variable:o0,4.76418e-31,0.0,conc,,,wp1-f3,conc,lst,21.0562,sim,o0,0.000326190128606
oname:conc_otype:lst_usecol:sim_time:21.0562_obsid:wp1-f3_variable:ph,6.41835,0.6131393394849658,conc,,,wp1-f3,conc,lst,21.0562,sim,ph,1.6309506430300091
oname:conc_otype:lst_usecol:sim_time:21.0562_obsid:wp1-f3_variable:so4,0.000505975,1226.2786789699317,conc,,,wp1-f3,conc,lst,21.0562,sim,so4,0.000815475321515
oname:conc_otype:lst_usecol:sim_time:21.0_obsid:welopt-ly3_variable:o0,0.0,0.0,conc,,,welopt-ly3,conc,lst,21.0,sim,o0,
oname:conc_otype:lst_usecol:sim_time:21.0_obsid:welopt-ly3_variable:ph,6.67491,0.0,conc,,,welopt-ly3,conc,lst,21.0,sim,ph,
oname:conc_otype:lst_usecol:sim_time:21.0_obsid:welopt-ly3_variable:so4,5.51168e-05,0.0,conc,,,welopt-ly3,conc,lst,21.0,sim,so4,
oname:conc_otype:lst_usecol:sim_time:21.0_obsid:wp1-f3_variable:o0,4.76418e-31,0.0,conc,,,wp1-f3,conc,lst,21.0,sim,o0,0.000326190128606
oname:conc_otype:lst_usecol:sim_time:21.0_obsid:wp1-f3_variable:ph,6.41835,0.6131393394849658,conc,,,wp1-f3,conc,lst,21.0,sim,ph,1.6309506430300091
oname:conc_otype:lst_usecol:sim_time:21.0_obsid:wp1-f3_variable:so4,0.000505975,1226.2786789699317,conc,,,wp1-f3,conc,lst,21.0,sim,so4,0.000815475321515
oname:conc_otype:lst_usecol:sim_time:21.0_obsid:wp4-f5_variable:o0,0.0,0.0,conc,,,wp4-f5,conc,lst,21.0,sim,o0,0.0003181194744117
oname:conc_otype:lst_usecol:sim_time:21.0_obsid:wp4-f5_variable:ph,6.67491,0.6286946134619315,conc,,,wp4-f5,conc,lst,21.0,sim,ph,1.5905973720586868
oname:conc_otype:lst_usecol:sim_time:21.0_obsid:wp4-f5_variable:so4,5.51205e-05,1257.389226923863,conc,,,wp4-f5,conc,lst,21.0,sim,so4,0.0007952986860293
oname:conc_otype:lst_usecol:sim_time:210.0_obsid:welopt-ly3_variable:o0,0.0,0.0,conc,,,welopt-ly3,conc,lst,210.0,sim,o0,
oname:conc_otype:lst_usecol:sim_time:210.0_obsid:welopt-ly3_variable:ph,6.67498,0.0,conc,,,welopt-ly3,conc,lst,210.0,sim,ph,
oname:conc_otype:lst_usecol:sim_time:210.0_obsid:welopt-ly3_variable:so4,5.55938e-05,0.0,conc,,,welopt-ly3,conc,lst,210.0,sim,so4,
oname:conc_otype:lst_usecol:sim_time:210.0_obsid:wp1-f3_variable:o0,1.76227e-09,3065.696697424829,conc,,,wp1-f3,conc,lst,210.0,sim,o0,0.000326190128606
oname:conc_otype:lst_usecol:sim_time:210.0_obsid:wp1-f3_variable:ph,6.63404,0.6131393394849658,conc,,,wp1-f3,conc,lst,210.0,sim,ph,1.6309506430300091
oname:conc_otype:lst_usecol:sim_time:210.0_obsid:wp1-f3_variable:so4,0.00064958,1223.3016520694553,conc,,,wp1-f3,conc,lst,210.0,sim,so4,0.0008174598622574
oname:conc_otype:lst_usecol:sim_time:210.0_obsid:wp4-f5_variable:o0,2.76055e-30,3143.4730673096574,conc,,,wp4-f5,conc,lst,210.0,sim,o0,0.0003181194744117
oname:conc_otype:lst_usecol:sim_time:210.0_obsid:wp4-f5_variable:ph,6.11859,0.6286946134619315,conc,,,wp4-f5,conc,lst,210.0,sim,ph,1.5905973720586868
oname:conc_otype:lst_usecol:sim_time:210.0_obsid:wp4-f5_variable:so4,0.000863264,1257.389226923863,conc,,,wp4-f5,conc,lst,210.0,sim,so4,0.0007952986860293
oname:conc_otype:lst_usecol:sim_time:211.0_obsid:welopt-ly3_variable:o0,0.0,0.0,conc,,,welopt-ly3,conc,lst,211.0,sim,o0,
oname:conc_otype:lst_usecol:sim_time:211.0_obsid:welopt-ly3_variable:ph,6.67498,0.0,conc,,,welopt-ly3,conc,lst,211.0,sim,ph,
oname:conc_otype:lst_usecol:sim_time:211.0_obsid:welopt-ly3_variable:so4,5.55938e-05,0.0,conc,,,welopt-ly3,conc,lst,211.0,sim,so4,
oname:conc_otype:lst_usecol:sim_time:211.0_obsid:wp1-f3_variable:o0,1.76227e-09,3065.696697424829,conc,,,wp1-f3,conc,lst,211.0,sim,o0,0.000326190128606
oname:conc_otype:lst_usecol:sim_time:211.0_obsid:wp1-f3_variable:ph,6.63404,0.6131393394849658,conc,,,wp1-f3,conc,lst,211.0,sim,ph,1.6309506430300091
oname:conc_otype:lst_usecol:sim_time:211.0_obsid:wp1-f3_variable:so4,0.00064958,1223.3016520694553,conc,,,wp1-f3,conc,lst,211.0,sim,so4,0.0008174598622574
oname:conc_otype:lst_usecol:sim_time:211.0_obsid:wp4-f5_variable:o0,2.76055e-30,3143.4730673096574,conc,,,wp4-f5,conc,lst,211.0,sim,o0,0.0003181194744117
oname:conc_otype:lst_usecol:sim_time:211.0_obsid:wp4-f5_variable:ph,6.11859,0.6286946134619315,conc,,,wp4-f5,conc,lst,211.0,sim,ph,1.5905973720586868
oname:conc_otype:lst_usecol:sim_time:211.0_obsid:wp4-f5_variable:so4,0.000863264,1257.389226923863,conc,,,wp4-f5,conc,lst,211.0,sim,so4,0.0007952986860293
oname:conc_otype:lst_usecol:sim_time:212.0_obsid:welopt-ly3_variable:o0,0.0,0.0,conc,,,welopt-ly3,conc,lst,212.0,sim,o0,
oname:conc_otype:lst_usecol:sim_time:212.0_obsid:welopt-ly3_variable:ph,6.67499,0.0,conc,,,welopt-ly3,conc,lst,212.0,sim,ph,
oname:conc_otype:lst_usecol:sim_time:212.0_obsid:welopt-ly3_variable:so4,5.56451e-05,0.0,conc,,,welopt-ly3,conc,lst,212.0,sim,so4,
oname:conc_otype:lst_usecol:sim_time:212.0_obsid:wp1-f3_variable:o0,7.7475e-10,3065.696697424829,conc,,,wp1-f3,conc,lst,212.0,sim,o0,0.000326190128606
oname:conc_otype:lst_usecol:sim_time:212.0_obsid:wp1-f3_variable:ph,6.65998,0.6131393394849658,conc,,,wp1-f3,conc,lst,212.0,sim,ph,1.6309506430300091
oname:conc_otype:lst_usecol:sim_time:212.0_obsid:wp1-f3_variable:so4,0.000658705,1226.2786789699317,conc,,,wp1-f3,conc,lst,212.0,sim,so4,0.000815475321515
oname:conc_otype:lst_usecol:sim_time:212.0_obsid:wp4-f5_variable:o0,6.63646e-30,3143.4730673096574,conc,,,wp4-f5,conc,lst,212.0,sim,o0,0.0003181194744117
oname:conc_otype:lst_usecol:sim_time:212.0_obsid:wp4-f5_variable:ph,6.07124,0.6286946134619315,conc,,,wp4-f5,conc,lst,212.0,sim,ph,1.5905973720586868
oname:conc_otype:lst_usecol:sim_time:212.0_obsid:wp4-f5_variable:so4,0.000857486,1257.389226923863,conc,,,wp4-f5,conc,lst,212.0,sim,so4,0.0007952986860293
oname:conc_otype:lst_usecol:sim_time:213.0_obsid:welopt-ly3_variable:o0,0.0,0.0,conc,,,welopt-ly3,conc,lst,213.0,sim,o0,
oname:conc_otype:lst_usecol:sim_time:213.0_obsid:welopt-ly3_variable:ph,6.67499,0.0,conc,,,welopt-ly3,conc,lst,213.0,sim,ph,
oname:conc_otype:lst_usecol:sim_time:213.0_obsid:welopt-ly3_variable:so4,5.56451e-05,0.0,conc,,,welopt-ly3,conc,lst,213.0,sim,so4,
oname:conc_otype:lst_usecol:sim_time:213.0_obsid:wp1-f3_variable:o0,7.7475e-10,3065.696697424829,conc,,,wp1-f3,conc,lst,213.0,sim,o0,0.000326190128606
oname:conc_otype:lst_usecol:sim_time:213.0_obsid:wp1-f3_variable:ph,6.65998,0.6131393394849658,conc,,,wp1-f3,conc,lst,213.0,sim,ph,1.6309506430300091
oname:conc_otype:lst_usecol:sim_time:213.0_obsid:wp1-f3_variable:so4,0.000658705,1226.2786789699317,conc,,,wp1-f3,conc,lst,213.0,sim,so4,0.000815475321515
oname:conc_otype:lst_usecol:sim_time:213.0_obsid:wp4-f5_variable:o0,6.63646e-30,3143.4730673096574,conc,,,wp4-f5,conc,lst,213.0,sim,o0,0.0003181194744117
oname:conc_otype:lst_usecol:sim_time:213.0_obsid:wp4-f5_variable:ph,6.07124,0.6286946134619315,conc,,,wp4-f5,conc,lst,213.0,sim,ph,1.5905973720586868
oname:conc_otype:lst_usecol:sim_time:213.0_obsid:wp4-f5_variable:so4,0.000857486,1257.389226923863,conc,,,wp4-f5,conc,lst,213.0,sim,so4,0.0007952986860293
oname:conc_otype:lst_usecol:sim_time:214.0_obsid:welopt-ly3_variable:o0,0.0,0.0,conc,,,welopt-ly3,conc,lst,214.0,sim,o0,
oname:conc_otype:lst_usecol:sim_time:214.0_obsid:welopt-ly3_variable:ph,6.67499,0.0,conc,,,welopt-ly3,conc,lst,214.0,sim,ph,
oname:conc_otype:lst_usecol:sim_time:214.0_obsid:welopt-ly3_variable:so4,5.56451e-05,0.0,conc,,,welopt-ly3,conc,lst,214.0,sim,so4,
oname:conc_otype:lst_usecol:sim_time:214.0_obsid:wp1-f3_variable:o0,7.7475e-10,3065.696697424829,conc,,,wp1-f3,conc,lst,214.0,sim,o0,0.000326190128606
oname:conc_otype:lst_usecol:sim_time:214.0_obsid:wp1-f3_variable:ph,6.65998,0.6131393394849658,conc,,,wp1-f3,conc,lst,214.0,sim,ph,1.6309506430300091
oname:conc_otype:lst_usecol:sim_time:214.0_obsid:wp1-f3_variable:so4,0.000658705,1226.2786789699317,conc,,,wp1-f3,conc,lst,214.0,sim,so4,0.000815475321515
oname:conc_otype:lst_usecol:sim_time:214.0_obsid:wp4-f5_variable:o0,6.63646e-30,3143.4730673096574,conc,,,wp4-f5,conc,lst,214.0,sim,o0,0.0003181194744117
oname:conc_otype:lst_usecol:sim_time:214.0_obsid:wp4-f5_variable:ph,6.07124,0.6286946134619315,conc,,,wp4-f5,conc,lst,214.0,sim,ph,1.5905973720586868
oname:conc_otype:lst_usecol:sim_time:214.0_obsid:wp4-f5_variable:so4,0.000857486,1257.389226923863,conc,,,wp4-f5,conc,lst,214.0,sim,so4,0.0007952986860293
oname:conc_otype:lst_usecol:sim_time:215.0_obsid:welopt-ly3_variable:o0,0.0,0.0,conc,,,welopt-ly3,conc,lst,215.0,sim,o0,
oname:conc_otype:lst_usecol:sim_time:215.0_obsid:welopt-ly3_variable:ph,6.67499,0.0,conc,,,welopt-ly3,conc,lst,215.0,sim,ph,
oname:conc_otype:lst_usecol:sim_time:215.0_obsid:welopt-ly3_variable:so4,5.56451e-05,0.0,conc,,,welopt-ly3,conc,lst,215.0,sim,so4,
oname:conc_otype:lst_usecol:sim_time:215.0_obsid:wp1-f3_variable:o0,7.7475e-10,3065.696697424829,conc,,,wp1-f3,conc,lst,215.0,sim,o0,0.000326190128606
oname:conc_otype:lst_usecol:sim_time:215.0_obsid:wp1-f3_variable:ph,6.65998,0.6131393394849658,conc,,,wp1-f3,conc,lst,215.0,sim,ph,1.6309506430300091
oname:conc_otype:lst_usecol:sim_time:215.0_obsid:wp1-f3_variable:so4,0.000658705,1226.2786789699317,conc,,,wp1-f3,conc,lst,215.0,sim,so4,0.000815475321515
oname:conc_otype:lst_usecol:sim_time:215.0_obsid:wp4-f5_variable:o0,6.63646e-30,3143.4730673096574,conc,,,wp4-f5,conc,lst,215.0,sim,o0,0.0003181194744117
oname:conc_otype:lst_usecol:sim_time:215.0_obsid:wp4-f5_variable:ph,6.07124,0.6286946134619315,conc,,,wp4-f5,conc,lst,215.0,sim,ph,1.5905973720586868
oname:conc_otype:lst_usecol:sim_time:215.0_obsid:wp4-f5_variable:so4,0.000857486,1257.389226923863,conc,,,wp4-f5,conc,lst,215.0,sim,so4,0.0007952986860293
oname:conc_otype:lst_usecol:sim_time:216.0_obsid:welopt-ly3_variable:o0,0.0,0.0,conc,,,welopt-ly3,conc,lst,216.0,sim,o0,
oname:conc_otype:lst_usecol:sim_time:216.0_obsid:welopt-ly3_variable:ph,6.67499,0.0,conc,,,welopt-ly3,conc,lst,216.0,sim,ph,
oname:conc_otype:lst_usecol:sim_time:216.0_obsid:welopt-ly3_variable:so4,5.56451e-05,0.0,conc,,,welopt-ly3,conc,lst,216.0,sim,so4,
oname:conc_otype:lst_usecol:sim_time:216.0_obsid:wp1-f3_variable:o0,7.7475e-10,3065.696697424829,conc,,,wp1-f3,conc,lst,216.0,sim,o0,0.000326190128606
oname:conc_otype:lst_usecol:sim_time:216.0_obsid:wp1-f3_variable:ph,6.65998,0.6131393394849658,conc,,,wp1-f3,conc,lst,216.0,sim,ph,1.6309506430300091
oname:conc_otype:lst_usecol:sim_time:216.0_obsid:wp1-f3_variable:so4,0.000658705,1226.2786789699317,conc,,,wp1-f3,conc,lst,216.0,sim,so4,0.000815475321515
oname:conc_otype:lst_usecol:sim_time:216.0_obsid:wp4-f5_variable:o0,6.63646e-30,3143.4730673096574,conc,,,wp4-f5,conc,lst,216.0,sim,o0,0.0003181194744117
oname:conc_otype:lst_usecol:sim_time:216.0_obsid:wp4-f5_variable:ph,6.07124,0.6286946134619315,conc,,,wp4-f5,conc,lst,216.0,sim,ph,1.5905973720586868
oname:conc_otype:lst_usecol:sim_time:216.0_obsid:wp4-f5_variable:so4,0.000857486,1257.389226923863,conc,,,wp4-f5,conc,lst,216.0,sim,so4,0.0007952986860293
oname:conc_otype:lst_usecol:sim_time:217.0_obsid:welopt-ly3_variable:o0,0.0,0.0,conc,,,welopt-ly3,conc,lst,217.0,sim,o0,
oname:conc_otype:lst_usecol:sim_time:217.0_obsid:welopt-ly3_variable:ph,6.67499,0.0,conc,,,welopt-ly3,conc,lst,217.0,sim,ph,
oname:conc_otype:lst_usecol:sim_time:217.0_obsid:welopt-ly3_variable:so4,5.56451e-05,0.0,conc,,,welopt-ly3,conc,lst,217.0,sim,so4,
oname:conc_otype:lst_usecol:sim_time:217.0_obsid:wp1-f3_variable:o0,7.7475e-10,3065.696697424829,conc,,,wp1-f3,conc,lst,217.0,sim,o0,0.000326190128606
oname:conc_otype:lst_usecol:sim_time:217.0_obsid:wp1-f3_variable:ph,6.65998,0.6131393394849658,conc,,,wp1-f3,conc,lst,217.0,sim,ph,1.6309506430300091
oname:conc_otype:lst_usecol:sim_time:217.0_obsid:wp1-f3_variable:so4,0.000658705,1226.2786789699317,conc,,,wp1-f3,conc,lst,217.0,sim,so4,0.000815475321515
oname:conc_otype:lst_usecol:sim_time:217.0_obsid:wp4-f5_variable:o0,6.63646e-30,3143.4730673096574,conc,,,wp4-f5,conc,lst,217.0,sim,o0,0.0003181194744117
oname:conc_otype:lst_usecol:sim_time:217.0_obsid:wp4-f5_variable:ph,6.07124,0.6286946134619315,conc,,,wp4-f5,conc,lst,217.0,sim,ph,1.5905973720586868
oname:conc_otype:lst_usecol:sim_time:217.0_obsid:wp4-f5_variable:so4,0.000857486,1257.389226923863,conc,,,wp4-f5,conc,lst,217.0,sim,so4,0.0007952986860293
oname:conc_otype:lst_usecol:sim_time:218.0_obsid:welopt-ly3_variable:o0,0.0,0.0,conc,,,welopt-ly3,conc,lst,218.0,sim,o0,
oname:conc_otype:lst_usecol:sim_time:218.0_obsid:welopt-ly3_variable:ph,6.67499,0.0,conc,,,welopt-ly3,conc,lst,218.0,sim,ph,
oname:conc_otype:lst_usecol:sim_time:218.0_obsid:welopt-ly3_variable:so4,5.56451e-05,0.0,conc,,,welopt-ly3,conc,lst,218.0,sim,so4,
oname:conc_otype:lst_usecol:sim_time:218.0_obsid:wp1-f3_variable:o0,7.7475e-10,3065.696697424829,conc,,,wp1-f3,conc,lst,218.0,sim,o0,0.000326190128606
oname:conc_otype:lst_usecol:sim_time:218.0_obsid:wp1-f3_variable:ph,6.65998,0.6131393394849658,conc,,,wp1-f3,conc,lst,218.0,sim,ph,1.6309506430300091
oname:conc_otype:lst_usecol:sim_time:218.0_obsid:wp1-f3_variable:so4,0.000658705,1226.2786789699317,conc,,,wp1-f3,conc,lst,218.0,sim,so4,0.000815475321515
oname:conc_otype:lst_usecol:sim_time:218.0_obsid:wp4-f5_variable:o0,6.63646e-30,3143.4730673096574,conc,,,wp4-f5,conc,lst,218.0,sim,o0,0.0003181194744117
oname:conc_otype:lst_usecol:sim_time:218.0_obsid:wp4-f5_variable:ph,6.07124,0.6286946134619315,conc,,,wp4-f5,conc,lst,218.0,sim,ph,1.5905973720586868
oname:conc_otype:lst_usecol:sim_time:218.0_obsid:wp4-f5_variable:so4,0.000857486,1257.389226923863,conc,,,wp4-f5,conc,lst,218.0,sim,so4,0.0007952986860293
oname:conc_otype:lst_usecol:sim_time:219.0_obsid:welopt-ly3_variable:o0,0.0,0.0,conc,,,welopt-ly3,conc,lst,219.0,sim,o0,
oname:conc_otype:lst_usecol:sim_time:219.0_obsid:welopt-ly3_variable:ph,6.67501,0.0,conc,,,welopt-ly3,conc,lst,219.0,sim,ph,
oname:conc_otype:lst_usecol:sim_time:219.0_obsid:welopt-ly3_variable:so4,5.56981e-05,0.0,conc,,,welopt-ly3,conc,lst,219.0,sim,so4,
oname:conc_otype:lst_usecol:sim_time:219.0_obsid:wp1-f3_variable:o0,6.47051e-10,3065.696697424829,conc,,,wp1-f3,conc,lst,219.0,sim,o0,0.000326190128606
oname:conc_otype:lst_usecol:sim_time:219.0_obsid:wp1-f3_variable:ph,6.66679,0.6131393394849658,conc,,,wp1-f3,conc,lst,219.0,sim,ph,1.6309506430300091
oname:conc_otype:lst_usecol:sim_time:219.0_obsid:wp1-f3_variable:so4,0.000663015,1226.2786789699317,conc,,,wp1-f3,conc,lst,219.0,sim,so4,0.000815475321515
oname:conc_otype:lst_usecol:sim_time:219.0_obsid:wp4-f5_variable:o0,1.39167e-29,3143.4730673096574,conc,,,wp4-f5,conc,lst,219.0,sim,o0,0.0003181194744117
oname:conc_otype:lst_usecol:sim_time:219.0_obsid:wp4-f5_variable:ph,6.03333,0.6286946134619315,conc,,,wp4-f5,conc,lst,219.0,sim,ph,1.5905973720586868
oname:conc_otype:lst_usecol:sim_time:219.0_obsid:wp4-f5_variable:so4,0.000851515,1257.389226923863,conc,,,wp4-f5,conc,lst,219.0,sim,so4,0.0007952986860293
oname:conc_otype:lst_usecol:sim_time:22.0_obsid:welopt-ly3_variable:o0,0.0,0.0,conc,,,welopt-ly3,conc,lst,22.0,sim,o0,
oname:conc_otype:lst_usecol:sim_time:22.0_obsid:welopt-ly3_variable:ph,6.67491,0.0,conc,,,welopt-ly3,conc,lst,22.0,sim,ph,
oname:conc_otype:lst_usecol:sim_time:22.0_obsid:welopt-ly3_variable:so4,5.51168e-05,0.0,conc,,,welopt-ly3,conc,lst,22.0,sim,so4,
oname:conc_otype:lst_usecol:sim_time:22.0_obsid:wp1-f3_variable:o0,4.76418e-31,0.0,conc,,,wp1-f3,conc,lst,22.0,sim,o0,0.000326190128606
oname:conc_otype:lst_usecol:sim_time:22.0_obsid:wp1-f3_variable:ph,6.41835,0.6131393394849658,conc,,,wp1-f3,conc,lst,22.0,sim,ph,1.6309506430300091
oname:conc_otype:lst_usecol:sim_time:22.0_obsid:wp1-f3_variable:so4,0.000505975,1226.2786789699317,conc,,,wp1-f3,conc,lst,22.0,sim,so4,0.000815475321515
oname:conc_otype:lst_usecol:sim_time:22.0_obsid:wp4-f5_variable:o0,0.0,0.0,conc,,,wp4-f5,conc,lst,22.0,sim,o0,0.0003181194744117
oname:conc_otype:lst_usecol:sim_time:22.0_obsid:wp4-f5_variable:ph,6.67491,0.6286946134619315,conc,,,wp4-f5,conc,lst,22.0,sim,ph,1.5905973720586868
oname:conc_otype:lst_usecol:sim_time:22.0_obsid:wp4-f5_variable:so4,5.51205e-05,1257.389226923863,conc,,,wp4-f5,conc,lst,22.0,sim,so4,0.0007952986860293
oname:conc_otype:lst_usecol:sim_time:220.0_obsid:welopt-ly3_variable:o0,0.0,0.0,conc,,,welopt-ly3,conc,lst,220.0,sim,o0,
oname:conc_otype:lst_usecol:sim_time:220.0_obsid:welopt-ly3_variable:ph,6.67501,0.0,conc,,,welopt-ly3,conc,lst,220.0,sim,ph,
oname:conc_otype:lst_usecol:sim_time:220.0_obsid:welopt-ly3_variable:so4,5.56981e-05,0.0,conc,,,welopt-ly3,conc,lst,220.0,sim,so4,
oname:conc_otype:lst_usecol:sim_time:220.0_obsid:wp1-f3_variable:o0,6.47051e-10,3065.696697424829,conc,,,wp1-f3,conc,lst,220.0,sim,o0,0.000326190128606
oname:conc_otype:lst_usecol:sim_time:220.0_obsid:wp1-f3_variable:ph,6.66679,0.6131393394849658,conc,,,wp1-f3,conc,lst,220.0,sim,ph,1.6309506430300091
oname:conc_otype:lst_usecol:sim_time:220.0_obsid:wp1-f3_variable:so4,0.000663015,1226.2786789699317,conc,,,wp1-f3,conc,lst,220.0,sim,so4,0.000815475321515
oname:conc_otype:lst_usecol:sim_time:220.0_obsid:wp4-f5_variable:o0,1.39167e-29,3143.4730673096574,conc,,,wp4-f5,conc,lst,220.0,sim,o0,0.0003181194744117
oname:conc_otype:lst_usecol:sim_time:220.0_obsid:wp4-f5_variable:ph,6.03333,0.6286946134619315,conc,,,wp4-f5,conc,lst,220.0,sim,ph,1.5905973720586868
oname:conc_otype:lst_usecol:sim_time:220.0_obsid:wp4-f5_variable:so4,0.000851515,1257.389226923863,conc,,,wp4-f5,conc,lst,220.0,sim,so4,0.0007952986860293
oname:conc_otype:lst_usecol:sim_time:221.0_obsid:welopt-ly3_variable:o0,0.0,0.0,conc,,,welopt-ly3,conc,lst,221.0,sim,o0,
oname:conc_otype:lst_usecol:sim_time:221.0_obsid:welopt-ly3_variable:ph,6.67501,0.0,conc,,,welopt-ly3,conc,lst,221.0,sim,ph,
oname:conc_otype:lst_usecol:sim_time:221.0_obsid:welopt-ly3_variable:so4,5.56981e-05,0.0,conc,,,welopt-ly3,conc,lst,221.0,sim,so4,
oname:conc_otype:lst_usecol:sim_time:221.0_obsid:wp1-f3_variable:o0,6.47051e-10,3065.696697424829,conc,,,wp1-f3,conc,lst,221.0,sim,o0,0.000326190128606
oname:conc_otype:lst_usecol:sim_time:221.0_obsid:wp1-f3_variable:ph,6.66679,0.6131393394849658,conc,,,wp1-f3,conc,lst,221.0,sim,ph,1.6309506430300091
oname:conc_otype:lst_usecol:sim_time:221.0_obsid:wp1-f3_variable:so4,0.000663015,1226.2786789699317,conc,,,wp1-f3,conc,lst,221.0,sim,so4,0.000815475321515
oname:conc_otype:lst_usecol:sim_time:221.0_obsid:wp4-f5_variable:o0,1.39167e-29,3143.4730673096574,conc,,,wp4-f5,conc,lst,221.0,sim,o0,0.0003181194744117
oname:conc_otype:lst_usecol:sim_time:221.0_obsid:wp4-f5_variable:ph,6.03333,0.6286946134619315,conc,,,wp4-f5,conc,lst,221.0,sim,ph,1.5905973720586868
oname:conc_otype:lst_usecol:sim_time:221.0_obsid:wp4-f5_variable:so4,0.000851515,1257.389226923863,conc,,,wp4-f5,conc,lst,221.0,sim,so4,0.0007952986860293
oname:conc_otype:lst_usecol:sim_time:222.0_obsid:welopt-ly3_variable:o0,0.0,0.0,conc,,,welopt-ly3,conc,lst,222.0,sim,o0,
oname:conc_otype:lst_usecol:sim_time:222.0_obsid:welopt-ly3_variable:ph,6.67501,0.0,conc,,,welopt-ly3,conc,lst,222.0,sim,ph,
oname:conc_otype:lst_usecol:sim_time:222.0_obsid:welopt-ly3_variable:so4,5.56981e-05,0.0,conc,,,welopt-ly3,conc,lst,222.0,sim,so4,
oname:conc_otype:lst_usecol:sim_time:222.0_obsid:wp1-f3_variable:o0,6.47051e-10,3065.696697424829,conc,,,wp1-f3,conc,lst,222.0,sim,o0,0.000326190128606
oname:conc_otype:lst_usecol:sim_time:222.0_obsid:wp1-f3_variable:ph,6.66679,0.6131393394849658,conc,,,wp1-f3,conc,lst,222.0,sim,ph,1.6309506430300091
oname:conc_otype:lst_usecol:sim_time:222.0_obsid:wp1-f3_variable:so4,0.000663015,1226.2786789699317,conc,,,wp1-f3,conc,lst,222.0,sim,so4,0.000815475321515
oname:conc_otype:lst_usecol:sim_time:222.0_obsid:wp4-f5_variable:o0,1.39167e-29,3143.4730673096574,conc,,,wp4-f5,conc,lst,222.0,sim,o0,0.0003181194744117
oname:conc_otype:lst_usecol:sim_time:222.0_obsid:wp4-f5_variable:ph,6.03333,0.6286946134619315,conc,,,wp4-f5,conc,lst,222.0,sim,ph,1.5905973720586868
oname:conc_otype:lst_usecol:sim_time:222.0_obsid:wp4-f5_variable:so4,0.000851515,1257.389226923863,conc,,,wp4-f5,conc,lst,222.0,sim,so4,0.0007952986860293
oname:conc_otype:lst_usecol:sim_time:223.0_obsid:welopt-ly3_variable:o0,0.0,0.0,conc,,,welopt-ly3,conc,lst,223.0,sim,o0,
oname:conc_otype:lst_usecol:sim_time:223.0_obsid:welopt-ly3_variable:ph,6.67501,0.0,conc,,,welopt-ly3,conc,lst,223.0,sim,ph,
oname:conc_otype:lst_usecol:sim_time:223.0_obsid:welopt-ly3_variable:so4,5.56981e-05,0.0,conc,,,welopt-ly3,conc,lst,223.0,sim,so4,
oname:conc_otype:lst_usecol:sim_time:223.0_obsid:wp1-f3_variable:o0,6.47051e-10,3065.696697424829,conc,,,wp1-f3,conc,lst,223.0,sim,o0,0.000326190128606
oname:conc_otype:lst_usecol:sim_time:223.0_obsid:wp1-f3_variable:ph,6.66679,0.6131393394849658,conc,,,wp1-f3,conc,lst,223.0,sim,ph,1.6309506430300091
oname:conc_otype:lst_usecol:sim_time:223.0_obsid:wp1-f3_variable:so4,0.000663015,1226.2786789699317,conc,,,wp1-f3,conc,lst,223.0,sim,so4,0.000815475321515
oname:conc_otype:lst_usecol:sim_time:223.0_obsid:wp4-f5_variable:o0,1.39167e-29,3143.4730673096574,conc,,,wp4-f5,conc,lst,223.0,sim,o0,0.0003181194744117
oname:conc_otype:lst_usecol:sim_time:223.0_obsid:wp4-f5_variable:ph,6.03333,0.6286946134619315,conc,,,wp4-f5,conc,lst,223.0,sim,ph,1.5905973720586868
oname:conc_otype:lst_usecol:sim_time:223.0_obsid:wp4-f5_variable:so4,0.000851515,1257.389226923863,conc,,,wp4-f5,conc,lst,223.0,sim,so4,0.0007952986860293
oname:conc_otype:lst_usecol:sim_time:224.0_obsid:welopt-ly3_variable:o0,0.0,0.0,conc,,,welopt-ly3,conc,lst,224.0,sim,o0,
oname:conc_otype:lst_usecol:sim_time:224.0_obsid:welopt-ly3_variable:ph,6.67501,0.0,conc,,,welopt-ly3,conc,lst,224.0,sim,ph,
oname:conc_otype:lst_usecol:sim_time:224.0_obsid:welopt-ly3_variable:so4,5.56981e-05,0.0,conc,,,welopt-ly3,conc,lst,224.0,sim,so4,
oname:conc_otype:lst_usecol:sim_time:224.0_obsid:wp1-f3_variable:o0,6.47051e-10,3065.696697424829,conc,,,wp1-f3,conc,lst,224.0,sim,o0,0.000326190128606
oname:conc_otype:lst_usecol:sim_time:224.0_obsid:wp1-f3_variable:ph,6.66679,0.6131393394849658,conc,,,wp1-f3,conc,lst,224.0,sim,ph,1.6309506430300091
oname:conc_otype:lst_usecol:sim_time:224.0_obsid:wp1-f3_variable:so4,0.000663015,1226.2786789699317,conc,,,wp1-f3,conc,lst,224.0,sim,so4,0.000815475321515
oname:conc_otype:lst_usecol:sim_time:224.0_obsid:wp4-f5_variable:o0,1.39167e-29,3143.4730673096574,conc,,,wp4-f5,conc,lst,224.0,sim,o0,0.0003181194744117
oname:conc_otype:lst_usecol:sim_time:224.0_obsid:wp4-f5_variable:ph,6.03333,0.6286946134619315,conc,,,wp4-f5,conc,lst,224.0,sim,ph,1.5905973720586868
oname:conc_otype:lst_usecol:sim_time:224.0_obsid:wp4-f5_variable:so4,0.000851515,1257.389226923863,conc,,,wp4-f5,conc,lst,224.0,sim,so4,0.0007952986860293
oname:conc_otype:lst_usecol:sim_time:225.0_obsid:welopt-ly3_variable:o0,0.0,0.0,conc,,,welopt-ly3,conc,lst,225.0,sim,o0,
oname:conc_otype:lst_usecol:sim_time:225.0_obsid:welopt-ly3_variable:ph,6.67501,0.0,conc,,,welopt-ly3,conc,lst,225.0,sim,ph,
oname:conc_otype:lst_usecol:sim_time:225.0_obsid:welopt-ly3_variable:so4,5.56981e-05,0.0,conc,,,welopt-ly3,conc,lst,225.0,sim,so4,
oname:conc_otype:lst_usecol:sim_time:225.0_obsid:wp1-f3_variable:o0,6.47051e-10,3065.696697424829,conc,,,wp1-f3,conc,lst,225.0,sim,o0,0.000326190128606
oname:conc_otype:lst_usecol:sim_time:225.0_obsid:wp1-f3_variable:ph,6.66679,0.6131393394849658,conc,,,wp1-f3,conc,lst,225.0,sim,ph,1.6309506430300091
oname:conc_otype:lst_usecol:sim_time:225.0_obsid:wp1-f3_variable:so4,0.000663015,1226.2786789699317,conc,,,wp1-f3,conc,lst,225.0,sim,so4,0.000815475321515
oname:conc_otype:lst_usecol:sim_time:225.0_obsid:wp4-f5_variable:o0,1.39167e-29,3143.4730673096574,conc,,,wp4-f5,conc,lst,225.0,sim,o0,0.0003181194744117
oname:conc_otype:lst_usecol:sim_time:225.0_obsid:wp4-f5_variable:ph,6.03333,0.6286946134619315,conc,,,wp4-f5,conc,lst,225.0,sim,ph,1.5905973720586868
oname:conc_otype:lst_usecol:sim_time:225.0_obsid:wp4-f5_variable:so4,0.000851515,1257.389226923863,conc,,,wp4-f5,conc,lst,225.0,sim,so4,0.0007952986860293
oname:conc_otype:lst_usecol:sim_time:226.0_obsid:welopt-ly3_variable:o0,0.0,0.0,conc,,,welopt-ly3,conc,lst,226.0,sim,o0,
oname:conc_otype:lst_usecol:sim_time:226.0_obsid:welopt-ly3_variable:ph,6.67505,0.0,conc,,,welopt-ly3,conc,lst,226.0,sim,ph,
oname:conc_otype:lst_usecol:sim_time:226.0_obsid:welopt-ly3_variable:so4,5.58186e-05,0.0,conc,,,welopt-ly3,conc,lst,226.0,sim,so4,
oname:conc_otype:lst_usecol:sim_time:226.0_obsid:wp1-f3_variable:o0,1.44625e-09,3065.696697424829,conc,,,wp1-f3,conc,lst,226.0,sim,o0,0.000326190128606
oname:conc_otype:lst_usecol:sim_time:226.0_obsid:wp1-f3_variable:ph,6.64808,0.6131393394849658,conc,,,wp1-f3,conc,lst,226.0,sim,ph,1.6309506430300091
oname:conc_otype:lst_usecol:sim_time:226.0_obsid:wp1-f3_variable:so4,0.00060187,1226.2786789699317,conc,,,wp1-f3,conc,lst,226.0,sim,so4,0.000815475321515
oname:conc_otype:lst_usecol:sim_time:226.0_obsid:wp4-f5_variable:o0,2.0531100000000002e-29,3143.4730673096574,conc,,,wp4-f5,conc,lst,226.0,sim,o0,0.0003181194744117
oname:conc_otype:lst_usecol:sim_time:226.0_obsid:wp4-f5_variable:ph,6.0567,0.6286946134619315,conc,,,wp4-f5,conc,lst,226.0,sim,ph,1.5905973720586868
oname:conc_otype:lst_usecol:sim_time:226.0_obsid:wp4-f5_variable:so4,0.000837587,1257.389226923863,conc,,,wp4-f5,conc,lst,226.0,sim,so4,0.0007952986860293
oname:conc_otype:lst_usecol:sim_time:227.0_obsid:welopt-ly3_variable:o0,0.0,0.0,conc,,,welopt-ly3,conc,lst,227.0,sim,o0,
oname:conc_otype:lst_usecol:sim_time:227.0_obsid:welopt-ly3_variable:ph,6.67505,0.0,conc,,,welopt-ly3,conc,lst,227.0,sim,ph,
oname:conc_otype:lst_usecol:sim_time:227.0_obsid:welopt-ly3_variable:so4,5.58186e-05,0.0,conc,,,welopt-ly3,conc,lst,227.0,sim,so4,
oname:conc_otype:lst_usecol:sim_time:227.0_obsid:wp1-f3_variable:o0,1.44625e-09,3065.696697424829,conc,,,wp1-f3,conc,lst,227.0,sim,o0,0.000326190128606
oname:conc_otype:lst_usecol:sim_time:227.0_obsid:wp1-f3_variable:ph,6.64808,0.6131393394849658,conc,,,wp1-f3,conc,lst,227.0,sim,ph,1.6309506430300091
oname:conc_otype:lst_usecol:sim_time:227.0_obsid:wp1-f3_variable:so4,0.00060187,1226.2786789699317,conc,,,wp1-f3,conc,lst,227.0,sim,so4,0.000815475321515
oname:conc_otype:lst_usecol:sim_time:227.0_obsid:wp4-f5_variable:o0,2.0531100000000002e-29,3143.4730673096574,conc,,,wp4-f5,conc,lst,227.0,sim,o0,0.0003181194744117
oname:conc_otype:lst_usecol:sim_time:227.0_obsid:wp4-f5_variable:ph,6.0567,0.6286946134619315,conc,,,wp4-f5,conc,lst,227.0,sim,ph,1.5905973720586868
oname:conc_otype:lst_usecol:sim_time:227.0_obsid:wp4-f5_variable:so4,0.000837587,1257.389226923863,conc,,,wp4-f5,conc,lst,227.0,sim,so4,0.0007952986860293
oname:conc_otype:lst_usecol:sim_time:228.0_obsid:welopt-ly3_variable:o0,0.0,0.0,conc,,,welopt-ly3,conc,lst,228.0,sim,o0,
oname:conc_otype:lst_usecol:sim_time:228.0_obsid:welopt-ly3_variable:ph,6.67505,0.0,conc,,,welopt-ly3,conc,lst,228.0,sim,ph,
oname:conc_otype:lst_usecol:sim_time:228.0_obsid:welopt-ly3_variable:so4,5.58186e-05,0.0,conc,,,welopt-ly3,conc,lst,228.0,sim,so4,
oname:conc_otype:lst_usecol:sim_time:228.0_obsid:wp1-f3_variable:o0,1.44625e-09,3065.696697424829,conc,,,wp1-f3,conc,lst,228.0,sim,o0,0.000326190128606
oname:conc_otype:lst_usecol:sim_time:228.0_obsid:wp1-f3_variable:ph,6.64808,0.6131393394849658,conc,,,wp1-f3,conc,lst,228.0,sim,ph,1.6309506430300091
oname:conc_otype:lst_usecol:sim_time:228.0_obsid:wp1-f3_variable:so4,0.00060187,1226.2786789699317,conc,,,wp1-f3,conc,lst,228.0,sim,so4,0.000815475321515
oname:conc_otype:lst_usecol:sim_time:228.0_obsid:wp4-f5_variable:o0,2.0531100000000002e-29,3143.4730673096574,conc,,,wp4-f5,conc,lst,228.0,sim,o0,0.0003181194744117
oname:conc_otype:lst_usecol:sim_time:228.0_obsid:wp4-f5_variable:ph,6.0567,0.6286946134619315,conc,,,wp4-f5,conc,lst,228.0,sim,ph,1.5905973720586868
oname:conc_otype:lst_usecol:sim_time:228.0_obsid:wp4-f5_variable:so4,0.000837587,1257.389226923863,conc,,,wp4-f5,conc,lst,228.0,sim,so4,0.0007952986860293
oname:conc_otype:lst_usecol:sim_time:229.0_obsid:welopt-ly3_variable:o0,0.0,0.0,conc,,,welopt-ly3,conc,lst,229.0,sim,o0,
oname:conc_otype:lst_usecol:sim_time:229.0_obsid:welopt-ly3_variable:ph,6.67505,0.0,conc,,,welopt-ly3,conc,lst,229.0,sim,ph,
oname:conc_otype:lst_usecol:sim_time:229.0_obsid:welopt-ly3_variable:so4,5.58186e-05,0.0,conc,,,welopt-ly3,conc,lst,229.0,sim,so4,
oname:conc_otype:lst_usecol:sim_time:229.0_obsid:wp1-f3_variable:o0,1.44625e-09,3065.696697424829,conc,,,wp1-f3,conc,lst,229.0,sim,o0,0.000326190128606
oname:conc_otype:lst_usecol:sim_time:229.0_obsid:wp1-f3_variable:ph,6.64808,0.6131393394849658,conc,,,wp1-f3,conc,lst,229.0,sim,ph,1.6309506430300091
oname:conc_otype:lst_usecol:sim_time:229.0_obsid:wp1-f3_variable:so4,0.00060187,1226.2786789699317,conc,,,wp1-f3,conc,lst,229.0,sim,so4,0.000815475321515
oname:conc_otype:lst_usecol:sim_time:229.0_obsid:wp4-f5_variable:o0,2.0531100000000002e-29,3143.4730673096574,conc,,,wp4-f5,conc,lst,229.0,sim,o0,0.0003181194744117
oname:conc_otype:lst_usecol:sim_time:229.0_obsid:wp4-f5_variable:ph,6.0567,0.6286946134619315,conc,,,wp4-f5,conc,lst,229.0,sim,ph,1.5905973720586868
oname:conc_otype:lst_usecol:sim_time:229.0_obsid:wp4-f5_variable:so4,0.000837587,1257.389226923863,conc,,,wp4-f5,conc,lst,229.0,sim,so4,0.0007952986860293
oname:conc_otype:lst_usecol:sim_time:23.0_obsid:welopt-ly3_variable:o0,0.0,0.0,conc,,,welopt-ly3,conc,lst,23.0,sim,o0,
oname:conc_otype:lst_usecol:sim_time:23.0_obsid:welopt-ly3_variable:ph,6.67491,0.0,conc,,,welopt-ly3,conc,lst,23.0,sim,ph,
oname:conc_otype:lst_usecol:sim_time:23.0_obsid:welopt-ly3_variable:so4,5.5115e-05,0.0,conc,,,welopt-ly3,conc,lst,23.0,sim,so4,
oname:conc_otype:lst_usecol:sim_time:23.0_obsid:wp1-f3_variable:o0,4.51501e-30,0.0,conc,,,wp1-f3,conc,lst,23.0,sim,o0,0.000326190128606
oname:conc_otype:lst_usecol:sim_time:23.0_obsid:wp1-f3_variable:ph,6.39874,0.6131393394849658,conc,,,wp1-f3,conc,lst,23.0,sim,ph,1.6309506430300091
oname:conc_otype:lst_usecol:sim_time:23.0_obsid:wp1-f3_variable:so4,0.000567307,1226.2786789699317,conc,,,wp1-f3,conc,lst,23.0,sim,so4,0.000815475321515
oname:conc_otype:lst_usecol:sim_time:23.0_obsid:wp4-f5_variable:o0,0.0,3143.4730673096574,conc,,,wp4-f5,conc,lst,23.0,sim,o0,0.0003181194744117
oname:conc_otype:lst_usecol:sim_time:23.0_obsid:wp4-f5_variable:ph,6.67483,0.6286946134619315,conc,,,wp4-f5,conc,lst,23.0,sim,ph,1.5905973720586868
oname:conc_otype:lst_usecol:sim_time:23.0_obsid:wp4-f5_variable:so4,5.525e-05,1257.389226923863,conc,,,wp4-f5,conc,lst,23.0,sim,so4,0.0007952986860293
oname:conc_otype:lst_usecol:sim_time:230.0_obsid:welopt-ly3_variable:o0,0.0,0.0,conc,,,welopt-ly3,conc,lst,230.0,sim,o0,
oname:conc_otype:lst_usecol:sim_time:230.0_obsid:welopt-ly3_variable:ph,6.67505,0.0,conc,,,welopt-ly3,conc,lst,230.0,sim,ph,
oname:conc_otype:lst_usecol:sim_time:230.0_obsid:welopt-ly3_variable:so4,5.58186e-05,0.0,conc,,,welopt-ly3,conc,lst,230.0,sim,so4,
oname:conc_otype:lst_usecol:sim_time:230.0_obsid:wp1-f3_variable:o0,1.44625e-09,3065.696697424829,conc,,,wp1-f3,conc,lst,230.0,sim,o0,0.000326190128606
oname:conc_otype:lst_usecol:sim_time:230.0_obsid:wp1-f3_variable:ph,6.64808,0.6131393394849658,conc,,,wp1-f3,conc,lst,230.0,sim,ph,1.6309506430300091
oname:conc_otype:lst_usecol:sim_time:230.0_obsid:wp1-f3_variable:so4,0.00060187,1226.2786789699317,conc,,,wp1-f3,conc,lst,230.0,sim,so4,0.000815475321515
oname:conc_otype:lst_usecol:sim_time:230.0_obsid:wp4-f5_variable:o0,2.0531100000000002e-29,3143.4730673096574,conc,,,wp4-f5,conc,lst,230.0,sim,o0,0.0003181194744117
oname:conc_otype:lst_usecol:sim_time:230.0_obsid:wp4-f5_variable:ph,6.0567,0.6286946134619315,conc,,,wp4-f5,conc,lst,230.0,sim,ph,1.5905973720586868
oname:conc_otype:lst_usecol:sim_time:230.0_obsid:wp4-f5_variable:so4,0.000837587,1257.389226923863,conc,,,wp4-f5,conc,lst,230.0,sim,so4,0.0007952986860293
oname:conc_otype:lst_usecol:sim_time:231.0_obsid:welopt-ly3_variable:o0,0.0,0.0,conc,,,welopt-ly3,conc,lst,231.0,sim,o0,
oname:conc_otype:lst_usecol:sim_time:231.0_obsid:welopt-ly3_variable:ph,6.67505,0.0,conc,,,welopt-ly3,conc,lst,231.0,sim,ph,
oname:conc_otype:lst_usecol:sim_time:231.0_obsid:welopt-ly3_variable:so4,5.58186e-05,0.0,conc,,,welopt-ly3,conc,lst,231.0,sim,so4,
oname:conc_otype:lst_usecol:sim_time:231.0_obsid:wp1-f3_variable:o0,1.44625e-09,3065.696697424829,conc,,,wp1-f3,conc,lst,231.0,sim,o0,0.000326190128606
oname:conc_otype:lst_usecol:sim_time:231.0_obsid:wp1-f3_variable:ph,6.64808,0.6131393394849658,conc,,,wp1-f3,conc,lst,231.0,sim,ph,1.6309506430300091
oname:conc_otype:lst_usecol:sim_time:231.0_obsid:wp1-f3_variable:so4,0.00060187,1226.2786789699317,conc,,,wp1-f3,conc,lst,231.0,sim,so4,0.000815475321515
oname:conc_otype:lst_usecol:sim_time:231.0_obsid:wp4-f5_variable:o0,2.0531100000000002e-29,3143.4730673096574,conc,,,wp4-f5,conc,lst,231.0,sim,o0,0.0003181194744117
oname:conc_otype:lst_usecol:sim_time:231.0_obsid:wp4-f5_variable:ph,6.0567,0.6286946134619315,conc,,,wp4-f5,conc,lst,231.0,sim,ph,1.5905973720586868
oname:conc_otype:lst_usecol:sim_time:231.0_obsid:wp4-f5_variable:so4,0.000837587,1257.389226923863,conc,,,wp4-f5,conc,lst,231.0,sim,so4,0.0007952986860293
oname:conc_otype:lst_usecol:sim_time:232.0_obsid:welopt-ly3_variable:o0,0.0,0.0,conc,,,welopt-ly3,conc,lst,232.0,sim,o0,
oname:conc_otype:lst_usecol:sim_time:232.0_obsid:welopt-ly3_variable:ph,6.67505,0.0,conc,,,welopt-ly3,conc,lst,232.0,sim,ph,
oname:conc_otype:lst_usecol:sim_time:232.0_obsid:welopt-ly3_variable:so4,5.58186e-05,0.0,conc,,,welopt-ly3,conc,lst,232.0,sim,so4,
oname:conc_otype:lst_usecol:sim_time:232.0_obsid:wp1-f3_variable:o0,1.44625e-09,3065.696697424829,conc,,,wp1-f3,conc,lst,232.0,sim,o0,0.000326190128606
oname:conc_otype:lst_usecol:sim_time:232.0_obsid:wp1-f3_variable:ph,6.64808,0.6131393394849658,conc,,,wp1-f3,conc,lst,232.0,sim,ph,1.6309506430300091
oname:conc_otype:lst_usecol:sim_time:232.0_obsid:wp1-f3_variable:so4,0.00060187,1226.2786789699317,conc,,,wp1-f3,conc,lst,232.0,sim,so4,0.000815475321515
oname:conc_otype:lst_usecol:sim_time:232.0_obsid:wp4-f5_variable:o0,2.0531100000000002e-29,3143.4730673096574,conc,,,wp4-f5,conc,lst,232.0,sim,o0,0.0003181194744117
oname:conc_otype:lst_usecol:sim_time:232.0_obsid:wp4-f5_variable:ph,6.0567,0.6286946134619315,conc,,,wp4-f5,conc,lst,232.0,sim,ph,1.5905973720586868
oname:conc_otype:lst_usecol:sim_time:232.0_obsid:wp4-f5_variable:so4,0.000837587,1257.389226923863,conc,,,wp4-f5,conc,lst,232.0,sim,so4,0.0007952986860293
oname:conc_otype:lst_usecol:sim_time:233.0_obsid:welopt-ly3_variable:o0,0.0,0.0,conc,,,welopt-ly3,conc,lst,233.0,sim,o0,
oname:conc_otype:lst_usecol:sim_time:233.0_obsid:welopt-ly3_variable:ph,6.6748,0.0,conc,,,welopt-ly3,conc,lst,233.0,sim,ph,
oname:conc_otype:lst_usecol:sim_time:233.0_obsid:welopt-ly3_variable:so4,5.69936e-05,0.0,conc,,,welopt-ly3,conc,lst,233.0,sim,so4,
oname:conc_otype:lst_usecol:sim_time:233.0_obsid:wp1-f3_variable:o0,0.000220846,3065.696697424829,conc,,,wp1-f3,conc,lst,233.0,sim,o0,0.000326190128606
oname:conc_otype:lst_usecol:sim_time:233.0_obsid:wp1-f3_variable:ph,6.63996,0.6131393394849658,conc,,,wp1-f3,conc,lst,233.0,sim,ph,1.6309506430300091
oname:conc_otype:lst_usecol:sim_time:233.0_obsid:wp1-f3_variable:so4,0.00045581,1226.2786789699317,conc,,,wp1-f3,conc,lst,233.0,sim,so4,0.000815475321515
oname:conc_otype:lst_usecol:sim_time:233.0_obsid:wp4-f5_variable:o0,1.27192e-25,2453.6463458696526,conc,,,wp4-f5,conc,lst,233.0,sim,o0,0.000407556696866
oname:conc_otype:lst_usecol:sim_time:233.0_obsid:wp4-f5_variable:ph,5.86285,0.6286946134619315,conc,,,wp4-f5,conc,lst,233.0,sim,ph,1.5905973720586868
oname:conc_otype:lst_usecol:sim_time:233.0_obsid:wp4-f5_variable:so4,0.000682565,1257.389226923863,conc,,,wp4-f5,conc,lst,233.0,sim,so4,0.0007952986860293
oname:conc_otype:lst_usecol:sim_time:234.0_obsid:welopt-ly3_variable:o0,0.0,0.0,conc,,,welopt-ly3,conc,lst,234.0,sim,o0,
oname:conc_otype:lst_usecol:sim_time:234.0_obsid:welopt-ly3_variable:ph,6.6748,0.0,conc,,,welopt-ly3,conc,lst,234.0,sim,ph,
oname:conc_otype:lst_usecol:sim_time:234.0_obsid:welopt-ly3_variable:so4,5.69936e-05,0.0,conc,,,welopt-ly3,conc,lst,234.0,sim,so4,
oname:conc_otype:lst_usecol:sim_time:234.0_obsid:wp1-f3_variable:o0,0.000220846,3065.696697424829,conc,,,wp1-f3,conc,lst,234.0,sim,o0,0.000326190128606
oname:conc_otype:lst_usecol:sim_time:234.0_obsid:wp1-f3_variable:ph,6.63996,0.6131393394849658,conc,,,wp1-f3,conc,lst,234.0,sim,ph,1.6309506430300091
oname:conc_otype:lst_usecol:sim_time:234.0_obsid:wp1-f3_variable:so4,0.00045581,1226.2786789699317,conc,,,wp1-f3,conc,lst,234.0,sim,so4,0.000815475321515
oname:conc_otype:lst_usecol:sim_time:234.0_obsid:wp4-f5_variable:o0,1.27192e-25,2453.6463458696526,conc,,,wp4-f5,conc,lst,234.0,sim,o0,0.000407556696866
oname:conc_otype:lst_usecol:sim_time:234.0_obsid:wp4-f5_variable:ph,5.86285,0.6286946134619315,conc,,,wp4-f5,conc,lst,234.0,sim,ph,1.5905973720586868
oname:conc_otype:lst_usecol:sim_time:234.0_obsid:wp4-f5_variable:so4,0.000682565,1257.389226923863,conc,,,wp4-f5,conc,lst,234.0,sim,so4,0.0007952986860293
oname:conc_otype:lst_usecol:sim_time:235.0_obsid:welopt-ly3_variable:o0,0.0,0.0,conc,,,welopt-ly3,conc,lst,235.0,sim,o0,
oname:conc_otype:lst_usecol:sim_time:235.0_obsid:welopt-ly3_variable:ph,6.6748,0.0,conc,,,welopt-ly3,conc,lst,235.0,sim,ph,
oname:conc_otype:lst_usecol:sim_time:235.0_obsid:welopt-ly3_variable:so4,5.69936e-05,0.0,conc,,,welopt-ly3,conc,lst,235.0,sim,so4,
oname:conc_otype:lst_usecol:sim_time:235.0_obsid:wp1-f3_variable:o0,0.000220846,3065.696697424829,conc,,,wp1-f3,conc,lst,235.0,sim,o0,0.000326190128606
oname:conc_otype:lst_usecol:sim_time:235.0_obsid:wp1-f3_variable:ph,6.63996,0.6131393394849658,conc,,,wp1-f3,conc,lst,235.0,sim,ph,1.6309506430300091
oname:conc_otype:lst_usecol:sim_time:235.0_obsid:wp1-f3_variable:so4,0.00045581,1226.2786789699317,conc,,,wp1-f3,conc,lst,235.0,sim,so4,0.000815475321515
oname:conc_otype:lst_usecol:sim_time:235.0_obsid:wp4-f5_variable:o0,1.27192e-25,2453.6463458696526,conc,,,wp4-f5,conc,lst,235.0,sim,o0,0.000407556696866
oname:conc_otype:lst_usecol:sim_time:235.0_obsid:wp4-f5_variable:ph,5.86285,0.6286946134619315,conc,,,wp4-f5,conc,lst,235.0,sim,ph,1.5905973720586868
oname:conc_otype:lst_usecol:sim_time:235.0_obsid:wp4-f5_variable:so4,0.000682565,1257.389226923863,conc,,,wp4-f5,conc,lst,235.0,sim,so4,0.0007952986860293
oname:conc_otype:lst_usecol:sim_time:236.0_obsid:welopt-ly3_variable:o0,0.0,0.0,conc,,,welopt-ly3,conc,lst,236.0,sim,o0,
oname:conc_otype:lst_usecol:sim_time:236.0_obsid:welopt-ly3_variable:ph,6.6748,0.0,conc,,,welopt-ly3,conc,lst,236.0,sim,ph,
oname:conc_otype:lst_usecol:sim_time:236.0_obsid:welopt-ly3_variable:so4,5.69936e-05,0.0,conc,,,welopt-ly3,conc,lst,236.0,sim,so4,
oname:conc_otype:lst_usecol:sim_time:236.0_obsid:wp1-f3_variable:o0,0.000220846,3065.696697424829,conc,,,wp1-f3,conc,lst,236.0,sim,o0,0.000326190128606
oname:conc_otype:lst_usecol:sim_time:236.0_obsid:wp1-f3_variable:ph,6.63996,0.6131393394849658,conc,,,wp1-f3,conc,lst,236.0,sim,ph,1.6309506430300091
oname:conc_otype:lst_usecol:sim_time:236.0_obsid:wp1-f3_variable:so4,0.00045581,1226.2786789699317,conc,,,wp1-f3,conc,lst,236.0,sim,so4,0.000815475321515
oname:conc_otype:lst_usecol:sim_time:236.0_obsid:wp4-f5_variable:o0,1.27192e-25,2453.6463458696526,conc,,,wp4-f5,conc,lst,236.0,sim,o0,0.000407556696866
oname:conc_otype:lst_usecol:sim_time:236.0_obsid:wp4-f5_variable:ph,5.86285,0.6286946134619315,conc,,,wp4-f5,conc,lst,236.0,sim,ph,1.5905973720586868
oname:conc_otype:lst_usecol:sim_time:236.0_obsid:wp4-f5_variable:so4,0.000682565,1257.389226923863,conc,,,wp4-f5,conc,lst,236.0,sim,so4,0.0007952986860293
oname:conc_otype:lst_usecol:sim_time:237.0_obsid:welopt-ly3_variable:o0,0.0,0.0,conc,,,welopt-ly3,conc,lst,237.0,sim,o0,
oname:conc_otype:lst_usecol:sim_time:237.0_obsid:welopt-ly3_variable:ph,6.6748,0.0,conc,,,welopt-ly3,conc,lst,237.0,sim,ph,
oname:conc_otype:lst_usecol:sim_time:237.0_obsid:welopt-ly3_variable:so4,5.69936e-05,0.0,conc,,,welopt-ly3,conc,lst,237.0,sim,so4,
oname:conc_otype:lst_usecol:sim_time:237.0_obsid:wp1-f3_variable:o0,0.000220846,3065.696697424829,conc,,,wp1-f3,conc,lst,237.0,sim,o0,0.000326190128606
oname:conc_otype:lst_usecol:sim_time:237.0_obsid:wp1-f3_variable:ph,6.63996,0.6131393394849658,conc,,,wp1-f3,conc,lst,237.0,sim,ph,1.6309506430300091
oname:conc_otype:lst_usecol:sim_time:237.0_obsid:wp1-f3_variable:so4,0.00045581,1226.2786789699317,conc,,,wp1-f3,conc,lst,237.0,sim,so4,0.000815475321515
oname:conc_otype:lst_usecol:sim_time:237.0_obsid:wp4-f5_variable:o0,1.27192e-25,2453.6463458696526,conc,,,wp4-f5,conc,lst,237.0,sim,o0,0.000407556696866
oname:conc_otype:lst_usecol:sim_time:237.0_obsid:wp4-f5_variable:ph,5.86285,0.6286946134619315,conc,,,wp4-f5,conc,lst,237.0,sim,ph,1.5905973720586868
oname:conc_otype:lst_usecol:sim_time:237.0_obsid:wp4-f5_variable:so4,0.000682565,1257.389226923863,conc,,,wp4-f5,conc,lst,237.0,sim,so4,0.0007952986860293
oname:conc_otype:lst_usecol:sim_time:238.0_obsid:welopt-ly3_variable:o0,0.0,0.0,conc,,,welopt-ly3,conc,lst,238.0,sim,o0,
oname:conc_otype:lst_usecol:sim_time:238.0_obsid:welopt-ly3_variable:ph,6.6748,0.0,conc,,,welopt-ly3,conc,lst,238.0,sim,ph,
oname:conc_otype:lst_usecol:sim_time:238.0_obsid:welopt-ly3_variable:so4,5.69936e-05,0.0,conc,,,welopt-ly3,conc,lst,238.0,sim,so4,
oname:conc_otype:lst_usecol:sim_time:238.0_obsid:wp1-f3_variable:o0,0.000220846,3065.696697424829,conc,,,wp1-f3,conc,lst,238.0,sim,o0,0.000326190128606
oname:conc_otype:lst_usecol:sim_time:238.0_obsid:wp1-f3_variable:ph,6.63996,0.6131393394849658,conc,,,wp1-f3,conc,lst,238.0,sim,ph,1.6309506430300091
oname:conc_otype:lst_usecol:sim_time:238.0_obsid:wp1-f3_variable:so4,0.00045581,1226.2786789699317,conc,,,wp1-f3,conc,lst,238.0,sim,so4,0.000815475321515
oname:conc_otype:lst_usecol:sim_time:238.0_obsid:wp4-f5_variable:o0,1.27192e-25,2453.6463458696526,conc,,,wp4-f5,conc,lst,238.0,sim,o0,0.000407556696866
oname:conc_otype:lst_usecol:sim_time:238.0_obsid:wp4-f5_variable:ph,5.86285,0.6286946134619315,conc,,,wp4-f5,conc,lst,238.0,sim,ph,1.5905973720586868
oname:conc_otype:lst_usecol:sim_time:238.0_obsid:wp4-f5_variable:so4,0.000682565,1257.389226923863,conc,,,wp4-f5,conc,lst,238.0,sim,so4,0.0007952986860293
oname:conc_otype:lst_usecol:sim_time:239.0_obsid:welopt-ly3_variable:o0,0.0,0.0,conc,,,welopt-ly3,conc,lst,239.0,sim,o0,
oname:conc_otype:lst_usecol:sim_time:239.0_obsid:welopt-ly3_variable:ph,6.6748,0.0,conc,,,welopt-ly3,conc,lst,239.0,sim,ph,
oname:conc_otype:lst_usecol:sim_time:239.0_obsid:welopt-ly3_variable:so4,5.69936e-05,0.0,conc,,,welopt-ly3,conc,lst,239.0,sim,so4,
oname:conc_otype:lst_usecol:sim_time:239.0_obsid:wp1-f3_variable:o0,0.000220846,3065.696697424829,conc,,,wp1-f3,conc,lst,239.0,sim,o0,0.000326190128606
oname:conc_otype:lst_usecol:sim_time:239.0_obsid:wp1-f3_variable:ph,6.63996,0.6131393394849658,conc,,,wp1-f3,conc,lst,239.0,sim,ph,1.6309506430300091
oname:conc_otype:lst_usecol:sim_time:239.0_obsid:wp1-f3_variable:so4,0.00045581,1226.2786789699317,conc,,,wp1-f3,conc,lst,239.0,sim,so4,0.000815475321515
oname:conc_otype:lst_usecol:sim_time:239.0_obsid:wp4-f5_variable:o0,1.27192e-25,2453.6463458696526,conc,,,wp4-f5,conc,lst,239.0,sim,o0,0.000407556696866
oname:conc_otype:lst_usecol:sim_time:239.0_obsid:wp4-f5_variable:ph,5.86285,0.6286946134619315,conc,,,wp4-f5,conc,lst,239.0,sim,ph,1.5905973720586868
oname:conc_otype:lst_usecol:sim_time:239.0_obsid:wp4-f5_variable:so4,0.000682565,1257.389226923863,conc,,,wp4-f5,conc,lst,239.0,sim,so4,0.0007952986860293
oname:conc_otype:lst_usecol:sim_time:24.0_obsid:welopt-ly3_variable:o0,0.0,0.0,conc,,,welopt-ly3,conc,lst,24.0,sim,o0,
oname:conc_otype:lst_usecol:sim_time:24.0_obsid:welopt-ly3_variable:ph,6.67491,0.0,conc,,,welopt-ly3,conc,lst,24.0,sim,ph,
oname:conc_otype:lst_usecol:sim_time:24.0_obsid:welopt-ly3_variable:so4,5.5115e-05,0.0,conc,,,welopt-ly3,conc,lst,24.0,sim,so4,
oname:conc_otype:lst_usecol:sim_time:24.0_obsid:wp1-f3_variable:o0,4.51501e-30,0.0,conc,,,wp1-f3,conc,lst,24.0,sim,o0,0.000326190128606
oname:conc_otype:lst_usecol:sim_time:24.0_obsid:wp1-f3_variable:ph,6.39874,0.6131393394849658,conc,,,wp1-f3,conc,lst,24.0,sim,ph,1.6309506430300091
oname:conc_otype:lst_usecol:sim_time:24.0_obsid:wp1-f3_variable:so4,0.000567307,1226.2786789699317,conc,,,wp1-f3,conc,lst,24.0,sim,so4,0.000815475321515
oname:conc_otype:lst_usecol:sim_time:24.0_obsid:wp4-f5_variable:o0,0.0,3143.4730673096574,conc,,,wp4-f5,conc,lst,24.0,sim,o0,0.0003181194744117
oname:conc_otype:lst_usecol:sim_time:24.0_obsid:wp4-f5_variable:ph,6.67483,0.6286946134619315,conc,,,wp4-f5,conc,lst,24.0,sim,ph,1.5905973720586868
oname:conc_otype:lst_usecol:sim_time:24.0_obsid:wp4-f5_variable:so4,5.525e-05,1257.389226923863,conc,,,wp4-f5,conc,lst,24.0,sim,so4,0.0007952986860293
oname:conc_otype:lst_usecol:sim_time:240.0_obsid:welopt-ly3_variable:o0,3.43592e-40,0.0,conc,,,welopt-ly3,conc,lst,240.0,sim,o0,
oname:conc_otype:lst_usecol:sim_time:240.0_obsid:welopt-ly3_variable:ph,6.67082,0.0,conc,,,welopt-ly3,conc,lst,240.0,sim,ph,
oname:conc_otype:lst_usecol:sim_time:240.0_obsid:welopt-ly3_variable:so4,7.15545e-05,0.0,conc,,,welopt-ly3,conc,lst,240.0,sim,so4,
oname:conc_otype:lst_usecol:sim_time:240.0_obsid:wp1-f3_variable:o0,0.000263328,3065.696697424829,conc,,,wp1-f3,conc,lst,240.0,sim,o0,0.000326190128606
oname:conc_otype:lst_usecol:sim_time:240.0_obsid:wp1-f3_variable:ph,6.65842,0.6131393394849658,conc,,,wp1-f3,conc,lst,240.0,sim,ph,1.6309506430300091
oname:conc_otype:lst_usecol:sim_time:240.0_obsid:wp1-f3_variable:so4,0.000424698,1226.2786789699317,conc,,,wp1-f3,conc,lst,240.0,sim,so4,0.000815475321515
oname:conc_otype:lst_usecol:sim_time:240.0_obsid:wp4-f5_variable:o0,3.99816e-10,2356.1907914835037,conc,,,wp4-f5,conc,lst,240.0,sim,o0,0.000424413847815
oname:conc_otype:lst_usecol:sim_time:240.0_obsid:wp4-f5_variable:ph,5.90782,0.6286946134619315,conc,,,wp4-f5,conc,lst,240.0,sim,ph,1.5905973720586868
oname:conc_otype:lst_usecol:sim_time:240.0_obsid:wp4-f5_variable:so4,0.00056481,1257.389226923863,conc,,,wp4-f5,conc,lst,240.0,sim,so4,0.0007952986860293
oname:conc_otype:lst_usecol:sim_time:241.0_obsid:welopt-ly3_variable:o0,3.43592e-40,0.0,conc,,,welopt-ly3,conc,lst,241.0,sim,o0,
oname:conc_otype:lst_usecol:sim_time:241.0_obsid:welopt-ly3_variable:ph,6.67082,0.0,conc,,,welopt-ly3,conc,lst,241.0,sim,ph,
oname:conc_otype:lst_usecol:sim_time:241.0_obsid:welopt-ly3_variable:so4,7.15545e-05,0.0,conc,,,welopt-ly3,conc,lst,241.0,sim,so4,
oname:conc_otype:lst_usecol:sim_time:241.0_obsid:wp1-f3_variable:o0,0.000263328,3065.696697424829,conc,,,wp1-f3,conc,lst,241.0,sim,o0,0.000326190128606
oname:conc_otype:lst_usecol:sim_time:241.0_obsid:wp1-f3_variable:ph,6.65842,0.6131393394849658,conc,,,wp1-f3,conc,lst,241.0,sim,ph,1.6309506430300091
oname:conc_otype:lst_usecol:sim_time:241.0_obsid:wp1-f3_variable:so4,0.000424698,1226.2786789699317,conc,,,wp1-f3,conc,lst,241.0,sim,so4,0.000815475321515
oname:conc_otype:lst_usecol:sim_time:241.0_obsid:wp4-f5_variable:o0,3.99816e-10,2356.1907914835037,conc,,,wp4-f5,conc,lst,241.0,sim,o0,0.000424413847815
oname:conc_otype:lst_usecol:sim_time:241.0_obsid:wp4-f5_variable:ph,5.90782,0.6286946134619315,conc,,,wp4-f5,conc,lst,241.0,sim,ph,1.5905973720586868
oname:conc_otype:lst_usecol:sim_time:241.0_obsid:wp4-f5_variable:so4,0.00056481,1257.389226923863,conc,,,wp4-f5,conc,lst,241.0,sim,so4,0.0007952986860293
oname:conc_otype:lst_usecol:sim_time:242.0_obsid:welopt-ly3_variable:o0,3.43592e-40,0.0,conc,,,welopt-ly3,conc,lst,242.0,sim,o0,
oname:conc_otype:lst_usecol:sim_time:242.0_obsid:welopt-ly3_variable:ph,6.67082,0.0,conc,,,welopt-ly3,conc,lst,242.0,sim,ph,
oname:conc_otype:lst_usecol:sim_time:242.0_obsid:welopt-ly3_variable:so4,7.15545e-05,0.0,conc,,,welopt-ly3,conc,lst,242.0,sim,so4,
oname:conc_otype:lst_usecol:sim_time:242.0_obsid:wp1-f3_variable:o0,0.000263328,3065.696697424829,conc,,,wp1-f3,conc,lst,242.0,sim,o0,0.000326190128606
oname:conc_otype:lst_usecol:sim_time:242.0_obsid:wp1-f3_variable:ph,6.65842,0.6131393394849658,conc,,,wp1-f3,conc,lst,242.0,sim,ph,1.6309506430300091
oname:conc_otype:lst_usecol:sim_time:242.0_obsid:wp1-f3_variable:so4,0.000424698,1226.2786789699317,conc,,,wp1-f3,conc,lst,242.0,sim,so4,0.000815475321515
oname:conc_otype:lst_usecol:sim_time:242.0_obsid:wp4-f5_variable:o0,3.99816e-10,2356.1907914835037,conc,,,wp4-f5,conc,lst,242.0,sim,o0,0.000424413847815
oname:conc_otype:lst_usecol:sim_time:242.0_obsid:wp4-f5_variable:ph,5.90782,0.6286946134619315,conc,,,wp4-f5,conc,lst,242.0,sim,ph,1.5905973720586868
oname:conc_otype:lst_usecol:sim_time:242.0_obsid:wp4-f5_variable:so4,0.00056481,1257.389226923863,conc,,,wp4-f5,conc,lst,242.0,sim,so4,0.0007952986860293
oname:conc_otype:lst_usecol:sim_time:243.0_obsid:welopt-ly3_variable:o0,3.43592e-40,0.0,conc,,,welopt-ly3,conc,lst,243.0,sim,o0,
oname:conc_otype:lst_usecol:sim_time:243.0_obsid:welopt-ly3_variable:ph,6.67082,0.0,conc,,,welopt-ly3,conc,lst,243.0,sim,ph,
oname:conc_otype:lst_usecol:sim_time:243.0_obsid:welopt-ly3_variable:so4,7.15545e-05,0.0,conc,,,welopt-ly3,conc,lst,243.0,sim,so4,
oname:conc_otype:lst_usecol:sim_time:243.0_obsid:wp1-f3_variable:o0,0.000263328,3065.696697424829,conc,,,wp1-f3,conc,lst,243.0,sim,o0,0.000326190128606
oname:conc_otype:lst_usecol:sim_time:243.0_obsid:wp1-f3_variable:ph,6.65842,0.6131393394849658,conc,,,wp1-f3,conc,lst,243.0,sim,ph,1.6309506430300091
oname:conc_otype:lst_usecol:sim_time:243.0_obsid:wp1-f3_variable:so4,0.000424698,1226.2786789699317,conc,,,wp1-f3,conc,lst,243.0,sim,so4,0.000815475321515
oname:conc_otype:lst_usecol:sim_time:243.0_obsid:wp4-f5_variable:o0,3.99816e-10,2356.1907914835037,conc,,,wp4-f5,conc,lst,243.0,sim,o0,0.000424413847815
oname:conc_otype:lst_usecol:sim_time:243.0_obsid:wp4-f5_variable:ph,5.90782,0.6286946134619315,conc,,,wp4-f5,conc,lst,243.0,sim,ph,1.5905973720586868
oname:conc_otype:lst_usecol:sim_time:243.0_obsid:wp4-f5_variable:so4,0.00056481,1257.389226923863,conc,,,wp4-f5,conc,lst,243.0,sim,so4,0.0007952986860293
oname:conc_otype:lst_usecol:sim_time:244.0_obsid:welopt-ly3_variable:o0,3.43592e-40,0.0,conc,,,welopt-ly3,conc,lst,244.0,sim,o0,
oname:conc_otype:lst_usecol:sim_time:244.0_obsid:welopt-ly3_variable:ph,6.67082,0.0,conc,,,welopt-ly3,conc,lst,244.0,sim,ph,
oname:conc_otype:lst_usecol:sim_time:244.0_obsid:welopt-ly3_variable:so4,7.15545e-05,0.0,conc,,,welopt-ly3,conc,lst,244.0,sim,so4,
oname:conc_otype:lst_usecol:sim_time:244.0_obsid:wp1-f3_variable:o0,0.000263328,3065.696697424829,conc,,,wp1-f3,conc,lst,244.0,sim,o0,0.000326190128606
oname:conc_otype:lst_usecol:sim_time:244.0_obsid:wp1-f3_variable:ph,6.65842,0.6131393394849658,conc,,,wp1-f3,conc,lst,244.0,sim,ph,1.6309506430300091
oname:conc_otype:lst_usecol:sim_time:244.0_obsid:wp1-f3_variable:so4,0.000424698,1226.2786789699317,conc,,,wp1-f3,conc,lst,244.0,sim,so4,0.000815475321515
oname:conc_otype:lst_usecol:sim_time:244.0_obsid:wp4-f5_variable:o0,3.99816e-10,2356.1907914835037,conc,,,wp4-f5,conc,lst,244.0,sim,o0,0.000424413847815
oname:conc_otype:lst_usecol:sim_time:244.0_obsid:wp4-f5_variable:ph,5.90782,0.6286946134619315,conc,,,wp4-f5,conc,lst,244.0,sim,ph,1.5905973720586868
oname:conc_otype:lst_usecol:sim_time:244.0_obsid:wp4-f5_variable:so4,0.00056481,1257.389226923863,conc,,,wp4-f5,conc,lst,244.0,sim,so4,0.0007952986860293
oname:conc_otype:lst_usecol:sim_time:245.0_obsid:welopt-ly3_variable:o0,3.43592e-40,0.0,conc,,,welopt-ly3,conc,lst,245.0,sim,o0,
oname:conc_otype:lst_usecol:sim_time:245.0_obsid:welopt-ly3_variable:ph,6.67082,0.0,conc,,,welopt-ly3,conc,lst,245.0,sim,ph,
oname:conc_otype:lst_usecol:sim_time:245.0_obsid:welopt-ly3_variable:so4,7.15545e-05,0.0,conc,,,welopt-ly3,conc,lst,245.0,sim,so4,
oname:conc_otype:lst_usecol:sim_time:245.0_obsid:wp1-f3_variable:o0,0.000263328,3065.696697424829,conc,,,wp1-f3,conc,lst,245.0,sim,o0,0.000326190128606
oname:conc_otype:lst_usecol:sim_time:245.0_obsid:wp1-f3_variable:ph,6.65842,0.6131393394849658,conc,,,wp1-f3,conc,lst,245.0,sim,ph,1.6309506430300091
oname:conc_otype:lst_usecol:sim_time:245.0_obsid:wp1-f3_variable:so4,0.000424698,1226.2786789699317,conc,,,wp1-f3,conc,lst,245.0,sim,so4,0.000815475321515
oname:conc_otype:lst_usecol:sim_time:245.0_obsid:wp4-f5_variable:o0,3.99816e-10,2356.1907914835037,conc,,,wp4-f5,conc,lst,245.0,sim,o0,0.000424413847815
oname:conc_otype:lst_usecol:sim_time:245.0_obsid:wp4-f5_variable:ph,5.90782,0.6286946134619315,conc,,,wp4-f5,conc,lst,245.0,sim,ph,1.5905973720586868
oname:conc_otype:lst_usecol:sim_time:245.0_obsid:wp4-f5_variable:so4,0.00056481,1257.389226923863,conc,,,wp4-f5,conc,lst,245.0,sim,so4,0.0007952986860293
oname:conc_otype:lst_usecol:sim_time:246.0_obsid:welopt-ly3_variable:o0,3.43592e-40,0.0,conc,,,welopt-ly3,conc,lst,246.0,sim,o0,
oname:conc_otype:lst_usecol:sim_time:246.0_obsid:welopt-ly3_variable:ph,6.67082,0.0,conc,,,welopt-ly3,conc,lst,246.0,sim,ph,
oname:conc_otype:lst_usecol:sim_time:246.0_obsid:welopt-ly3_variable:so4,7.15545e-05,0.0,conc,,,welopt-ly3,conc,lst,246.0,sim,so4,
oname:conc_otype:lst_usecol:sim_time:246.0_obsid:wp1-f3_variable:o0,0.000263328,3065.696697424829,conc,,,wp1-f3,conc,lst,246.0,sim,o0,0.000326190128606
oname:conc_otype:lst_usecol:sim_time:246.0_obsid:wp1-f3_variable:ph,6.65842,0.6131393394849658,conc,,,wp1-f3,conc,lst,246.0,sim,ph,1.6309506430300091
oname:conc_otype:lst_usecol:sim_time:246.0_obsid:wp1-f3_variable:so4,0.000424698,1226.2786789699317,conc,,,wp1-f3,conc,lst,246.0,sim,so4,0.000815475321515
oname:conc_otype:lst_usecol:sim_time:246.0_obsid:wp4-f5_variable:o0,3.99816e-10,2356.1907914835037,conc,,,wp4-f5,conc,lst,246.0,sim,o0,0.000424413847815
oname:conc_otype:lst_usecol:sim_time:246.0_obsid:wp4-f5_variable:ph,5.90782,0.6286946134619315,conc,,,wp4-f5,conc,lst,246.0,sim,ph,1.5905973720586868
oname:conc_otype:lst_usecol:sim_time:246.0_obsid:wp4-f5_variable:so4,0.00056481,1257.389226923863,conc,,,wp4-f5,conc,lst,246.0,sim,so4,0.0007952986860293
oname:conc_otype:lst_usecol:sim_time:247.0_obsid:welopt-ly3_variable:o0,2.53507e-37,0.0,conc,,,welopt-ly3,conc,lst,247.0,sim,o0,
oname:conc_otype:lst_usecol:sim_time:247.0_obsid:welopt-ly3_variable:ph,6.65004,0.0,conc,,,welopt-ly3,conc,lst,247.0,sim,ph,
oname:conc_otype:lst_usecol:sim_time:247.0_obsid:welopt-ly3_variable:so4,0.00014141,0.0,conc,,,welopt-ly3,conc,lst,247.0,sim,so4,
oname:conc_otype:lst_usecol:sim_time:247.0_obsid:wp1-f3_variable:o0,0.000278174,3065.696697424829,conc,,,wp1-f3,conc,lst,247.0,sim,o0,0.000326190128606
oname:conc_otype:lst_usecol:sim_time:247.0_obsid:wp1-f3_variable:ph,6.69352,0.6131393394849658,conc,,,wp1-f3,conc,lst,247.0,sim,ph,1.6309506430300091
oname:conc_otype:lst_usecol:sim_time:247.0_obsid:wp1-f3_variable:so4,0.000420055,1226.2786789699317,conc,,,wp1-f3,conc,lst,247.0,sim,so4,0.000815475321515
oname:conc_otype:lst_usecol:sim_time:247.0_obsid:wp4-f5_variable:o0,8.98363e-10,2454.370505224928,conc,,,wp4-f5,conc,lst,247.0,sim,o0,0.0004074364477046
oname:conc_otype:lst_usecol:sim_time:247.0_obsid:wp4-f5_variable:ph,6.27127,0.6286946134619315,conc,,,wp4-f5,conc,lst,247.0,sim,ph,1.5905973720586868
oname:conc_otype:lst_usecol:sim_time:247.0_obsid:wp4-f5_variable:so4,0.000548918,1257.389226923863,conc,,,wp4-f5,conc,lst,247.0,sim,so4,0.0007952986860293
oname:conc_otype:lst_usecol:sim_time:248.0_obsid:welopt-ly3_variable:o0,2.53507e-37,0.0,conc,,,welopt-ly3,conc,lst,248.0,sim,o0,
oname:conc_otype:lst_usecol:sim_time:248.0_obsid:welopt-ly3_variable:ph,6.65004,0.0,conc,,,welopt-ly3,conc,lst,248.0,sim,ph,
oname:conc_otype:lst_usecol:sim_time:248.0_obsid:welopt-ly3_variable:so4,0.00014141,0.0,conc,,,welopt-ly3,conc,lst,248.0,sim,so4,
oname:conc_otype:lst_usecol:sim_time:248.0_obsid:wp1-f3_variable:o0,0.000278174,3065.696697424829,conc,,,wp1-f3,conc,lst,248.0,sim,o0,0.000326190128606
oname:conc_otype:lst_usecol:sim_time:248.0_obsid:wp1-f3_variable:ph,6.69352,0.6131393394849658,conc,,,wp1-f3,conc,lst,248.0,sim,ph,1.6309506430300091
oname:conc_otype:lst_usecol:sim_time:248.0_obsid:wp1-f3_variable:so4,0.000420055,1226.2786789699317,conc,,,wp1-f3,conc,lst,248.0,sim,so4,0.000815475321515
oname:conc_otype:lst_usecol:sim_time:248.0_obsid:wp4-f5_variable:o0,8.98363e-10,2454.370505224928,conc,,,wp4-f5,conc,lst,248.0,sim,o0,0.0004074364477046
oname:conc_otype:lst_usecol:sim_time:248.0_obsid:wp4-f5_variable:ph,6.27127,0.6286946134619315,conc,,,wp4-f5,conc,lst,248.0,sim,ph,1.5905973720586868
oname:conc_otype:lst_usecol:sim_time:248.0_obsid:wp4-f5_variable:so4,0.000548918,1257.389226923863,conc,,,wp4-f5,conc,lst,248.0,sim,so4,0.0007952986860293
oname:conc_otype:lst_usecol:sim_time:249.0_obsid:welopt-ly3_variable:o0,2.53507e-37,0.0,conc,,,welopt-ly3,conc,lst,249.0,sim,o0,
oname:conc_otype:lst_usecol:sim_time:249.0_obsid:welopt-ly3_variable:ph,6.65004,0.0,conc,,,welopt-ly3,conc,lst,249.0,sim,ph,
oname:conc_otype:lst_usecol:sim_time:249.0_obsid:welopt-ly3_variable:so4,0.00014141,0.0,conc,,,welopt-ly3,conc,lst,249.0,sim,so4,
oname:conc_otype:lst_usecol:sim_time:249.0_obsid:wp1-f3_variable:o0,0.000278174,3065.696697424829,conc,,,wp1-f3,conc,lst,249.0,sim,o0,0.000326190128606
oname:conc_otype:lst_usecol:sim_time:249.0_obsid:wp1-f3_variable:ph,6.69352,0.6131393394849658,conc,,,wp1-f3,conc,lst,249.0,sim,ph,1.6309506430300091
oname:conc_otype:lst_usecol:sim_time:249.0_obsid:wp1-f3_variable:so4,0.000420055,1226.2786789699317,conc,,,wp1-f3,conc,lst,249.0,sim,so4,0.000815475321515
oname:conc_otype:lst_usecol:sim_time:249.0_obsid:wp4-f5_variable:o0,8.98363e-10,2454.370505224928,conc,,,wp4-f5,conc,lst,249.0,sim,o0,0.0004074364477046
oname:conc_otype:lst_usecol:sim_time:249.0_obsid:wp4-f5_variable:ph,6.27127,0.6286946134619315,conc,,,wp4-f5,conc,lst,249.0,sim,ph,1.5905973720586868
oname:conc_otype:lst_usecol:sim_time:249.0_obsid:wp4-f5_variable:so4,0.000548918,1257.389226923863,conc,,,wp4-f5,conc,lst,249.0,sim,so4,0.0007952986860293
oname:conc_otype:lst_usecol:sim_time:25.0_obsid:welopt-ly3_variable:o0,0.0,0.0,conc,,,welopt-ly3,conc,lst,25.0,sim,o0,
oname:conc_otype:lst_usecol:sim_time:25.0_obsid:welopt-ly3_variable:ph,6.67491,0.0,conc,,,welopt-ly3,conc,lst,25.0,sim,ph,
oname:conc_otype:lst_usecol:sim_time:25.0_obsid:welopt-ly3_variable:so4,5.5115e-05,0.0,conc,,,welopt-ly3,conc,lst,25.0,sim,so4,
oname:conc_otype:lst_usecol:sim_time:25.0_obsid:wp1-f3_variable:o0,4.51501e-30,0.0,conc,,,wp1-f3,conc,lst,25.0,sim,o0,0.000326190128606
oname:conc_otype:lst_usecol:sim_time:25.0_obsid:wp1-f3_variable:ph,6.39874,0.6131393394849658,conc,,,wp1-f3,conc,lst,25.0,sim,ph,1.6309506430300091
oname:conc_otype:lst_usecol:sim_time:25.0_obsid:wp1-f3_variable:so4,0.000567307,1226.2786789699317,conc,,,wp1-f3,conc,lst,25.0,sim,so4,0.000815475321515
oname:conc_otype:lst_usecol:sim_time:25.0_obsid:wp4-f5_variable:o0,0.0,3143.4730673096574,conc,,,wp4-f5,conc,lst,25.0,sim,o0,0.0003181194744117
oname:conc_otype:lst_usecol:sim_time:25.0_obsid:wp4-f5_variable:ph,6.67483,0.6286946134619315,conc,,,wp4-f5,conc,lst,25.0,sim,ph,1.5905973720586868
oname:conc_otype:lst_usecol:sim_time:25.0_obsid:wp4-f5_variable:so4,5.525e-05,1257.389226923863,conc,,,wp4-f5,conc,lst,25.0,sim,so4,0.0007952986860293
oname:conc_otype:lst_usecol:sim_time:250.0_obsid:welopt-ly3_variable:o0,2.53507e-37,0.0,conc,,,welopt-ly3,conc,lst,250.0,sim,o0,
oname:conc_otype:lst_usecol:sim_time:250.0_obsid:welopt-ly3_variable:ph,6.65004,0.0,conc,,,welopt-ly3,conc,lst,250.0,sim,ph,
oname:conc_otype:lst_usecol:sim_time:250.0_obsid:welopt-ly3_variable:so4,0.00014141,0.0,conc,,,welopt-ly3,conc,lst,250.0,sim,so4,
oname:conc_otype:lst_usecol:sim_time:250.0_obsid:wp1-f3_variable:o0,0.000278174,3065.696697424829,conc,,,wp1-f3,conc,lst,250.0,sim,o0,0.000326190128606
oname:conc_otype:lst_usecol:sim_time:250.0_obsid:wp1-f3_variable:ph,6.69352,0.6131393394849658,conc,,,wp1-f3,conc,lst,250.0,sim,ph,1.6309506430300091
oname:conc_otype:lst_usecol:sim_time:250.0_obsid:wp1-f3_variable:so4,0.000420055,1226.2786789699317,conc,,,wp1-f3,conc,lst,250.0,sim,so4,0.000815475321515
oname:conc_otype:lst_usecol:sim_time:250.0_obsid:wp4-f5_variable:o0,8.98363e-10,2454.370505224928,conc,,,wp4-f5,conc,lst,250.0,sim,o0,0.0004074364477046
oname:conc_otype:lst_usecol:sim_time:250.0_obsid:wp4-f5_variable:ph,6.27127,0.6286946134619315,conc,,,wp4-f5,conc,lst,250.0,sim,ph,1.5905973720586868
oname:conc_otype:lst_usecol:sim_time:250.0_obsid:wp4-f5_variable:so4,0.000548918,1257.389226923863,conc,,,wp4-f5,conc,lst,250.0,sim,so4,0.0007952986860293
oname:conc_otype:lst_usecol:sim_time:251.0_obsid:welopt-ly3_variable:o0,2.53507e-37,0.0,conc,,,welopt-ly3,conc,lst,251.0,sim,o0,
oname:conc_otype:lst_usecol:sim_time:251.0_obsid:welopt-ly3_variable:ph,6.65004,0.0,conc,,,welopt-ly3,conc,lst,251.0,sim,ph,
oname:conc_otype:lst_usecol:sim_time:251.0_obsid:welopt-ly3_variable:so4,0.00014141,0.0,conc,,,welopt-ly3,conc,lst,251.0,sim,so4,
oname:conc_otype:lst_usecol:sim_time:251.0_obsid:wp1-f3_variable:o0,0.000278174,3065.696697424829,conc,,,wp1-f3,conc,lst,251.0,sim,o0,0.000326190128606
oname:conc_otype:lst_usecol:sim_time:251.0_obsid:wp1-f3_variable:ph,6.69352,0.6131393394849658,conc,,,wp1-f3,conc,lst,251.0,sim,ph,1.6309506430300091
oname:conc_otype:lst_usecol:sim_time:251.0_obsid:wp1-f3_variable:so4,0.000420055,1226.2786789699317,conc,,,wp1-f3,conc,lst,251.0,sim,so4,0.000815475321515
oname:conc_otype:lst_usecol:sim_time:251.0_obsid:wp4-f5_variable:o0,8.98363e-10,2454.370505224928,conc,,,wp4-f5,conc,lst,251.0,sim,o0,0.0004074364477046
oname:conc_otype:lst_usecol:sim_time:251.0_obsid:wp4-f5_variable:ph,6.27127,0.6286946134619315,conc,,,wp4-f5,conc,lst,251.0,sim,ph,1.5905973720586868
oname:conc_otype:lst_usecol:sim_time:251.0_obsid:wp4-f5_variable:so4,0.000548918,1257.389226923863,conc,,,wp4-f5,conc,lst,251.0,sim,so4,0.0007952986860293
oname:conc_otype:lst_usecol:sim_time:252.006_obsid:wp1-f3_variable:o0,0.000278174,0.0,conc,,,wp1-f3,conc,lst,252.006,sim,o0,
oname:conc_otype:lst_usecol:sim_time:252.006_obsid:wp1-f3_variable:ph,6.69352,0.0,conc,,,wp1-f3,conc,lst,252.006,sim,ph,
oname:conc_otype:lst_usecol:sim_time:252.006_obsid:wp1-f3_variable:so4,0.000420055,0.0,conc,,,wp1-f3,conc,lst,252.006,sim,so4,
oname:conc_otype:lst_usecol:sim_time:252.0_obsid:welopt-ly3_variable:o0,2.53507e-37,0.0,conc,,,welopt-ly3,conc,lst,252.0,sim,o0,
oname:conc_otype:lst_usecol:sim_time:252.0_obsid:welopt-ly3_variable:ph,6.65004,0.0,conc,,,welopt-ly3,conc,lst,252.0,sim,ph,
oname:conc_otype:lst_usecol:sim_time:252.0_obsid:welopt-ly3_variable:so4,0.00014141,0.0,conc,,,welopt-ly3,conc,lst,252.0,sim,so4,
oname:conc_otype:lst_usecol:sim_time:252.0_obsid:wp1-f3_variable:o0,0.000278174,3065.696697424829,conc,,,wp1-f3,conc,lst,252.0,sim,o0,0.000326190128606
oname:conc_otype:lst_usecol:sim_time:252.0_obsid:wp1-f3_variable:ph,6.69352,0.6131393394849658,conc,,,wp1-f3,conc,lst,252.0,sim,ph,1.6309506430300091
oname:conc_otype:lst_usecol:sim_time:252.0_obsid:wp1-f3_variable:so4,0.000420055,1226.2786789699317,conc,,,wp1-f3,conc,lst,252.0,sim,so4,0.000815475321515
oname:conc_otype:lst_usecol:sim_time:252.0_obsid:wp4-f5_variable:o0,8.98363e-10,2454.370505224928,conc,,,wp4-f5,conc,lst,252.0,sim,o0,0.0004074364477046
oname:conc_otype:lst_usecol:sim_time:252.0_obsid:wp4-f5_variable:ph,6.27127,0.6286946134619315,conc,,,wp4-f5,conc,lst,252.0,sim,ph,1.5905973720586868
oname:conc_otype:lst_usecol:sim_time:252.0_obsid:wp4-f5_variable:so4,0.000548918,1257.389226923863,conc,,,wp4-f5,conc,lst,252.0,sim,so4,0.0007952986860293
oname:conc_otype:lst_usecol:sim_time:253.0_obsid:welopt-ly3_variable:o0,2.53507e-37,0.0,conc,,,welopt-ly3,conc,lst,253.0,sim,o0,
oname:conc_otype:lst_usecol:sim_time:253.0_obsid:welopt-ly3_variable:ph,6.65004,0.0,conc,,,welopt-ly3,conc,lst,253.0,sim,ph,
oname:conc_otype:lst_usecol:sim_time:253.0_obsid:welopt-ly3_variable:so4,0.00014141,0.0,conc,,,welopt-ly3,conc,lst,253.0,sim,so4,
oname:conc_otype:lst_usecol:sim_time:253.0_obsid:wp1-f3_variable:o0,0.000278174,0.0,conc,,,wp1-f3,conc,lst,253.0,sim,o0,
oname:conc_otype:lst_usecol:sim_time:253.0_obsid:wp1-f3_variable:ph,6.69352,0.0,conc,,,wp1-f3,conc,lst,253.0,sim,ph,
oname:conc_otype:lst_usecol:sim_time:253.0_obsid:wp1-f3_variable:so4,0.000420055,0.0,conc,,,wp1-f3,conc,lst,253.0,sim,so4,
oname:conc_otype:lst_usecol:sim_time:253.0_obsid:wp4-f5_variable:o0,8.98363e-10,0.0,conc,,,wp4-f5,conc,lst,253.0,sim,o0,
oname:conc_otype:lst_usecol:sim_time:253.0_obsid:wp4-f5_variable:ph,6.27127,0.0,conc,,,wp4-f5,conc,lst,253.0,sim,ph,
oname:conc_otype:lst_usecol:sim_time:253.0_obsid:wp4-f5_variable:so4,0.000548918,0.0,conc,,,wp4-f5,conc,lst,253.0,sim,so4,
oname:conc_otype:lst_usecol:sim_time:254.0_obsid:welopt-ly3_variable:o0,2.66623e-35,0.0,conc,,,welopt-ly3,conc,lst,254.0,sim,o0,
oname:conc_otype:lst_usecol:sim_time:254.0_obsid:welopt-ly3_variable:ph,6.60054,0.0,conc,,,welopt-ly3,conc,lst,254.0,sim,ph,
oname:conc_otype:lst_usecol:sim_time:254.0_obsid:welopt-ly3_variable:so4,0.000263938,0.0,conc,,,welopt-ly3,conc,lst,254.0,sim,so4,
oname:conc_otype:lst_usecol:sim_time:254.0_obsid:wp1-f3_variable:o0,0.000308208,0.0,conc,,,wp1-f3,conc,lst,254.0,sim,o0,
oname:conc_otype:lst_usecol:sim_time:254.0_obsid:wp1-f3_variable:ph,6.78197,0.0,conc,,,wp1-f3,conc,lst,254.0,sim,ph,
oname:conc_otype:lst_usecol:sim_time:254.0_obsid:wp1-f3_variable:so4,0.000452884,0.0,conc,,,wp1-f3,conc,lst,254.0,sim,so4,
oname:conc_otype:lst_usecol:sim_time:254.0_obsid:wp4-f5_variable:o0,6.65207e-10,0.0,conc,,,wp4-f5,conc,lst,254.0,sim,o0,
oname:conc_otype:lst_usecol:sim_time:254.0_obsid:wp4-f5_variable:ph,6.5219,0.0,conc,,,wp4-f5,conc,lst,254.0,sim,ph,
oname:conc_otype:lst_usecol:sim_time:254.0_obsid:wp4-f5_variable:so4,0.0005589,0.0,conc,,,wp4-f5,conc,lst,254.0,sim,so4,
oname:conc_otype:lst_usecol:sim_time:255.0_obsid:welopt-ly3_variable:o0,2.66623e-35,0.0,conc,,,welopt-ly3,conc,lst,255.0,sim,o0,
oname:conc_otype:lst_usecol:sim_time:255.0_obsid:welopt-ly3_variable:ph,6.60054,0.0,conc,,,welopt-ly3,conc,lst,255.0,sim,ph,
oname:conc_otype:lst_usecol:sim_time:255.0_obsid:welopt-ly3_variable:so4,0.000263938,0.0,conc,,,welopt-ly3,conc,lst,255.0,sim,so4,
oname:conc_otype:lst_usecol:sim_time:255.0_obsid:wp1-f3_variable:o0,0.000308208,0.0,conc,,,wp1-f3,conc,lst,255.0,sim,o0,
oname:conc_otype:lst_usecol:sim_time:255.0_obsid:wp1-f3_variable:ph,6.78197,0.0,conc,,,wp1-f3,conc,lst,255.0,sim,ph,
oname:conc_otype:lst_usecol:sim_time:255.0_obsid:wp1-f3_variable:so4,0.000452884,0.0,conc,,,wp1-f3,conc,lst,255.0,sim,so4,
oname:conc_otype:lst_usecol:sim_time:255.0_obsid:wp4-f5_variable:o0,6.65207e-10,0.0,conc,,,wp4-f5,conc,lst,255.0,sim,o0,
oname:conc_otype:lst_usecol:sim_time:255.0_obsid:wp4-f5_variable:ph,6.5219,0.0,conc,,,wp4-f5,conc,lst,255.0,sim,ph,
oname:conc_otype:lst_usecol:sim_time:255.0_obsid:wp4-f5_variable:so4,0.0005589,0.0,conc,,,wp4-f5,conc,lst,255.0,sim,so4,
oname:conc_otype:lst_usecol:sim_time:256.0_obsid:welopt-ly3_variable:o0,2.66623e-35,0.0,conc,,,welopt-ly3,conc,lst,256.0,sim,o0,
oname:conc_otype:lst_usecol:sim_time:256.0_obsid:welopt-ly3_variable:ph,6.60054,0.0,conc,,,welopt-ly3,conc,lst,256.0,sim,ph,
oname:conc_otype:lst_usecol:sim_time:256.0_obsid:welopt-ly3_variable:so4,0.000263938,0.0,conc,,,welopt-ly3,conc,lst,256.0,sim,so4,
oname:conc_otype:lst_usecol:sim_time:256.0_obsid:wp1-f3_variable:o0,0.000308208,0.0,conc,,,wp1-f3,conc,lst,256.0,sim,o0,
oname:conc_otype:lst_usecol:sim_time:256.0_obsid:wp1-f3_variable:ph,6.78197,0.0,conc,,,wp1-f3,conc,lst,256.0,sim,ph,
oname:conc_otype:lst_usecol:sim_time:256.0_obsid:wp1-f3_variable:so4,0.000452884,0.0,conc,,,wp1-f3,conc,lst,256.0,sim,so4,
oname:conc_otype:lst_usecol:sim_time:256.0_obsid:wp4-f5_variable:o0,6.65207e-10,0.0,conc,,,wp4-f5,conc,lst,256.0,sim,o0,
oname:conc_otype:lst_usecol:sim_time:256.0_obsid:wp4-f5_variable:ph,6.5219,0.0,conc,,,wp4-f5,conc,lst,256.0,sim,ph,
oname:conc_otype:lst_usecol:sim_time:256.0_obsid:wp4-f5_variable:so4,0.0005589,0.0,conc,,,wp4-f5,conc,lst,256.0,sim,so4,
oname:conc_otype:lst_usecol:sim_time:257.0_obsid:welopt-ly3_variable:o0,2.66623e-35,0.0,conc,,,welopt-ly3,conc,lst,257.0,sim,o0,
oname:conc_otype:lst_usecol:sim_time:257.0_obsid:welopt-ly3_variable:ph,6.60054,0.0,conc,,,welopt-ly3,conc,lst,257.0,sim,ph,
oname:conc_otype:lst_usecol:sim_time:257.0_obsid:welopt-ly3_variable:so4,0.000263938,0.0,conc,,,welopt-ly3,conc,lst,257.0,sim,so4,
oname:conc_otype:lst_usecol:sim_time:257.0_obsid:wp1-f3_variable:o0,0.000308208,0.0,conc,,,wp1-f3,conc,lst,257.0,sim,o0,
oname:conc_otype:lst_usecol:sim_time:257.0_obsid:wp1-f3_variable:ph,6.78197,0.0,conc,,,wp1-f3,conc,lst,257.0,sim,ph,
oname:conc_otype:lst_usecol:sim_time:257.0_obsid:wp1-f3_variable:so4,0.000452884,0.0,conc,,,wp1-f3,conc,lst,257.0,sim,so4,
oname:conc_otype:lst_usecol:sim_time:257.0_obsid:wp4-f5_variable:o0,6.65207e-10,0.0,conc,,,wp4-f5,conc,lst,257.0,sim,o0,
oname:conc_otype:lst_usecol:sim_time:257.0_obsid:wp4-f5_variable:ph,6.5219,0.0,conc,,,wp4-f5,conc,lst,257.0,sim,ph,
oname:conc_otype:lst_usecol:sim_time:257.0_obsid:wp4-f5_variable:so4,0.0005589,0.0,conc,,,wp4-f5,conc,lst,257.0,sim,so4,
oname:conc_otype:lst_usecol:sim_time:258.0_obsid:welopt-ly3_variable:o0,2.66623e-35,0.0,conc,,,welopt-ly3,conc,lst,258.0,sim,o0,
oname:conc_otype:lst_usecol:sim_time:258.0_obsid:welopt-ly3_variable:ph,6.60054,0.0,conc,,,welopt-ly3,conc,lst,258.0,sim,ph,
oname:conc_otype:lst_usecol:sim_time:258.0_obsid:welopt-ly3_variable:so4,0.000263938,0.0,conc,,,welopt-ly3,conc,lst,258.0,sim,so4,
oname:conc_otype:lst_usecol:sim_time:258.0_obsid:wp1-f3_variable:o0,0.000308208,0.0,conc,,,wp1-f3,conc,lst,258.0,sim,o0,
oname:conc_otype:lst_usecol:sim_time:258.0_obsid:wp1-f3_variable:ph,6.78197,0.0,conc,,,wp1-f3,conc,lst,258.0,sim,ph,
oname:conc_otype:lst_usecol:sim_time:258.0_obsid:wp1-f3_variable:so4,0.000452884,0.0,conc,,,wp1-f3,conc,lst,258.0,sim,so4,
oname:conc_otype:lst_usecol:sim_time:258.0_obsid:wp4-f5_variable:o0,6.65207e-10,0.0,conc,,,wp4-f5,conc,lst,258.0,sim,o0,
oname:conc_otype:lst_usecol:sim_time:258.0_obsid:wp4-f5_variable:ph,6.5219,0.0,conc,,,wp4-f5,conc,lst,258.0,sim,ph,
oname:conc_otype:lst_usecol:sim_time:258.0_obsid:wp4-f5_variable:so4,0.0005589,0.0,conc,,,wp4-f5,conc,lst,258.0,sim,so4,
oname:conc_otype:lst_usecol:sim_time:259.0_obsid:welopt-ly3_variable:o0,2.66623e-35,0.0,conc,,,welopt-ly3,conc,lst,259.0,sim,o0,
oname:conc_otype:lst_usecol:sim_time:259.0_obsid:welopt-ly3_variable:ph,6.60054,0.0,conc,,,welopt-ly3,conc,lst,259.0,sim,ph,
oname:conc_otype:lst_usecol:sim_time:259.0_obsid:welopt-ly3_variable:so4,0.000263938,0.0,conc,,,welopt-ly3,conc,lst,259.0,sim,so4,
oname:conc_otype:lst_usecol:sim_time:259.0_obsid:wp1-f3_variable:o0,0.000308208,0.0,conc,,,wp1-f3,conc,lst,259.0,sim,o0,
oname:conc_otype:lst_usecol:sim_time:259.0_obsid:wp1-f3_variable:ph,6.78197,0.0,conc,,,wp1-f3,conc,lst,259.0,sim,ph,
oname:conc_otype:lst_usecol:sim_time:259.0_obsid:wp1-f3_variable:so4,0.000452884,0.0,conc,,,wp1-f3,conc,lst,259.0,sim,so4,
oname:conc_otype:lst_usecol:sim_time:259.0_obsid:wp4-f5_variable:o0,6.65207e-10,0.0,conc,,,wp4-f5,conc,lst,259.0,sim,o0,
oname:conc_otype:lst_usecol:sim_time:259.0_obsid:wp4-f5_variable:ph,6.5219,0.0,conc,,,wp4-f5,conc,lst,259.0,sim,ph,
oname:conc_otype:lst_usecol:sim_time:259.0_obsid:wp4-f5_variable:so4,0.0005589,0.0,conc,,,wp4-f5,conc,lst,259.0,sim,so4,
oname:conc_otype:lst_usecol:sim_time:26.0_obsid:welopt-ly3_variable:o0,0.0,0.0,conc,,,welopt-ly3,conc,lst,26.0,sim,o0,
oname:conc_otype:lst_usecol:sim_time:26.0_obsid:welopt-ly3_variable:ph,6.67491,0.0,conc,,,welopt-ly3,conc,lst,26.0,sim,ph,
oname:conc_otype:lst_usecol:sim_time:26.0_obsid:welopt-ly3_variable:so4,5.5115e-05,0.0,conc,,,welopt-ly3,conc,lst,26.0,sim,so4,
oname:conc_otype:lst_usecol:sim_time:26.0_obsid:wp1-f3_variable:o0,4.51501e-30,0.0,conc,,,wp1-f3,conc,lst,26.0,sim,o0,0.000326190128606
oname:conc_otype:lst_usecol:sim_time:26.0_obsid:wp1-f3_variable:ph,6.39874,0.6131393394849658,conc,,,wp1-f3,conc,lst,26.0,sim,ph,1.6309506430300091
oname:conc_otype:lst_usecol:sim_time:26.0_obsid:wp1-f3_variable:so4,0.000567307,1226.2786789699317,conc,,,wp1-f3,conc,lst,26.0,sim,so4,0.000815475321515
oname:conc_otype:lst_usecol:sim_time:26.0_obsid:wp4-f5_variable:o0,0.0,3143.4730673096574,conc,,,wp4-f5,conc,lst,26.0,sim,o0,0.0003181194744117
oname:conc_otype:lst_usecol:sim_time:26.0_obsid:wp4-f5_variable:ph,6.67483,0.6286946134619315,conc,,,wp4-f5,conc,lst,26.0,sim,ph,1.5905973720586868
oname:conc_otype:lst_usecol:sim_time:26.0_obsid:wp4-f5_variable:so4,5.525e-05,1257.389226923863,conc,,,wp4-f5,conc,lst,26.0,sim,so4,0.0007952986860293
oname:conc_otype:lst_usecol:sim_time:260.0_obsid:welopt-ly3_variable:o0,2.66623e-35,0.0,conc,,,welopt-ly3,conc,lst,260.0,sim,o0,
oname:conc_otype:lst_usecol:sim_time:260.0_obsid:welopt-ly3_variable:ph,6.60054,0.0,conc,,,welopt-ly3,conc,lst,260.0,sim,ph,
oname:conc_otype:lst_usecol:sim_time:260.0_obsid:welopt-ly3_variable:so4,0.000263938,0.0,conc,,,welopt-ly3,conc,lst,260.0,sim,so4,
oname:conc_otype:lst_usecol:sim_time:260.0_obsid:wp1-f3_variable:o0,0.000308208,0.0,conc,,,wp1-f3,conc,lst,260.0,sim,o0,
oname:conc_otype:lst_usecol:sim_time:260.0_obsid:wp1-f3_variable:ph,6.78197,0.0,conc,,,wp1-f3,conc,lst,260.0,sim,ph,
oname:conc_otype:lst_usecol:sim_time:260.0_obsid:wp1-f3_variable:so4,0.000452884,0.0,conc,,,wp1-f3,conc,lst,260.0,sim,so4,
oname:conc_otype:lst_usecol:sim_time:260.0_obsid:wp4-f5_variable:o0,6.65207e-10,0.0,conc,,,wp4-f5,conc,lst,260.0,sim,o0,
oname:conc_otype:lst_usecol:sim_time:260.0_obsid:wp4-f5_variable:ph,6.5219,0.0,conc,,,wp4-f5,conc,lst,260.0,sim,ph,
oname:conc_otype:lst_usecol:sim_time:260.0_obsid:wp4-f5_variable:so4,0.0005589,0.0,conc,,,wp4-f5,conc,lst,260.0,sim,so4,
oname:conc_otype:lst_usecol:sim_time:261.0_obsid:welopt-ly3_variable:o0,1.44523e-33,0.0,conc,,,welopt-ly3,conc,lst,261.0,sim,o0,
oname:conc_otype:lst_usecol:sim_time:261.0_obsid:welopt-ly3_variable:ph,6.51444,0.0,conc,,,welopt-ly3,conc,lst,261.0,sim,ph,
oname:conc_otype:lst_usecol:sim_time:261.0_obsid:welopt-ly3_variable:so4,0.000377869,0.0,conc,,,welopt-ly3,conc,lst,261.0,sim,so4,
oname:conc_otype:lst_usecol:sim_time:261.0_obsid:wp1-f3_variable:o0,0.000317415,0.0,conc,,,wp1-f3,conc,lst,261.0,sim,o0,
oname:conc_otype:lst_usecol:sim_time:261.0_obsid:wp1-f3_variable:ph,6.91623,0.0,conc,,,wp1-f3,conc,lst,261.0,sim,ph,
oname:conc_otype:lst_usecol:sim_time:261.0_obsid:wp1-f3_variable:so4,0.000524772,0.0,conc,,,wp1-f3,conc,lst,261.0,sim,so4,
oname:conc_otype:lst_usecol:sim_time:261.0_obsid:wp4-f5_variable:o0,4.52513e-10,0.0,conc,,,wp4-f5,conc,lst,261.0,sim,o0,
oname:conc_otype:lst_usecol:sim_time:261.0_obsid:wp4-f5_variable:ph,6.73142,0.0,conc,,,wp4-f5,conc,lst,261.0,sim,ph,
oname:conc_otype:lst_usecol:sim_time:261.0_obsid:wp4-f5_variable:so4,0.000607356,0.0,conc,,,wp4-f5,conc,lst,261.0,sim,so4,
oname:conc_otype:lst_usecol:sim_time:262.0_obsid:welopt-ly3_variable:o0,1.44523e-33,0.0,conc,,,welopt-ly3,conc,lst,262.0,sim,o0,
oname:conc_otype:lst_usecol:sim_time:262.0_obsid:welopt-ly3_variable:ph,6.51444,0.0,conc,,,welopt-ly3,conc,lst,262.0,sim,ph,
oname:conc_otype:lst_usecol:sim_time:262.0_obsid:welopt-ly3_variable:so4,0.000377869,0.0,conc,,,welopt-ly3,conc,lst,262.0,sim,so4,
oname:conc_otype:lst_usecol:sim_time:262.0_obsid:wp1-f3_variable:o0,0.000317415,0.0,conc,,,wp1-f3,conc,lst,262.0,sim,o0,
oname:conc_otype:lst_usecol:sim_time:262.0_obsid:wp1-f3_variable:ph,6.91623,0.0,conc,,,wp1-f3,conc,lst,262.0,sim,ph,
oname:conc_otype:lst_usecol:sim_time:262.0_obsid:wp1-f3_variable:so4,0.000524772,0.0,conc,,,wp1-f3,conc,lst,262.0,sim,so4,
oname:conc_otype:lst_usecol:sim_time:262.0_obsid:wp4-f5_variable:o0,4.52513e-10,0.0,conc,,,wp4-f5,conc,lst,262.0,sim,o0,
oname:conc_otype:lst_usecol:sim_time:262.0_obsid:wp4-f5_variable:ph,6.73142,0.0,conc,,,wp4-f5,conc,lst,262.0,sim,ph,
oname:conc_otype:lst_usecol:sim_time:262.0_obsid:wp4-f5_variable:so4,0.000607356,0.0,conc,,,wp4-f5,conc,lst,262.0,sim,so4,
oname:conc_otype:lst_usecol:sim_time:263.0_obsid:welopt-ly3_variable:o0,1.44523e-33,0.0,conc,,,welopt-ly3,conc,lst,263.0,sim,o0,
oname:conc_otype:lst_usecol:sim_time:263.0_obsid:welopt-ly3_variable:ph,6.51444,0.0,conc,,,welopt-ly3,conc,lst,263.0,sim,ph,
oname:conc_otype:lst_usecol:sim_time:263.0_obsid:welopt-ly3_variable:so4,0.000377869,0.0,conc,,,welopt-ly3,conc,lst,263.0,sim,so4,
oname:conc_otype:lst_usecol:sim_time:263.0_obsid:wp1-f3_variable:o0,0.000317415,0.0,conc,,,wp1-f3,conc,lst,263.0,sim,o0,
oname:conc_otype:lst_usecol:sim_time:263.0_obsid:wp1-f3_variable:ph,6.91623,0.0,conc,,,wp1-f3,conc,lst,263.0,sim,ph,
oname:conc_otype:lst_usecol:sim_time:263.0_obsid:wp1-f3_variable:so4,0.000524772,0.0,conc,,,wp1-f3,conc,lst,263.0,sim,so4,
oname:conc_otype:lst_usecol:sim_time:263.0_obsid:wp4-f5_variable:o0,4.52513e-10,0.0,conc,,,wp4-f5,conc,lst,263.0,sim,o0,
oname:conc_otype:lst_usecol:sim_time:263.0_obsid:wp4-f5_variable:ph,6.73142,0.0,conc,,,wp4-f5,conc,lst,263.0,sim,ph,
oname:conc_otype:lst_usecol:sim_time:263.0_obsid:wp4-f5_variable:so4,0.000607356,0.0,conc,,,wp4-f5,conc,lst,263.0,sim,so4,
oname:conc_otype:lst_usecol:sim_time:264.0_obsid:welopt-ly3_variable:o0,1.44523e-33,0.0,conc,,,welopt-ly3,conc,lst,264.0,sim,o0,
oname:conc_otype:lst_usecol:sim_time:264.0_obsid:welopt-ly3_variable:ph,6.51444,0.0,conc,,,welopt-ly3,conc,lst,264.0,sim,ph,
oname:conc_otype:lst_usecol:sim_time:264.0_obsid:welopt-ly3_variable:so4,0.000377869,0.0,conc,,,welopt-ly3,conc,lst,264.0,sim,so4,
oname:conc_otype:lst_usecol:sim_time:264.0_obsid:wp1-f3_variable:o0,0.000317415,0.0,conc,,,wp1-f3,conc,lst,264.0,sim,o0,
oname:conc_otype:lst_usecol:sim_time:264.0_obsid:wp1-f3_variable:ph,6.91623,0.0,conc,,,wp1-f3,conc,lst,264.0,sim,ph,
oname:conc_otype:lst_usecol:sim_time:264.0_obsid:wp1-f3_variable:so4,0.000524772,0.0,conc,,,wp1-f3,conc,lst,264.0,sim,so4,
oname:conc_otype:lst_usecol:sim_time:264.0_obsid:wp4-f5_variable:o0,4.52513e-10,0.0,conc,,,wp4-f5,conc,lst,264.0,sim,o0,
oname:conc_otype:lst_usecol:sim_time:264.0_obsid:wp4-f5_variable:ph,6.73142,0.0,conc,,,wp4-f5,conc,lst,264.0,sim,ph,
oname:conc_otype:lst_usecol:sim_time:264.0_obsid:wp4-f5_variable:so4,0.000607356,0.0,conc,,,wp4-f5,conc,lst,264.0,sim,so4,
oname:conc_otype:lst_usecol:sim_time:265.0_obsid:welopt-ly3_variable:o0,1.44523e-33,0.0,conc,,,welopt-ly3,conc,lst,265.0,sim,o0,
oname:conc_otype:lst_usecol:sim_time:265.0_obsid:welopt-ly3_variable:ph,6.51444,0.0,conc,,,welopt-ly3,conc,lst,265.0,sim,ph,
oname:conc_otype:lst_usecol:sim_time:265.0_obsid:welopt-ly3_variable:so4,0.000377869,0.0,conc,,,welopt-ly3,conc,lst,265.0,sim,so4,
oname:conc_otype:lst_usecol:sim_time:265.0_obsid:wp1-f3_variable:o0,0.000317415,0.0,conc,,,wp1-f3,conc,lst,265.0,sim,o0,
oname:conc_otype:lst_usecol:sim_time:265.0_obsid:wp1-f3_variable:ph,6.91623,0.0,conc,,,wp1-f3,conc,lst,265.0,sim,ph,
oname:conc_otype:lst_usecol:sim_time:265.0_obsid:wp1-f3_variable:so4,0.000524772,0.0,conc,,,wp1-f3,conc,lst,265.0,sim,so4,
oname:conc_otype:lst_usecol:sim_time:265.0_obsid:wp4-f5_variable:o0,4.52513e-10,0.0,conc,,,wp4-f5,conc,lst,265.0,sim,o0,
oname:conc_otype:lst_usecol:sim_time:265.0_obsid:wp4-f5_variable:ph,6.73142,0.0,conc,,,wp4-f5,conc,lst,265.0,sim,ph,
oname:conc_otype:lst_usecol:sim_time:265.0_obsid:wp4-f5_variable:so4,0.000607356,0.0,conc,,,wp4-f5,conc,lst,265.0,sim,so4,
oname:conc_otype:lst_usecol:sim_time:266.0_obsid:welopt-ly3_variable:o0,1.44523e-33,0.0,conc,,,welopt-ly3,conc,lst,266.0,sim,o0,
oname:conc_otype:lst_usecol:sim_time:266.0_obsid:welopt-ly3_variable:ph,6.51444,0.0,conc,,,welopt-ly3,conc,lst,266.0,sim,ph,
oname:conc_otype:lst_usecol:sim_time:266.0_obsid:welopt-ly3_variable:so4,0.000377869,0.0,conc,,,welopt-ly3,conc,lst,266.0,sim,so4,
oname:conc_otype:lst_usecol:sim_time:266.0_obsid:wp1-f3_variable:o0,0.000317415,0.0,conc,,,wp1-f3,conc,lst,266.0,sim,o0,
oname:conc_otype:lst_usecol:sim_time:266.0_obsid:wp1-f3_variable:ph,6.91623,0.0,conc,,,wp1-f3,conc,lst,266.0,sim,ph,
oname:conc_otype:lst_usecol:sim_time:266.0_obsid:wp1-f3_variable:so4,0.000524772,0.0,conc,,,wp1-f3,conc,lst,266.0,sim,so4,
oname:conc_otype:lst_usecol:sim_time:266.0_obsid:wp4-f5_variable:o0,4.52513e-10,0.0,conc,,,wp4-f5,conc,lst,266.0,sim,o0,
oname:conc_otype:lst_usecol:sim_time:266.0_obsid:wp4-f5_variable:ph,6.73142,0.0,conc,,,wp4-f5,conc,lst,266.0,sim,ph,
oname:conc_otype:lst_usecol:sim_time:266.0_obsid:wp4-f5_variable:so4,0.000607356,0.0,conc,,,wp4-f5,conc,lst,266.0,sim,so4,
oname:conc_otype:lst_usecol:sim_time:267.0_obsid:welopt-ly3_variable:o0,1.44523e-33,0.0,conc,,,welopt-ly3,conc,lst,267.0,sim,o0,
oname:conc_otype:lst_usecol:sim_time:267.0_obsid:welopt-ly3_variable:ph,6.51444,0.0,conc,,,welopt-ly3,conc,lst,267.0,sim,ph,
oname:conc_otype:lst_usecol:sim_time:267.0_obsid:welopt-ly3_variable:so4,0.000377869,0.0,conc,,,welopt-ly3,conc,lst,267.0,sim,so4,
oname:conc_otype:lst_usecol:sim_time:267.0_obsid:wp1-f3_variable:o0,0.000317415,0.0,conc,,,wp1-f3,conc,lst,267.0,sim,o0,
oname:conc_otype:lst_usecol:sim_time:267.0_obsid:wp1-f3_variable:ph,6.91623,0.0,conc,,,wp1-f3,conc,lst,267.0,sim,ph,
oname:conc_otype:lst_usecol:sim_time:267.0_obsid:wp1-f3_variable:so4,0.000524772,0.0,conc,,,wp1-f3,conc,lst,267.0,sim,so4,
oname:conc_otype:lst_usecol:sim_time:267.0_obsid:wp4-f5_variable:o0,4.52513e-10,0.0,conc,,,wp4-f5,conc,lst,267.0,sim,o0,
oname:conc_otype:lst_usecol:sim_time:267.0_obsid:wp4-f5_variable:ph,6.73142,0.0,conc,,,wp4-f5,conc,lst,267.0,sim,ph,
oname:conc_otype:lst_usecol:sim_time:267.0_obsid:wp4-f5_variable:so4,0.000607356,0.0,conc,,,wp4-f5,conc,lst,267.0,sim,so4,
oname:conc_otype:lst_usecol:sim_time:268.0_obsid:welopt-ly3_variable:o0,5.38107e-32,0.0,conc,,,welopt-ly3,conc,lst,268.0,sim,o0,
oname:conc_otype:lst_usecol:sim_time:268.0_obsid:welopt-ly3_variable:ph,6.39985,0.0,conc,,,welopt-ly3,conc,lst,268.0,sim,ph,
oname:conc_otype:lst_usecol:sim_time:268.0_obsid:welopt-ly3_variable:so4,0.000445247,0.0,conc,,,welopt-ly3,conc,lst,268.0,sim,so4,
oname:conc_otype:lst_usecol:sim_time:268.0_obsid:wp1-f3_variable:o0,0.000287064,0.0,conc,,,wp1-f3,conc,lst,268.0,sim,o0,
oname:conc_otype:lst_usecol:sim_time:268.0_obsid:wp1-f3_variable:ph,6.92048,0.0,conc,,,wp1-f3,conc,lst,268.0,sim,ph,
oname:conc_otype:lst_usecol:sim_time:268.0_obsid:wp1-f3_variable:so4,0.000541876,0.0,conc,,,wp1-f3,conc,lst,268.0,sim,so4,
oname:conc_otype:lst_usecol:sim_time:268.0_obsid:wp4-f5_variable:o0,3.34275e-10,0.0,conc,,,wp4-f5,conc,lst,268.0,sim,o0,
oname:conc_otype:lst_usecol:sim_time:268.0_obsid:wp4-f5_variable:ph,6.82977,0.0,conc,,,wp4-f5,conc,lst,268.0,sim,ph,
oname:conc_otype:lst_usecol:sim_time:268.0_obsid:wp4-f5_variable:so4,0.000665594,0.0,conc,,,wp4-f5,conc,lst,268.0,sim,so4,
oname:conc_otype:lst_usecol:sim_time:269.0_obsid:welopt-ly3_variable:o0,5.38107e-32,0.0,conc,,,welopt-ly3,conc,lst,269.0,sim,o0,
oname:conc_otype:lst_usecol:sim_time:269.0_obsid:welopt-ly3_variable:ph,6.39985,0.0,conc,,,welopt-ly3,conc,lst,269.0,sim,ph,
oname:conc_otype:lst_usecol:sim_time:269.0_obsid:welopt-ly3_variable:so4,0.000445247,0.0,conc,,,welopt-ly3,conc,lst,269.0,sim,so4,
oname:conc_otype:lst_usecol:sim_time:269.0_obsid:wp1-f3_variable:o0,0.000287064,0.0,conc,,,wp1-f3,conc,lst,269.0,sim,o0,
oname:conc_otype:lst_usecol:sim_time:269.0_obsid:wp1-f3_variable:ph,6.92048,0.0,conc,,,wp1-f3,conc,lst,269.0,sim,ph,
oname:conc_otype:lst_usecol:sim_time:269.0_obsid:wp1-f3_variable:so4,0.000541876,0.0,conc,,,wp1-f3,conc,lst,269.0,sim,so4,
oname:conc_otype:lst_usecol:sim_time:269.0_obsid:wp4-f5_variable:o0,3.34275e-10,0.0,conc,,,wp4-f5,conc,lst,269.0,sim,o0,
oname:conc_otype:lst_usecol:sim_time:269.0_obsid:wp4-f5_variable:ph,6.82977,0.0,conc,,,wp4-f5,conc,lst,269.0,sim,ph,
oname:conc_otype:lst_usecol:sim_time:269.0_obsid:wp4-f5_variable:so4,0.000665594,0.0,conc,,,wp4-f5,conc,lst,269.0,sim,so4,
oname:conc_otype:lst_usecol:sim_time:27.0_obsid:welopt-ly3_variable:o0,0.0,0.0,conc,,,welopt-ly3,conc,lst,27.0,sim,o0,
oname:conc_otype:lst_usecol:sim_time:27.0_obsid:welopt-ly3_variable:ph,6.67491,0.0,conc,,,welopt-ly3,conc,lst,27.0,sim,ph,
oname:conc_otype:lst_usecol:sim_time:27.0_obsid:welopt-ly3_variable:so4,5.5115e-05,0.0,conc,,,welopt-ly3,conc,lst,27.0,sim,so4,
oname:conc_otype:lst_usecol:sim_time:27.0_obsid:wp1-f3_variable:o0,4.51501e-30,0.0,conc,,,wp1-f3,conc,lst,27.0,sim,o0,0.000326190128606
oname:conc_otype:lst_usecol:sim_time:27.0_obsid:wp1-f3_variable:ph,6.39874,0.6131393394849658,conc,,,wp1-f3,conc,lst,27.0,sim,ph,1.6309506430300091
oname:conc_otype:lst_usecol:sim_time:27.0_obsid:wp1-f3_variable:so4,0.000567307,1226.2786789699317,conc,,,wp1-f3,conc,lst,27.0,sim,so4,0.000815475321515
oname:conc_otype:lst_usecol:sim_time:27.0_obsid:wp4-f5_variable:o0,0.0,3143.4730673096574,conc,,,wp4-f5,conc,lst,27.0,sim,o0,0.0003181194744117
oname:conc_otype:lst_usecol:sim_time:27.0_obsid:wp4-f5_variable:ph,6.67483,0.6286946134619315,conc,,,wp4-f5,conc,lst,27.0,sim,ph,1.5905973720586868
oname:conc_otype:lst_usecol:sim_time:27.0_obsid:wp4-f5_variable:so4,5.525e-05,1257.389226923863,conc,,,wp4-f5,conc,lst,27.0,sim,so4,0.0007952986860293
oname:conc_otype:lst_usecol:sim_time:270.0_obsid:welopt-ly3_variable:o0,5.38107e-32,0.0,conc,,,welopt-ly3,conc,lst,270.0,sim,o0,
oname:conc_otype:lst_usecol:sim_time:270.0_obsid:welopt-ly3_variable:ph,6.39985,0.0,conc,,,welopt-ly3,conc,lst,270.0,sim,ph,
oname:conc_otype:lst_usecol:sim_time:270.0_obsid:welopt-ly3_variable:so4,0.000445247,0.0,conc,,,welopt-ly3,conc,lst,270.0,sim,so4,
oname:conc_otype:lst_usecol:sim_time:270.0_obsid:wp1-f3_variable:o0,0.000287064,0.0,conc,,,wp1-f3,conc,lst,270.0,sim,o0,
oname:conc_otype:lst_usecol:sim_time:270.0_obsid:wp1-f3_variable:ph,6.92048,0.0,conc,,,wp1-f3,conc,lst,270.0,sim,ph,
oname:conc_otype:lst_usecol:sim_time:270.0_obsid:wp1-f3_variable:so4,0.000541876,0.0,conc,,,wp1-f3,conc,lst,270.0,sim,so4,
oname:conc_otype:lst_usecol:sim_time:270.0_obsid:wp4-f5_variable:o0,3.34275e-10,0.0,conc,,,wp4-f5,conc,lst,270.0,sim,o0,
oname:conc_otype:lst_usecol:sim_time:270.0_obsid:wp4-f5_variable:ph,6.82977,0.0,conc,,,wp4-f5,conc,lst,270.0,sim,ph,
oname:conc_otype:lst_usecol:sim_time:270.0_obsid:wp4-f5_variable:so4,0.000665594,0.0,conc,,,wp4-f5,conc,lst,270.0,sim,so4,
oname:conc_otype:lst_usecol:sim_time:271.0_obsid:welopt-ly3_variable:o0,5.38107e-32,0.0,conc,,,welopt-ly3,conc,lst,271.0,sim,o0,
oname:conc_otype:lst_usecol:sim_time:271.0_obsid:welopt-ly3_variable:ph,6.39985,0.0,conc,,,welopt-ly3,conc,lst,271.0,sim,ph,
oname:conc_otype:lst_usecol:sim_time:271.0_obsid:welopt-ly3_variable:so4,0.000445247,0.0,conc,,,welopt-ly3,conc,lst,271.0,sim,so4,
oname:conc_otype:lst_usecol:sim_time:271.0_obsid:wp1-f3_variable:o0,0.000287064,0.0,conc,,,wp1-f3,conc,lst,271.0,sim,o0,
oname:conc_otype:lst_usecol:sim_time:271.0_obsid:wp1-f3_variable:ph,6.92048,0.0,conc,,,wp1-f3,conc,lst,271.0,sim,ph,
oname:conc_otype:lst_usecol:sim_time:271.0_obsid:wp1-f3_variable:so4,0.000541876,0.0,conc,,,wp1-f3,conc,lst,271.0,sim,so4,
oname:conc_otype:lst_usecol:sim_time:271.0_obsid:wp4-f5_variable:o0,3.34275e-10,0.0,conc,,,wp4-f5,conc,lst,271.0,sim,o0,
oname:conc_otype:lst_usecol:sim_time:271.0_obsid:wp4-f5_variable:ph,6.82977,0.0,conc,,,wp4-f5,conc,lst,271.0,sim,ph,
oname:conc_otype:lst_usecol:sim_time:271.0_obsid:wp4-f5_variable:so4,0.000665594,0.0,conc,,,wp4-f5,conc,lst,271.0,sim,so4,
oname:conc_otype:lst_usecol:sim_time:272.0_obsid:welopt-ly3_variable:o0,5.38107e-32,0.0,conc,,,welopt-ly3,conc,lst,272.0,sim,o0,
oname:conc_otype:lst_usecol:sim_time:272.0_obsid:welopt-ly3_variable:ph,6.39985,0.0,conc,,,welopt-ly3,conc,lst,272.0,sim,ph,
oname:conc_otype:lst_usecol:sim_time:272.0_obsid:welopt-ly3_variable:so4,0.000445247,0.0,conc,,,welopt-ly3,conc,lst,272.0,sim,so4,
oname:conc_otype:lst_usecol:sim_time:272.0_obsid:wp1-f3_variable:o0,0.000287064,0.0,conc,,,wp1-f3,conc,lst,272.0,sim,o0,
oname:conc_otype:lst_usecol:sim_time:272.0_obsid:wp1-f3_variable:ph,6.92048,0.0,conc,,,wp1-f3,conc,lst,272.0,sim,ph,
oname:conc_otype:lst_usecol:sim_time:272.0_obsid:wp1-f3_variable:so4,0.000541876,0.0,conc,,,wp1-f3,conc,lst,272.0,sim,so4,
oname:conc_otype:lst_usecol:sim_time:272.0_obsid:wp4-f5_variable:o0,3.34275e-10,0.0,conc,,,wp4-f5,conc,lst,272.0,sim,o0,
oname:conc_otype:lst_usecol:sim_time:272.0_obsid:wp4-f5_variable:ph,6.82977,0.0,conc,,,wp4-f5,conc,lst,272.0,sim,ph,
oname:conc_otype:lst_usecol:sim_time:272.0_obsid:wp4-f5_variable:so4,0.000665594,0.0,conc,,,wp4-f5,conc,lst,272.0,sim,so4,
oname:conc_otype:lst_usecol:sim_time:273.0_obsid:welopt-ly3_variable:o0,5.38107e-32,0.0,conc,,,welopt-ly3,conc,lst,273.0,sim,o0,
oname:conc_otype:lst_usecol:sim_time:273.0_obsid:welopt-ly3_variable:ph,6.39985,0.0,conc,,,welopt-ly3,conc,lst,273.0,sim,ph,
oname:conc_otype:lst_usecol:sim_time:273.0_obsid:welopt-ly3_variable:so4,0.000445247,0.0,conc,,,welopt-ly3,conc,lst,273.0,sim,so4,
oname:conc_otype:lst_usecol:sim_time:273.0_obsid:wp1-f3_variable:o0,0.000287064,0.0,conc,,,wp1-f3,conc,lst,273.0,sim,o0,
oname:conc_otype:lst_usecol:sim_time:273.0_obsid:wp1-f3_variable:ph,6.92048,0.0,conc,,,wp1-f3,conc,lst,273.0,sim,ph,
oname:conc_otype:lst_usecol:sim_time:273.0_obsid:wp1-f3_variable:so4,0.000541876,0.0,conc,,,wp1-f3,conc,lst,273.0,sim,so4,
oname:conc_otype:lst_usecol:sim_time:273.0_obsid:wp4-f5_variable:o0,3.34275e-10,0.0,conc,,,wp4-f5,conc,lst,273.0,sim,o0,
oname:conc_otype:lst_usecol:sim_time:273.0_obsid:wp4-f5_variable:ph,6.82977,0.0,conc,,,wp4-f5,conc,lst,273.0,sim,ph,
oname:conc_otype:lst_usecol:sim_time:273.0_obsid:wp4-f5_variable:so4,0.000665594,0.0,conc,,,wp4-f5,conc,lst,273.0,sim,so4,
oname:conc_otype:lst_usecol:sim_time:274.0_obsid:welopt-ly3_variable:o0,5.38107e-32,0.0,conc,,,welopt-ly3,conc,lst,274.0,sim,o0,
oname:conc_otype:lst_usecol:sim_time:274.0_obsid:welopt-ly3_variable:ph,6.39985,0.0,conc,,,welopt-ly3,conc,lst,274.0,sim,ph,
oname:conc_otype:lst_usecol:sim_time:274.0_obsid:welopt-ly3_variable:so4,0.000445247,0.0,conc,,,welopt-ly3,conc,lst,274.0,sim,so4,
oname:conc_otype:lst_usecol:sim_time:274.0_obsid:wp1-f3_variable:o0,0.000287064,0.0,conc,,,wp1-f3,conc,lst,274.0,sim,o0,
oname:conc_otype:lst_usecol:sim_time:274.0_obsid:wp1-f3_variable:ph,6.92048,0.0,conc,,,wp1-f3,conc,lst,274.0,sim,ph,
oname:conc_otype:lst_usecol:sim_time:274.0_obsid:wp1-f3_variable:so4,0.000541876,0.0,conc,,,wp1-f3,conc,lst,274.0,sim,so4,
oname:conc_otype:lst_usecol:sim_time:274.0_obsid:wp4-f5_variable:o0,3.34275e-10,0.0,conc,,,wp4-f5,conc,lst,274.0,sim,o0,
oname:conc_otype:lst_usecol:sim_time:274.0_obsid:wp4-f5_variable:ph,6.82977,0.0,conc,,,wp4-f5,conc,lst,274.0,sim,ph,
oname:conc_otype:lst_usecol:sim_time:274.0_obsid:wp4-f5_variable:so4,0.000665594,0.0,conc,,,wp4-f5,conc,lst,274.0,sim,so4,
oname:conc_otype:lst_usecol:sim_time:275.0_obsid:welopt-ly3_variable:o0,1.44705e-30,0.0,conc,,,welopt-ly3,conc,lst,275.0,sim,o0,
oname:conc_otype:lst_usecol:sim_time:275.0_obsid:welopt-ly3_variable:ph,6.26764,0.0,conc,,,welopt-ly3,conc,lst,275.0,sim,ph,
oname:conc_otype:lst_usecol:sim_time:275.0_obsid:welopt-ly3_variable:so4,0.000472395,0.0,conc,,,welopt-ly3,conc,lst,275.0,sim,so4,
oname:conc_otype:lst_usecol:sim_time:275.0_obsid:wp1-f3_variable:o0,0.000279146,0.0,conc,,,wp1-f3,conc,lst,275.0,sim,o0,
oname:conc_otype:lst_usecol:sim_time:275.0_obsid:wp1-f3_variable:ph,6.92068,0.0,conc,,,wp1-f3,conc,lst,275.0,sim,ph,
oname:conc_otype:lst_usecol:sim_time:275.0_obsid:wp1-f3_variable:so4,0.000546335,0.0,conc,,,wp1-f3,conc,lst,275.0,sim,so4,
oname:conc_otype:lst_usecol:sim_time:275.0_obsid:wp4-f5_variable:o0,2.82959e-10,0.0,conc,,,wp4-f5,conc,lst,275.0,sim,o0,
oname:conc_otype:lst_usecol:sim_time:275.0_obsid:wp4-f5_variable:ph,6.83442,0.0,conc,,,wp4-f5,conc,lst,275.0,sim,ph,
oname:conc_otype:lst_usecol:sim_time:275.0_obsid:wp4-f5_variable:so4,0.000687639,0.0,conc,,,wp4-f5,conc,lst,275.0,sim,so4,
oname:conc_otype:lst_usecol:sim_time:276.0_obsid:welopt-ly3_variable:o0,1.44705e-30,0.0,conc,,,welopt-ly3,conc,lst,276.0,sim,o0,
oname:conc_otype:lst_usecol:sim_time:276.0_obsid:welopt-ly3_variable:ph,6.26764,0.0,conc,,,welopt-ly3,conc,lst,276.0,sim,ph,
oname:conc_otype:lst_usecol:sim_time:276.0_obsid:welopt-ly3_variable:so4,0.000472395,0.0,conc,,,welopt-ly3,conc,lst,276.0,sim,so4,
oname:conc_otype:lst_usecol:sim_time:276.0_obsid:wp1-f3_variable:o0,0.000279146,0.0,conc,,,wp1-f3,conc,lst,276.0,sim,o0,
oname:conc_otype:lst_usecol:sim_time:276.0_obsid:wp1-f3_variable:ph,6.92068,0.0,conc,,,wp1-f3,conc,lst,276.0,sim,ph,
oname:conc_otype:lst_usecol:sim_time:276.0_obsid:wp1-f3_variable:so4,0.000546335,0.0,conc,,,wp1-f3,conc,lst,276.0,sim,so4,
oname:conc_otype:lst_usecol:sim_time:276.0_obsid:wp4-f5_variable:o0,2.82959e-10,0.0,conc,,,wp4-f5,conc,lst,276.0,sim,o0,
oname:conc_otype:lst_usecol:sim_time:276.0_obsid:wp4-f5_variable:ph,6.83442,0.0,conc,,,wp4-f5,conc,lst,276.0,sim,ph,
oname:conc_otype:lst_usecol:sim_time:276.0_obsid:wp4-f5_variable:so4,0.000687639,0.0,conc,,,wp4-f5,conc,lst,276.0,sim,so4,
oname:conc_otype:lst_usecol:sim_time:277.0_obsid:welopt-ly3_variable:o0,1.44705e-30,0.0,conc,,,welopt-ly3,conc,lst,277.0,sim,o0,
oname:conc_otype:lst_usecol:sim_time:277.0_obsid:welopt-ly3_variable:ph,6.26764,0.0,conc,,,welopt-ly3,conc,lst,277.0,sim,ph,
oname:conc_otype:lst_usecol:sim_time:277.0_obsid:welopt-ly3_variable:so4,0.000472395,0.0,conc,,,welopt-ly3,conc,lst,277.0,sim,so4,
oname:conc_otype:lst_usecol:sim_time:277.0_obsid:wp1-f3_variable:o0,0.000279146,0.0,conc,,,wp1-f3,conc,lst,277.0,sim,o0,
oname:conc_otype:lst_usecol:sim_time:277.0_obsid:wp1-f3_variable:ph,6.92068,0.0,conc,,,wp1-f3,conc,lst,277.0,sim,ph,
oname:conc_otype:lst_usecol:sim_time:277.0_obsid:wp1-f3_variable:so4,0.000546335,0.0,conc,,,wp1-f3,conc,lst,277.0,sim,so4,
oname:conc_otype:lst_usecol:sim_time:277.0_obsid:wp4-f5_variable:o0,2.82959e-10,0.0,conc,,,wp4-f5,conc,lst,277.0,sim,o0,
oname:conc_otype:lst_usecol:sim_time:277.0_obsid:wp4-f5_variable:ph,6.83442,0.0,conc,,,wp4-f5,conc,lst,277.0,sim,ph,
oname:conc_otype:lst_usecol:sim_time:277.0_obsid:wp4-f5_variable:so4,0.000687639,0.0,conc,,,wp4-f5,conc,lst,277.0,sim,so4,
oname:conc_otype:lst_usecol:sim_time:278.0_obsid:welopt-ly3_variable:o0,1.44705e-30,0.0,conc,,,welopt-ly3,conc,lst,278.0,sim,o0,
oname:conc_otype:lst_usecol:sim_time:278.0_obsid:welopt-ly3_variable:ph,6.26764,0.0,conc,,,welopt-ly3,conc,lst,278.0,sim,ph,
oname:conc_otype:lst_usecol:sim_time:278.0_obsid:welopt-ly3_variable:so4,0.000472395,0.0,conc,,,welopt-ly3,conc,lst,278.0,sim,so4,
oname:conc_otype:lst_usecol:sim_time:278.0_obsid:wp1-f3_variable:o0,0.000279146,0.0,conc,,,wp1-f3,conc,lst,278.0,sim,o0,
oname:conc_otype:lst_usecol:sim_time:278.0_obsid:wp1-f3_variable:ph,6.92068,0.0,conc,,,wp1-f3,conc,lst,278.0,sim,ph,
oname:conc_otype:lst_usecol:sim_time:278.0_obsid:wp1-f3_variable:so4,0.000546335,0.0,conc,,,wp1-f3,conc,lst,278.0,sim,so4,
oname:conc_otype:lst_usecol:sim_time:278.0_obsid:wp4-f5_variable:o0,2.82959e-10,0.0,conc,,,wp4-f5,conc,lst,278.0,sim,o0,
oname:conc_otype:lst_usecol:sim_time:278.0_obsid:wp4-f5_variable:ph,6.83442,0.0,conc,,,wp4-f5,conc,lst,278.0,sim,ph,
oname:conc_otype:lst_usecol:sim_time:278.0_obsid:wp4-f5_variable:so4,0.000687639,0.0,conc,,,wp4-f5,conc,lst,278.0,sim,so4,
oname:conc_otype:lst_usecol:sim_time:279.0_obsid:welopt-ly3_variable:o0,1.44705e-30,0.0,conc,,,welopt-ly3,conc,lst,279.0,sim,o0,
oname:conc_otype:lst_usecol:sim_time:279.0_obsid:welopt-ly3_variable:ph,6.26764,0.0,conc,,,welopt-ly3,conc,lst,279.0,sim,ph,
oname:conc_otype:lst_usecol:sim_time:279.0_obsid:welopt-ly3_variable:so4,0.000472395,0.0,conc,,,welopt-ly3,conc,lst,279.0,sim,so4,
oname:conc_otype:lst_usecol:sim_time:279.0_obsid:wp1-f3_variable:o0,0.000279146,0.0,conc,,,wp1-f3,conc,lst,279.0,sim,o0,
oname:conc_otype:lst_usecol:sim_time:279.0_obsid:wp1-f3_variable:ph,6.92068,0.0,conc,,,wp1-f3,conc,lst,279.0,sim,ph,
oname:conc_otype:lst_usecol:sim_time:279.0_obsid:wp1-f3_variable:so4,0.000546335,0.0,conc,,,wp1-f3,conc,lst,279.0,sim,so4,
oname:conc_otype:lst_usecol:sim_time:279.0_obsid:wp4-f5_variable:o0,2.82959e-10,0.0,conc,,,wp4-f5,conc,lst,279.0,sim,o0,
oname:conc_otype:lst_usecol:sim_time:279.0_obsid:wp4-f5_variable:ph,6.83442,0.0,conc,,,wp4-f5,conc,lst,279.0,sim,ph,
oname:conc_otype:lst_usecol:sim_time:279.0_obsid:wp4-f5_variable:so4,0.000687639,0.0,conc,,,wp4-f5,conc,lst,279.0,sim,so4,
oname:conc_otype:lst_usecol:sim_time:28.0083_obsid:wp1-f3_variable:o0,4.51501e-30,0.0,conc,,,wp1-f3,conc,lst,28.0083,sim,o0,0.000326190128606
oname:conc_otype:lst_usecol:sim_time:28.0083_obsid:wp1-f3_variable:ph,6.39874,0.6131393394849658,conc,,,wp1-f3,conc,lst,28.0083,sim,ph,1.6309506430300091
oname:conc_otype:lst_usecol:sim_time:28.0083_obsid:wp1-f3_variable:so4,0.000567307,1226.2786789699317,conc,,,wp1-f3,conc,lst,28.0083,sim,so4,0.000815475321515
oname:conc_otype:lst_usecol:sim_time:28.0_obsid:welopt-ly3_variable:o0,0.0,0.0,conc,,,welopt-ly3,conc,lst,28.0,sim,o0,
oname:conc_otype:lst_usecol:sim_time:28.0_obsid:welopt-ly3_variable:ph,6.67491,0.0,conc,,,welopt-ly3,conc,lst,28.0,sim,ph,
oname:conc_otype:lst_usecol:sim_time:28.0_obsid:welopt-ly3_variable:so4,5.5115e-05,0.0,conc,,,welopt-ly3,conc,lst,28.0,sim,so4,
oname:conc_otype:lst_usecol:sim_time:28.0_obsid:wp1-f3_variable:o0,4.51501e-30,0.0,conc,,,wp1-f3,conc,lst,28.0,sim,o0,0.000326190128606
oname:conc_otype:lst_usecol:sim_time:28.0_obsid:wp1-f3_variable:ph,6.39874,0.6131393394849658,conc,,,wp1-f3,conc,lst,28.0,sim,ph,1.6309506430300091
oname:conc_otype:lst_usecol:sim_time:28.0_obsid:wp1-f3_variable:so4,0.000567307,1226.2786789699317,conc,,,wp1-f3,conc,lst,28.0,sim,so4,0.000815475321515
oname:conc_otype:lst_usecol:sim_time:28.0_obsid:wp4-f5_variable:o0,0.0,3143.4730673096574,conc,,,wp4-f5,conc,lst,28.0,sim,o0,0.0003181194744117
oname:conc_otype:lst_usecol:sim_time:28.0_obsid:wp4-f5_variable:ph,6.67483,0.6286946134619315,conc,,,wp4-f5,conc,lst,28.0,sim,ph,1.5905973720586868
oname:conc_otype:lst_usecol:sim_time:28.0_obsid:wp4-f5_variable:so4,5.525e-05,1257.389226923863,conc,,,wp4-f5,conc,lst,28.0,sim,so4,0.0007952986860293
oname:conc_otype:lst_usecol:sim_time:280.0_obsid:welopt-ly3_variable:o0,1.44705e-30,0.0,conc,,,welopt-ly3,conc,lst,280.0,sim,o0,
oname:conc_otype:lst_usecol:sim_time:280.0_obsid:welopt-ly3_variable:ph,6.26764,0.0,conc,,,welopt-ly3,conc,lst,280.0,sim,ph,
oname:conc_otype:lst_usecol:sim_time:280.0_obsid:welopt-ly3_variable:so4,0.000472395,0.0,conc,,,welopt-ly3,conc,lst,280.0,sim,so4,
oname:conc_otype:lst_usecol:sim_time:280.0_obsid:wp1-f3_variable:o0,0.000279146,0.0,conc,,,wp1-f3,conc,lst,280.0,sim,o0,
oname:conc_otype:lst_usecol:sim_time:280.0_obsid:wp1-f3_variable:ph,6.92068,0.0,conc,,,wp1-f3,conc,lst,280.0,sim,ph,
oname:conc_otype:lst_usecol:sim_time:280.0_obsid:wp1-f3_variable:so4,0.000546335,0.0,conc,,,wp1-f3,conc,lst,280.0,sim,so4,
oname:conc_otype:lst_usecol:sim_time:280.0_obsid:wp4-f5_variable:o0,2.82959e-10,0.0,conc,,,wp4-f5,conc,lst,280.0,sim,o0,
oname:conc_otype:lst_usecol:sim_time:280.0_obsid:wp4-f5_variable:ph,6.83442,0.0,conc,,,wp4-f5,conc,lst,280.0,sim,ph,
oname:conc_otype:lst_usecol:sim_time:280.0_obsid:wp4-f5_variable:so4,0.000687639,0.0,conc,,,wp4-f5,conc,lst,280.0,sim,so4,
oname:conc_otype:lst_usecol:sim_time:281.0_obsid:welopt-ly3_variable:o0,1.44705e-30,0.0,conc,,,welopt-ly3,conc,lst,281.0,sim,o0,
oname:conc_otype:lst_usecol:sim_time:281.0_obsid:welopt-ly3_variable:ph,6.26764,0.0,conc,,,welopt-ly3,conc,lst,281.0,sim,ph,
oname:conc_otype:lst_usecol:sim_time:281.0_obsid:welopt-ly3_variable:so4,0.000472395,0.0,conc,,,welopt-ly3,conc,lst,281.0,sim,so4,
oname:conc_otype:lst_usecol:sim_time:281.0_obsid:wp1-f3_variable:o0,0.000279146,0.0,conc,,,wp1-f3,conc,lst,281.0,sim,o0,
oname:conc_otype:lst_usecol:sim_time:281.0_obsid:wp1-f3_variable:ph,6.92068,0.0,conc,,,wp1-f3,conc,lst,281.0,sim,ph,
oname:conc_otype:lst_usecol:sim_time:281.0_obsid:wp1-f3_variable:so4,0.000546335,0.0,conc,,,wp1-f3,conc,lst,281.0,sim,so4,
oname:conc_otype:lst_usecol:sim_time:281.0_obsid:wp4-f5_variable:o0,2.82959e-10,0.0,conc,,,wp4-f5,conc,lst,281.0,sim,o0,
oname:conc_otype:lst_usecol:sim_time:281.0_obsid:wp4-f5_variable:ph,6.83442,0.0,conc,,,wp4-f5,conc,lst,281.0,sim,ph,
oname:conc_otype:lst_usecol:sim_time:281.0_obsid:wp4-f5_variable:so4,0.000687639,0.0,conc,,,wp4-f5,conc,lst,281.0,sim,so4,
oname:conc_otype:lst_usecol:sim_time:282.0_obsid:welopt-ly3_variable:o0,1.24377e-29,0.0,conc,,,welopt-ly3,conc,lst,282.0,sim,o0,
oname:conc_otype:lst_usecol:sim_time:282.0_obsid:welopt-ly3_variable:ph,6.16828,0.0,conc,,,welopt-ly3,conc,lst,282.0,sim,ph,
oname:conc_otype:lst_usecol:sim_time:282.0_obsid:welopt-ly3_variable:so4,0.000482092,0.0,conc,,,welopt-ly3,conc,lst,282.0,sim,so4,
oname:conc_otype:lst_usecol:sim_time:282.0_obsid:wp1-f3_variable:o0,0.000262796,0.0,conc,,,wp1-f3,conc,lst,282.0,sim,o0,
oname:conc_otype:lst_usecol:sim_time:282.0_obsid:wp1-f3_variable:ph,6.93322,0.0,conc,,,wp1-f3,conc,lst,282.0,sim,ph,
oname:conc_otype:lst_usecol:sim_time:282.0_obsid:wp1-f3_variable:so4,0.000550357,0.0,conc,,,wp1-f3,conc,lst,282.0,sim,so4,
oname:conc_otype:lst_usecol:sim_time:282.0_obsid:wp4-f5_variable:o0,2.60687e-10,0.0,conc,,,wp4-f5,conc,lst,282.0,sim,o0,
oname:conc_otype:lst_usecol:sim_time:282.0_obsid:wp4-f5_variable:ph,6.8302,0.0,conc,,,wp4-f5,conc,lst,282.0,sim,ph,
oname:conc_otype:lst_usecol:sim_time:282.0_obsid:wp4-f5_variable:so4,0.000691916,0.0,conc,,,wp4-f5,conc,lst,282.0,sim,so4,
oname:conc_otype:lst_usecol:sim_time:283.0_obsid:welopt-ly3_variable:o0,1.24377e-29,0.0,conc,,,welopt-ly3,conc,lst,283.0,sim,o0,
oname:conc_otype:lst_usecol:sim_time:283.0_obsid:welopt-ly3_variable:ph,6.16828,0.0,conc,,,welopt-ly3,conc,lst,283.0,sim,ph,
oname:conc_otype:lst_usecol:sim_time:283.0_obsid:welopt-ly3_variable:so4,0.000482092,0.0,conc,,,welopt-ly3,conc,lst,283.0,sim,so4,
oname:conc_otype:lst_usecol:sim_time:283.0_obsid:wp1-f3_variable:o0,0.000262796,0.0,conc,,,wp1-f3,conc,lst,283.0,sim,o0,
oname:conc_otype:lst_usecol:sim_time:283.0_obsid:wp1-f3_variable:ph,6.93322,0.0,conc,,,wp1-f3,conc,lst,283.0,sim,ph,
oname:conc_otype:lst_usecol:sim_time:283.0_obsid:wp1-f3_variable:so4,0.000550357,0.0,conc,,,wp1-f3,conc,lst,283.0,sim,so4,
oname:conc_otype:lst_usecol:sim_time:283.0_obsid:wp4-f5_variable:o0,2.60687e-10,0.0,conc,,,wp4-f5,conc,lst,283.0,sim,o0,
oname:conc_otype:lst_usecol:sim_time:283.0_obsid:wp4-f5_variable:ph,6.8302,0.0,conc,,,wp4-f5,conc,lst,283.0,sim,ph,
oname:conc_otype:lst_usecol:sim_time:283.0_obsid:wp4-f5_variable:so4,0.000691916,0.0,conc,,,wp4-f5,conc,lst,283.0,sim,so4,
oname:conc_otype:lst_usecol:sim_time:284.0_obsid:welopt-ly3_variable:o0,1.24377e-29,0.0,conc,,,welopt-ly3,conc,lst,284.0,sim,o0,
oname:conc_otype:lst_usecol:sim_time:284.0_obsid:welopt-ly3_variable:ph,6.16828,0.0,conc,,,welopt-ly3,conc,lst,284.0,sim,ph,
oname:conc_otype:lst_usecol:sim_time:284.0_obsid:welopt-ly3_variable:so4,0.000482092,0.0,conc,,,welopt-ly3,conc,lst,284.0,sim,so4,
oname:conc_otype:lst_usecol:sim_time:284.0_obsid:wp1-f3_variable:o0,0.000262796,0.0,conc,,,wp1-f3,conc,lst,284.0,sim,o0,
oname:conc_otype:lst_usecol:sim_time:284.0_obsid:wp1-f3_variable:ph,6.93322,0.0,conc,,,wp1-f3,conc,lst,284.0,sim,ph,
oname:conc_otype:lst_usecol:sim_time:284.0_obsid:wp1-f3_variable:so4,0.000550357,0.0,conc,,,wp1-f3,conc,lst,284.0,sim,so4,
oname:conc_otype:lst_usecol:sim_time:284.0_obsid:wp4-f5_variable:o0,2.60687e-10,0.0,conc,,,wp4-f5,conc,lst,284.0,sim,o0,
oname:conc_otype:lst_usecol:sim_time:284.0_obsid:wp4-f5_variable:ph,6.8302,0.0,conc,,,wp4-f5,conc,lst,284.0,sim,ph,
oname:conc_otype:lst_usecol:sim_time:284.0_obsid:wp4-f5_variable:so4,0.000691916,0.0,conc,,,wp4-f5,conc,lst,284.0,sim,so4,
oname:conc_otype:lst_usecol:sim_time:285.0_obsid:welopt-ly3_variable:o0,1.24377e-29,0.0,conc,,,welopt-ly3,conc,lst,285.0,sim,o0,
oname:conc_otype:lst_usecol:sim_time:285.0_obsid:welopt-ly3_variable:ph,6.16828,0.0,conc,,,welopt-ly3,conc,lst,285.0,sim,ph,
oname:conc_otype:lst_usecol:sim_time:285.0_obsid:welopt-ly3_variable:so4,0.000482092,0.0,conc,,,welopt-ly3,conc,lst,285.0,sim,so4,
oname:conc_otype:lst_usecol:sim_time:285.0_obsid:wp1-f3_variable:o0,0.000262796,0.0,conc,,,wp1-f3,conc,lst,285.0,sim,o0,
oname:conc_otype:lst_usecol:sim_time:285.0_obsid:wp1-f3_variable:ph,6.93322,0.0,conc,,,wp1-f3,conc,lst,285.0,sim,ph,
oname:conc_otype:lst_usecol:sim_time:285.0_obsid:wp1-f3_variable:so4,0.000550357,0.0,conc,,,wp1-f3,conc,lst,285.0,sim,so4,
oname:conc_otype:lst_usecol:sim_time:285.0_obsid:wp4-f5_variable:o0,2.60687e-10,0.0,conc,,,wp4-f5,conc,lst,285.0,sim,o0,
oname:conc_otype:lst_usecol:sim_time:285.0_obsid:wp4-f5_variable:ph,6.8302,0.0,conc,,,wp4-f5,conc,lst,285.0,sim,ph,
oname:conc_otype:lst_usecol:sim_time:285.0_obsid:wp4-f5_variable:so4,0.000691916,0.0,conc,,,wp4-f5,conc,lst,285.0,sim,so4,
oname:conc_otype:lst_usecol:sim_time:286.0_obsid:welopt-ly3_variable:o0,1.24377e-29,0.0,conc,,,welopt-ly3,conc,lst,286.0,sim,o0,
oname:conc_otype:lst_usecol:sim_time:286.0_obsid:welopt-ly3_variable:ph,6.16828,0.0,conc,,,welopt-ly3,conc,lst,286.0,sim,ph,
oname:conc_otype:lst_usecol:sim_time:286.0_obsid:welopt-ly3_variable:so4,0.000482092,0.0,conc,,,welopt-ly3,conc,lst,286.0,sim,so4,
oname:conc_otype:lst_usecol:sim_time:286.0_obsid:wp1-f3_variable:o0,0.000262796,0.0,conc,,,wp1-f3,conc,lst,286.0,sim,o0,
oname:conc_otype:lst_usecol:sim_time:286.0_obsid:wp1-f3_variable:ph,6.93322,0.0,conc,,,wp1-f3,conc,lst,286.0,sim,ph,
oname:conc_otype:lst_usecol:sim_time:286.0_obsid:wp1-f3_variable:so4,0.000550357,0.0,conc,,,wp1-f3,conc,lst,286.0,sim,so4,
oname:conc_otype:lst_usecol:sim_time:286.0_obsid:wp4-f5_variable:o0,2.60687e-10,0.0,conc,,,wp4-f5,conc,lst,286.0,sim,o0,
oname:conc_otype:lst_usecol:sim_time:286.0_obsid:wp4-f5_variable:ph,6.8302,0.0,conc,,,wp4-f5,conc,lst,286.0,sim,ph,
oname:conc_otype:lst_usecol:sim_time:286.0_obsid:wp4-f5_variable:so4,0.000691916,0.0,conc,,,wp4-f5,conc,lst,286.0,sim,so4,
oname:conc_otype:lst_usecol:sim_time:287.0_obsid:welopt-ly3_variable:o0,1.24377e-29,0.0,conc,,,welopt-ly3,conc,lst,287.0,sim,o0,
oname:conc_otype:lst_usecol:sim_time:287.0_obsid:welopt-ly3_variable:ph,6.16828,0.0,conc,,,welopt-ly3,conc,lst,287.0,sim,ph,
oname:conc_otype:lst_usecol:sim_time:287.0_obsid:welopt-ly3_variable:so4,0.000482092,0.0,conc,,,welopt-ly3,conc,lst,287.0,sim,so4,
oname:conc_otype:lst_usecol:sim_time:287.0_obsid:wp1-f3_variable:o0,0.000262796,0.0,conc,,,wp1-f3,conc,lst,287.0,sim,o0,
oname:conc_otype:lst_usecol:sim_time:287.0_obsid:wp1-f3_variable:ph,6.93322,0.0,conc,,,wp1-f3,conc,lst,287.0,sim,ph,
oname:conc_otype:lst_usecol:sim_time:287.0_obsid:wp1-f3_variable:so4,0.000550357,0.0,conc,,,wp1-f3,conc,lst,287.0,sim,so4,
oname:conc_otype:lst_usecol:sim_time:287.0_obsid:wp4-f5_variable:o0,2.60687e-10,0.0,conc,,,wp4-f5,conc,lst,287.0,sim,o0,
oname:conc_otype:lst_usecol:sim_time:287.0_obsid:wp4-f5_variable:ph,6.8302,0.0,conc,,,wp4-f5,conc,lst,287.0,sim,ph,
oname:conc_otype:lst_usecol:sim_time:287.0_obsid:wp4-f5_variable:so4,0.000691916,0.0,conc,,,wp4-f5,conc,lst,287.0,sim,so4,
oname:conc_otype:lst_usecol:sim_time:288.0_obsid:welopt-ly3_variable:o0,1.24377e-29,0.0,conc,,,welopt-ly3,conc,lst,288.0,sim,o0,
oname:conc_otype:lst_usecol:sim_time:288.0_obsid:welopt-ly3_variable:ph,6.16828,0.0,conc,,,welopt-ly3,conc,lst,288.0,sim,ph,
oname:conc_otype:lst_usecol:sim_time:288.0_obsid:welopt-ly3_variable:so4,0.000482092,0.0,conc,,,welopt-ly3,conc,lst,288.0,sim,so4,
oname:conc_otype:lst_usecol:sim_time:288.0_obsid:wp1-f3_variable:o0,0.000262796,0.0,conc,,,wp1-f3,conc,lst,288.0,sim,o0,
oname:conc_otype:lst_usecol:sim_time:288.0_obsid:wp1-f3_variable:ph,6.93322,0.0,conc,,,wp1-f3,conc,lst,288.0,sim,ph,
oname:conc_otype:lst_usecol:sim_time:288.0_obsid:wp1-f3_variable:so4,0.000550357,0.0,conc,,,wp1-f3,conc,lst,288.0,sim,so4,
oname:conc_otype:lst_usecol:sim_time:288.0_obsid:wp4-f5_variable:o0,2.60687e-10,0.0,conc,,,wp4-f5,conc,lst,288.0,sim,o0,
oname:conc_otype:lst_usecol:sim_time:288.0_obsid:wp4-f5_variable:ph,6.8302,0.0,conc,,,wp4-f5,conc,lst,288.0,sim,ph,
oname:conc_otype:lst_usecol:sim_time:288.0_obsid:wp4-f5_variable:so4,0.000691916,0.0,conc,,,wp4-f5,conc,lst,288.0,sim,so4,
oname:conc_otype:lst_usecol:sim_time:289.0_obsid:welopt-ly3_variable:o0,2.3770600000000001e-29,0.0,conc,,,welopt-ly3,conc,lst,289.0,sim,o0,
oname:conc_otype:lst_usecol:sim_time:289.0_obsid:welopt-ly3_variable:ph,6.13383,0.0,conc,,,welopt-ly3,conc,lst,289.0,sim,ph,
oname:conc_otype:lst_usecol:sim_time:289.0_obsid:welopt-ly3_variable:so4,0.000492209,0.0,conc,,,welopt-ly3,conc,lst,289.0,sim,so4,
oname:conc_otype:lst_usecol:sim_time:289.0_obsid:wp1-f3_variable:o0,0.000185419,0.0,conc,,,wp1-f3,conc,lst,289.0,sim,o0,
oname:conc_otype:lst_usecol:sim_time:289.0_obsid:wp1-f3_variable:ph,6.92502,0.0,conc,,,wp1-f3,conc,lst,289.0,sim,ph,
oname:conc_otype:lst_usecol:sim_time:289.0_obsid:wp1-f3_variable:so4,0.000570877,0.0,conc,,,wp1-f3,conc,lst,289.0,sim,so4,
oname:conc_otype:lst_usecol:sim_time:289.0_obsid:wp4-f5_variable:o0,2.19794e-10,0.0,conc,,,wp4-f5,conc,lst,289.0,sim,o0,
oname:conc_otype:lst_usecol:sim_time:289.0_obsid:wp4-f5_variable:ph,6.86064,0.0,conc,,,wp4-f5,conc,lst,289.0,sim,ph,
oname:conc_otype:lst_usecol:sim_time:289.0_obsid:wp4-f5_variable:so4,0.000697051,0.0,conc,,,wp4-f5,conc,lst,289.0,sim,so4,
oname:conc_otype:lst_usecol:sim_time:29.0_obsid:welopt-ly3_variable:o0,0.0,0.0,conc,,,welopt-ly3,conc,lst,29.0,sim,o0,
oname:conc_otype:lst_usecol:sim_time:29.0_obsid:welopt-ly3_variable:ph,6.67491,0.0,conc,,,welopt-ly3,conc,lst,29.0,sim,ph,
oname:conc_otype:lst_usecol:sim_time:29.0_obsid:welopt-ly3_variable:so4,5.5115e-05,0.0,conc,,,welopt-ly3,conc,lst,29.0,sim,so4,
oname:conc_otype:lst_usecol:sim_time:29.0_obsid:wp1-f3_variable:o0,4.51501e-30,0.0,conc,,,wp1-f3,conc,lst,29.0,sim,o0,0.000326190128606
oname:conc_otype:lst_usecol:sim_time:29.0_obsid:wp1-f3_variable:ph,6.39874,0.6131393394849658,conc,,,wp1-f3,conc,lst,29.0,sim,ph,1.6309506430300091
oname:conc_otype:lst_usecol:sim_time:29.0_obsid:wp1-f3_variable:so4,0.000567307,1226.2786789699317,conc,,,wp1-f3,conc,lst,29.0,sim,so4,0.000815475321515
oname:conc_otype:lst_usecol:sim_time:29.0_obsid:wp4-f5_variable:o0,0.0,3143.4730673096574,conc,,,wp4-f5,conc,lst,29.0,sim,o0,0.0003181194744117
oname:conc_otype:lst_usecol:sim_time:29.0_obsid:wp4-f5_variable:ph,6.67483,0.6286946134619315,conc,,,wp4-f5,conc,lst,29.0,sim,ph,1.5905973720586868
oname:conc_otype:lst_usecol:sim_time:29.0_obsid:wp4-f5_variable:so4,5.525e-05,1257.389226923863,conc,,,wp4-f5,conc,lst,29.0,sim,so4,0.0007952986860293
oname:conc_otype:lst_usecol:sim_time:290.0_obsid:welopt-ly3_variable:o0,2.3770600000000001e-29,0.0,conc,,,welopt-ly3,conc,lst,290.0,sim,o0,
oname:conc_otype:lst_usecol:sim_time:290.0_obsid:welopt-ly3_variable:ph,6.13383,0.0,conc,,,welopt-ly3,conc,lst,290.0,sim,ph,
oname:conc_otype:lst_usecol:sim_time:290.0_obsid:welopt-ly3_variable:so4,0.000492209,0.0,conc,,,welopt-ly3,conc,lst,290.0,sim,so4,
oname:conc_otype:lst_usecol:sim_time:290.0_obsid:wp1-f3_variable:o0,0.000185419,0.0,conc,,,wp1-f3,conc,lst,290.0,sim,o0,
oname:conc_otype:lst_usecol:sim_time:290.0_obsid:wp1-f3_variable:ph,6.92502,0.0,conc,,,wp1-f3,conc,lst,290.0,sim,ph,
oname:conc_otype:lst_usecol:sim_time:290.0_obsid:wp1-f3_variable:so4,0.000570877,0.0,conc,,,wp1-f3,conc,lst,290.0,sim,so4,
oname:conc_otype:lst_usecol:sim_time:290.0_obsid:wp4-f5_variable:o0,2.19794e-10,0.0,conc,,,wp4-f5,conc,lst,290.0,sim,o0,
oname:conc_otype:lst_usecol:sim_time:290.0_obsid:wp4-f5_variable:ph,6.86064,0.0,conc,,,wp4-f5,conc,lst,290.0,sim,ph,
oname:conc_otype:lst_usecol:sim_time:290.0_obsid:wp4-f5_variable:so4,0.000697051,0.0,conc,,,wp4-f5,conc,lst,290.0,sim,so4,
oname:conc_otype:lst_usecol:sim_time:291.0_obsid:welopt-ly3_variable:o0,2.3770600000000001e-29,0.0,conc,,,welopt-ly3,conc,lst,291.0,sim,o0,
oname:conc_otype:lst_usecol:sim_time:291.0_obsid:welopt-ly3_variable:ph,6.13383,0.0,conc,,,welopt-ly3,conc,lst,291.0,sim,ph,
oname:conc_otype:lst_usecol:sim_time:291.0_obsid:welopt-ly3_variable:so4,0.000492209,0.0,conc,,,welopt-ly3,conc,lst,291.0,sim,so4,
oname:conc_otype:lst_usecol:sim_time:291.0_obsid:wp1-f3_variable:o0,0.000185419,0.0,conc,,,wp1-f3,conc,lst,291.0,sim,o0,
oname:conc_otype:lst_usecol:sim_time:291.0_obsid:wp1-f3_variable:ph,6.92502,0.0,conc,,,wp1-f3,conc,lst,291.0,sim,ph,
oname:conc_otype:lst_usecol:sim_time:291.0_obsid:wp1-f3_variable:so4,0.000570877,0.0,conc,,,wp1-f3,conc,lst,291.0,sim,so4,
oname:conc_otype:lst_usecol:sim_time:291.0_obsid:wp4-f5_variable:o0,2.19794e-10,0.0,conc,,,wp4-f5,conc,lst,291.0,sim,o0,
oname:conc_otype:lst_usecol:sim_time:291.0_obsid:wp4-f5_variable:ph,6.86064,0.0,conc,,,wp4-f5,conc,lst,291.0,sim,ph,
oname:conc_otype:lst_usecol:sim_time:291.0_obsid:wp4-f5_variable:so4,0.000697051,0.0,conc,,,wp4-f5,conc,lst,291.0,sim,so4,
oname:conc_otype:lst_usecol:sim_time:292.0_obsid:welopt-ly3_variable:o0,2.3770600000000001e-29,0.0,conc,,,welopt-ly3,conc,lst,292.0,sim,o0,
oname:conc_otype:lst_usecol:sim_time:292.0_obsid:welopt-ly3_variable:ph,6.13383,0.0,conc,,,welopt-ly3,conc,lst,292.0,sim,ph,
oname:conc_otype:lst_usecol:sim_time:292.0_obsid:welopt-ly3_variable:so4,0.000492209,0.0,conc,,,welopt-ly3,conc,lst,292.0,sim,so4,
oname:conc_otype:lst_usecol:sim_time:292.0_obsid:wp1-f3_variable:o0,0.000185419,0.0,conc,,,wp1-f3,conc,lst,292.0,sim,o0,
oname:conc_otype:lst_usecol:sim_time:292.0_obsid:wp1-f3_variable:ph,6.92502,0.0,conc,,,wp1-f3,conc,lst,292.0,sim,ph,
oname:conc_otype:lst_usecol:sim_time:292.0_obsid:wp1-f3_variable:so4,0.000570877,0.0,conc,,,wp1-f3,conc,lst,292.0,sim,so4,
oname:conc_otype:lst_usecol:sim_time:292.0_obsid:wp4-f5_variable:o0,2.19794e-10,0.0,conc,,,wp4-f5,conc,lst,292.0,sim,o0,
oname:conc_otype:lst_usecol:sim_time:292.0_obsid:wp4-f5_variable:ph,6.86064,0.0,conc,,,wp4-f5,conc,lst,292.0,sim,ph,
oname:conc_otype:lst_usecol:sim_time:292.0_obsid:wp4-f5_variable:so4,0.000697051,0.0,conc,,,wp4-f5,conc,lst,292.0,sim,so4,
oname:conc_otype:lst_usecol:sim_time:293.0_obsid:welopt-ly3_variable:o0,2.3770600000000001e-29,0.0,conc,,,welopt-ly3,conc,lst,293.0,sim,o0,
oname:conc_otype:lst_usecol:sim_time:293.0_obsid:welopt-ly3_variable:ph,6.13383,0.0,conc,,,welopt-ly3,conc,lst,293.0,sim,ph,
oname:conc_otype:lst_usecol:sim_time:293.0_obsid:welopt-ly3_variable:so4,0.000492209,0.0,conc,,,welopt-ly3,conc,lst,293.0,sim,so4,
oname:conc_otype:lst_usecol:sim_time:293.0_obsid:wp1-f3_variable:o0,0.000185419,0.0,conc,,,wp1-f3,conc,lst,293.0,sim,o0,
oname:conc_otype:lst_usecol:sim_time:293.0_obsid:wp1-f3_variable:ph,6.92502,0.0,conc,,,wp1-f3,conc,lst,293.0,sim,ph,
oname:conc_otype:lst_usecol:sim_time:293.0_obsid:wp1-f3_variable:so4,0.000570877,0.0,conc,,,wp1-f3,conc,lst,293.0,sim,so4,
oname:conc_otype:lst_usecol:sim_time:293.0_obsid:wp4-f5_variable:o0,2.19794e-10,0.0,conc,,,wp4-f5,conc,lst,293.0,sim,o0,
oname:conc_otype:lst_usecol:sim_time:293.0_obsid:wp4-f5_variable:ph,6.86064,0.0,conc,,,wp4-f5,conc,lst,293.0,sim,ph,
oname:conc_otype:lst_usecol:sim_time:293.0_obsid:wp4-f5_variable:so4,0.000697051,0.0,conc,,,wp4-f5,conc,lst,293.0,sim,so4,
oname:conc_otype:lst_usecol:sim_time:294.0_obsid:welopt-ly3_variable:o0,2.3770600000000001e-29,0.0,conc,,,welopt-ly3,conc,lst,294.0,sim,o0,
oname:conc_otype:lst_usecol:sim_time:294.0_obsid:welopt-ly3_variable:ph,6.13383,0.0,conc,,,welopt-ly3,conc,lst,294.0,sim,ph,
oname:conc_otype:lst_usecol:sim_time:294.0_obsid:welopt-ly3_variable:so4,0.000492209,0.0,conc,,,welopt-ly3,conc,lst,294.0,sim,so4,
oname:conc_otype:lst_usecol:sim_time:294.0_obsid:wp1-f3_variable:o0,0.000185419,0.0,conc,,,wp1-f3,conc,lst,294.0,sim,o0,
oname:conc_otype:lst_usecol:sim_time:294.0_obsid:wp1-f3_variable:ph,6.92502,0.0,conc,,,wp1-f3,conc,lst,294.0,sim,ph,
oname:conc_otype:lst_usecol:sim_time:294.0_obsid:wp1-f3_variable:so4,0.000570877,0.0,conc,,,wp1-f3,conc,lst,294.0,sim,so4,
oname:conc_otype:lst_usecol:sim_time:294.0_obsid:wp4-f5_variable:o0,2.19794e-10,0.0,conc,,,wp4-f5,conc,lst,294.0,sim,o0,
oname:conc_otype:lst_usecol:sim_time:294.0_obsid:wp4-f5_variable:ph,6.86064,0.0,conc,,,wp4-f5,conc,lst,294.0,sim,ph,
oname:conc_otype:lst_usecol:sim_time:294.0_obsid:wp4-f5_variable:so4,0.000697051,0.0,conc,,,wp4-f5,conc,lst,294.0,sim,so4,
oname:conc_otype:lst_usecol:sim_time:295.0_obsid:welopt-ly3_variable:o0,2.3770600000000001e-29,0.0,conc,,,welopt-ly3,conc,lst,295.0,sim,o0,
oname:conc_otype:lst_usecol:sim_time:295.0_obsid:welopt-ly3_variable:ph,6.13383,0.0,conc,,,welopt-ly3,conc,lst,295.0,sim,ph,
oname:conc_otype:lst_usecol:sim_time:295.0_obsid:welopt-ly3_variable:so4,0.000492209,0.0,conc,,,welopt-ly3,conc,lst,295.0,sim,so4,
oname:conc_otype:lst_usecol:sim_time:295.0_obsid:wp1-f3_variable:o0,0.000185419,0.0,conc,,,wp1-f3,conc,lst,295.0,sim,o0,
oname:conc_otype:lst_usecol:sim_time:295.0_obsid:wp1-f3_variable:ph,6.92502,0.0,conc,,,wp1-f3,conc,lst,295.0,sim,ph,
oname:conc_otype:lst_usecol:sim_time:295.0_obsid:wp1-f3_variable:so4,0.000570877,0.0,conc,,,wp1-f3,conc,lst,295.0,sim,so4,
oname:conc_otype:lst_usecol:sim_time:295.0_obsid:wp4-f5_variable:o0,2.19794e-10,0.0,conc,,,wp4-f5,conc,lst,295.0,sim,o0,
oname:conc_otype:lst_usecol:sim_time:295.0_obsid:wp4-f5_variable:ph,6.86064,0.0,conc,,,wp4-f5,conc,lst,295.0,sim,ph,
oname:conc_otype:lst_usecol:sim_time:295.0_obsid:wp4-f5_variable:so4,0.000697051,0.0,conc,,,wp4-f5,conc,lst,295.0,sim,so4,
oname:conc_otype:lst_usecol:sim_time:296.0_obsid:welopt-ly3_variable:o0,3.90449e-29,0.0,conc,,,welopt-ly3,conc,lst,296.0,sim,o0,
oname:conc_otype:lst_usecol:sim_time:296.0_obsid:welopt-ly3_variable:ph,6.09667,0.0,conc,,,welopt-ly3,conc,lst,296.0,sim,ph,
oname:conc_otype:lst_usecol:sim_time:296.0_obsid:welopt-ly3_variable:so4,0.000509964,0.0,conc,,,welopt-ly3,conc,lst,296.0,sim,so4,
oname:conc_otype:lst_usecol:sim_time:296.0_obsid:wp1-f3_variable:o0,0.000166124,0.0,conc,,,wp1-f3,conc,lst,296.0,sim,o0,
oname:conc_otype:lst_usecol:sim_time:296.0_obsid:wp1-f3_variable:ph,6.92066,0.0,conc,,,wp1-f3,conc,lst,296.0,sim,ph,
oname:conc_otype:lst_usecol:sim_time:296.0_obsid:wp1-f3_variable:so4,0.000576318,0.0,conc,,,wp1-f3,conc,lst,296.0,sim,so4,
oname:conc_otype:lst_usecol:sim_time:296.0_obsid:wp4-f5_variable:o0,1.81371e-10,0.0,conc,,,wp4-f5,conc,lst,296.0,sim,o0,
oname:conc_otype:lst_usecol:sim_time:296.0_obsid:wp4-f5_variable:ph,6.87635,0.0,conc,,,wp4-f5,conc,lst,296.0,sim,ph,
oname:conc_otype:lst_usecol:sim_time:296.0_obsid:wp4-f5_variable:so4,0.000716085,0.0,conc,,,wp4-f5,conc,lst,296.0,sim,so4,
oname:conc_otype:lst_usecol:sim_time:297.0_obsid:welopt-ly3_variable:o0,3.90449e-29,0.0,conc,,,welopt-ly3,conc,lst,297.0,sim,o0,
oname:conc_otype:lst_usecol:sim_time:297.0_obsid:welopt-ly3_variable:ph,6.09667,0.0,conc,,,welopt-ly3,conc,lst,297.0,sim,ph,
oname:conc_otype:lst_usecol:sim_time:297.0_obsid:welopt-ly3_variable:so4,0.000509964,0.0,conc,,,welopt-ly3,conc,lst,297.0,sim,so4,
oname:conc_otype:lst_usecol:sim_time:297.0_obsid:wp1-f3_variable:o0,0.000166124,0.0,conc,,,wp1-f3,conc,lst,297.0,sim,o0,
oname:conc_otype:lst_usecol:sim_time:297.0_obsid:wp1-f3_variable:ph,6.92066,0.0,conc,,,wp1-f3,conc,lst,297.0,sim,ph,
oname:conc_otype:lst_usecol:sim_time:297.0_obsid:wp1-f3_variable:so4,0.000576318,0.0,conc,,,wp1-f3,conc,lst,297.0,sim,so4,
oname:conc_otype:lst_usecol:sim_time:297.0_obsid:wp4-f5_variable:o0,1.81371e-10,0.0,conc,,,wp4-f5,conc,lst,297.0,sim,o0,
oname:conc_otype:lst_usecol:sim_time:297.0_obsid:wp4-f5_variable:ph,6.87635,0.0,conc,,,wp4-f5,conc,lst,297.0,sim,ph,
oname:conc_otype:lst_usecol:sim_time:297.0_obsid:wp4-f5_variable:so4,0.000716085,0.0,conc,,,wp4-f5,conc,lst,297.0,sim,so4,
oname:conc_otype:lst_usecol:sim_time:298.0_obsid:welopt-ly3_variable:o0,3.90449e-29,0.0,conc,,,welopt-ly3,conc,lst,298.0,sim,o0,
oname:conc_otype:lst_usecol:sim_time:298.0_obsid:welopt-ly3_variable:ph,6.09667,0.0,conc,,,welopt-ly3,conc,lst,298.0,sim,ph,
oname:conc_otype:lst_usecol:sim_time:298.0_obsid:welopt-ly3_variable:so4,0.000509964,0.0,conc,,,welopt-ly3,conc,lst,298.0,sim,so4,
oname:conc_otype:lst_usecol:sim_time:298.0_obsid:wp1-f3_variable:o0,0.000166124,0.0,conc,,,wp1-f3,conc,lst,298.0,sim,o0,
oname:conc_otype:lst_usecol:sim_time:298.0_obsid:wp1-f3_variable:ph,6.92066,0.0,conc,,,wp1-f3,conc,lst,298.0,sim,ph,
oname:conc_otype:lst_usecol:sim_time:298.0_obsid:wp1-f3_variable:so4,0.000576318,0.0,conc,,,wp1-f3,conc,lst,298.0,sim,so4,
oname:conc_otype:lst_usecol:sim_time:298.0_obsid:wp4-f5_variable:o0,1.81371e-10,0.0,conc,,,wp4-f5,conc,lst,298.0,sim,o0,
oname:conc_otype:lst_usecol:sim_time:298.0_obsid:wp4-f5_variable:ph,6.87635,0.0,conc,,,wp4-f5,conc,lst,298.0,sim,ph,
oname:conc_otype:lst_usecol:sim_time:298.0_obsid:wp4-f5_variable:so4,0.000716085,0.0,conc,,,wp4-f5,conc,lst,298.0,sim,so4,
oname:conc_otype:lst_usecol:sim_time:299.0_obsid:welopt-ly3_variable:o0,3.90449e-29,0.0,conc,,,welopt-ly3,conc,lst,299.0,sim,o0,
oname:conc_otype:lst_usecol:sim_time:299.0_obsid:welopt-ly3_variable:ph,6.09667,0.0,conc,,,welopt-ly3,conc,lst,299.0,sim,ph,
oname:conc_otype:lst_usecol:sim_time:299.0_obsid:welopt-ly3_variable:so4,0.000509964,0.0,conc,,,welopt-ly3,conc,lst,299.0,sim,so4,
oname:conc_otype:lst_usecol:sim_time:299.0_obsid:wp1-f3_variable:o0,0.000166124,0.0,conc,,,wp1-f3,conc,lst,299.0,sim,o0,
oname:conc_otype:lst_usecol:sim_time:299.0_obsid:wp1-f3_variable:ph,6.92066,0.0,conc,,,wp1-f3,conc,lst,299.0,sim,ph,
oname:conc_otype:lst_usecol:sim_time:299.0_obsid:wp1-f3_variable:so4,0.000576318,0.0,conc,,,wp1-f3,conc,lst,299.0,sim,so4,
oname:conc_otype:lst_usecol:sim_time:299.0_obsid:wp4-f5_variable:o0,1.81371e-10,0.0,conc,,,wp4-f5,conc,lst,299.0,sim,o0,
oname:conc_otype:lst_usecol:sim_time:299.0_obsid:wp4-f5_variable:ph,6.87635,0.0,conc,,,wp4-f5,conc,lst,299.0,sim,ph,
oname:conc_otype:lst_usecol:sim_time:299.0_obsid:wp4-f5_variable:so4,0.000716085,0.0,conc,,,wp4-f5,conc,lst,299.0,sim,so4,
oname:conc_otype:lst_usecol:sim_time:3.0_obsid:welopt-ly3_variable:o0,0.0,0.0,conc,,,welopt-ly3,conc,lst,3.0,sim,o0,
oname:conc_otype:lst_usecol:sim_time:3.0_obsid:welopt-ly3_variable:ph,6.67491,0.0,conc,,,welopt-ly3,conc,lst,3.0,sim,ph,
oname:conc_otype:lst_usecol:sim_time:3.0_obsid:welopt-ly3_variable:so4,5.51205e-05,0.0,conc,,,welopt-ly3,conc,lst,3.0,sim,so4,
oname:conc_otype:lst_usecol:sim_time:3.0_obsid:wp1-f3_variable:o0,0.0,0.0,conc,,,wp1-f3,conc,lst,3.0,sim,o0,0.000326190128606
oname:conc_otype:lst_usecol:sim_time:3.0_obsid:wp1-f3_variable:ph,6.67484,0.6131393394849658,conc,,,wp1-f3,conc,lst,3.0,sim,ph,1.6309506430300091
oname:conc_otype:lst_usecol:sim_time:3.0_obsid:wp1-f3_variable:so4,5.54049e-05,1226.2786789699317,conc,,,wp1-f3,conc,lst,3.0,sim,so4,0.000815475321515
oname:conc_otype:lst_usecol:sim_time:3.0_obsid:wp4-f5_variable:o0,0.0,0.0,conc,,,wp4-f5,conc,lst,3.0,sim,o0,0.0003181194744117
oname:conc_otype:lst_usecol:sim_time:3.0_obsid:wp4-f5_variable:ph,6.67491,0.6286946134619315,conc,,,wp4-f5,conc,lst,3.0,sim,ph,1.5905973720586868
oname:conc_otype:lst_usecol:sim_time:3.0_obsid:wp4-f5_variable:so4,5.51205e-05,1257.389226923863,conc,,,wp4-f5,conc,lst,3.0,sim,so4,0.0007952986860293
oname:conc_otype:lst_usecol:sim_time:30.0_obsid:welopt-ly3_variable:o0,0.0,0.0,conc,,,welopt-ly3,conc,lst,30.0,sim,o0,
oname:conc_otype:lst_usecol:sim_time:30.0_obsid:welopt-ly3_variable:ph,6.67491,0.0,conc,,,welopt-ly3,conc,lst,30.0,sim,ph,
oname:conc_otype:lst_usecol:sim_time:30.0_obsid:welopt-ly3_variable:so4,5.51132e-05,0.0,conc,,,welopt-ly3,conc,lst,30.0,sim,so4,
oname:conc_otype:lst_usecol:sim_time:30.0_obsid:wp1-f3_variable:o0,1.1709299999999999e-27,3065.696697424829,conc,,,wp1-f3,conc,lst,30.0,sim,o0,0.000326190128606
oname:conc_otype:lst_usecol:sim_time:30.0_obsid:wp1-f3_variable:ph,6.40852,0.6131393394849658,conc,,,wp1-f3,conc,lst,30.0,sim,ph,1.6309506430300091
oname:conc_otype:lst_usecol:sim_time:30.0_obsid:wp1-f3_variable:so4,0.000638853,1226.2786789699317,conc,,,wp1-f3,conc,lst,30.0,sim,so4,0.000815475321515
oname:conc_otype:lst_usecol:sim_time:30.0_obsid:wp4-f5_variable:o0,0.0,3143.4730673096574,conc,,,wp4-f5,conc,lst,30.0,sim,o0,0.0003181194744117
oname:conc_otype:lst_usecol:sim_time:30.0_obsid:wp4-f5_variable:ph,6.67329,0.6286946134619315,conc,,,wp4-f5,conc,lst,30.0,sim,ph,1.5905973720586868
oname:conc_otype:lst_usecol:sim_time:30.0_obsid:wp4-f5_variable:so4,5.60541e-05,1257.389226923863,conc,,,wp4-f5,conc,lst,30.0,sim,so4,0.0007952986860293
oname:conc_otype:lst_usecol:sim_time:300.0_obsid:welopt-ly3_variable:o0,3.90449e-29,0.0,conc,,,welopt-ly3,conc,lst,300.0,sim,o0,
oname:conc_otype:lst_usecol:sim_time:300.0_obsid:welopt-ly3_variable:ph,6.09667,0.0,conc,,,welopt-ly3,conc,lst,300.0,sim,ph,
oname:conc_otype:lst_usecol:sim_time:300.0_obsid:welopt-ly3_variable:so4,0.000509964,0.0,conc,,,welopt-ly3,conc,lst,300.0,sim,so4,
oname:conc_otype:lst_usecol:sim_time:300.0_obsid:wp1-f3_variable:o0,0.000166124,0.0,conc,,,wp1-f3,conc,lst,300.0,sim,o0,
oname:conc_otype:lst_usecol:sim_time:300.0_obsid:wp1-f3_variable:ph,6.92066,0.0,conc,,,wp1-f3,conc,lst,300.0,sim,ph,
oname:conc_otype:lst_usecol:sim_time:300.0_obsid:wp1-f3_variable:so4,0.000576318,0.0,conc,,,wp1-f3,conc,lst,300.0,sim,so4,
oname:conc_otype:lst_usecol:sim_time:300.0_obsid:wp4-f5_variable:o0,1.81371e-10,0.0,conc,,,wp4-f5,conc,lst,300.0,sim,o0,
oname:conc_otype:lst_usecol:sim_time:300.0_obsid:wp4-f5_variable:ph,6.87635,0.0,conc,,,wp4-f5,conc,lst,300.0,sim,ph,
oname:conc_otype:lst_usecol:sim_time:300.0_obsid:wp4-f5_variable:so4,0.000716085,0.0,conc,,,wp4-f5,conc,lst,300.0,sim,so4,
oname:conc_otype:lst_usecol:sim_time:301.0_obsid:welopt-ly3_variable:o0,3.90449e-29,0.0,conc,,,welopt-ly3,conc,lst,301.0,sim,o0,
oname:conc_otype:lst_usecol:sim_time:301.0_obsid:welopt-ly3_variable:ph,6.09667,0.0,conc,,,welopt-ly3,conc,lst,301.0,sim,ph,
oname:conc_otype:lst_usecol:sim_time:301.0_obsid:welopt-ly3_variable:so4,0.000509964,0.0,conc,,,welopt-ly3,conc,lst,301.0,sim,so4,
oname:conc_otype:lst_usecol:sim_time:301.0_obsid:wp1-f3_variable:o0,0.000166124,0.0,conc,,,wp1-f3,conc,lst,301.0,sim,o0,
oname:conc_otype:lst_usecol:sim_time:301.0_obsid:wp1-f3_variable:ph,6.92066,0.0,conc,,,wp1-f3,conc,lst,301.0,sim,ph,
oname:conc_otype:lst_usecol:sim_time:301.0_obsid:wp1-f3_variable:so4,0.000576318,0.0,conc,,,wp1-f3,conc,lst,301.0,sim,so4,
oname:conc_otype:lst_usecol:sim_time:301.0_obsid:wp4-f5_variable:o0,1.81371e-10,0.0,conc,,,wp4-f5,conc,lst,301.0,sim,o0,
oname:conc_otype:lst_usecol:sim_time:301.0_obsid:wp4-f5_variable:ph,6.87635,0.0,conc,,,wp4-f5,conc,lst,301.0,sim,ph,
oname:conc_otype:lst_usecol:sim_time:301.0_obsid:wp4-f5_variable:so4,0.000716085,0.0,conc,,,wp4-f5,conc,lst,301.0,sim,so4,
oname:conc_otype:lst_usecol:sim_time:302.0_obsid:welopt-ly3_variable:o0,3.90449e-29,0.0,conc,,,welopt-ly3,conc,lst,302.0,sim,o0,
oname:conc_otype:lst_usecol:sim_time:302.0_obsid:welopt-ly3_variable:ph,6.09667,0.0,conc,,,welopt-ly3,conc,lst,302.0,sim,ph,
oname:conc_otype:lst_usecol:sim_time:302.0_obsid:welopt-ly3_variable:so4,0.000509964,0.0,conc,,,welopt-ly3,conc,lst,302.0,sim,so4,
oname:conc_otype:lst_usecol:sim_time:302.0_obsid:wp1-f3_variable:o0,0.000166124,0.0,conc,,,wp1-f3,conc,lst,302.0,sim,o0,
oname:conc_otype:lst_usecol:sim_time:302.0_obsid:wp1-f3_variable:ph,6.92066,0.0,conc,,,wp1-f3,conc,lst,302.0,sim,ph,
oname:conc_otype:lst_usecol:sim_time:302.0_obsid:wp1-f3_variable:so4,0.000576318,0.0,conc,,,wp1-f3,conc,lst,302.0,sim,so4,
oname:conc_otype:lst_usecol:sim_time:302.0_obsid:wp4-f5_variable:o0,1.81371e-10,0.0,conc,,,wp4-f5,conc,lst,302.0,sim,o0,
oname:conc_otype:lst_usecol:sim_time:302.0_obsid:wp4-f5_variable:ph,6.87635,0.0,conc,,,wp4-f5,conc,lst,302.0,sim,ph,
oname:conc_otype:lst_usecol:sim_time:302.0_obsid:wp4-f5_variable:so4,0.000716085,0.0,conc,,,wp4-f5,conc,lst,302.0,sim,so4,
oname:conc_otype:lst_usecol:sim_time:303.0_obsid:welopt-ly3_variable:o0,2.75988e-29,0.0,conc,,,welopt-ly3,conc,lst,303.0,sim,o0,
oname:conc_otype:lst_usecol:sim_time:303.0_obsid:welopt-ly3_variable:ph,6.09763,0.0,conc,,,welopt-ly3,conc,lst,303.0,sim,ph,
oname:conc_otype:lst_usecol:sim_time:303.0_obsid:welopt-ly3_variable:so4,0.000536933,0.0,conc,,,welopt-ly3,conc,lst,303.0,sim,so4,
oname:conc_otype:lst_usecol:sim_time:303.0_obsid:wp1-f3_variable:o0,0.000155924,0.0,conc,,,wp1-f3,conc,lst,303.0,sim,o0,
oname:conc_otype:lst_usecol:sim_time:303.0_obsid:wp1-f3_variable:ph,6.91693,0.0,conc,,,wp1-f3,conc,lst,303.0,sim,ph,
oname:conc_otype:lst_usecol:sim_time:303.0_obsid:wp1-f3_variable:so4,0.000579023,0.0,conc,,,wp1-f3,conc,lst,303.0,sim,so4,
oname:conc_otype:lst_usecol:sim_time:303.0_obsid:wp4-f5_variable:o0,1.53638e-10,0.0,conc,,,wp4-f5,conc,lst,303.0,sim,o0,
oname:conc_otype:lst_usecol:sim_time:303.0_obsid:wp4-f5_variable:ph,6.88276,0.0,conc,,,wp4-f5,conc,lst,303.0,sim,ph,
oname:conc_otype:lst_usecol:sim_time:303.0_obsid:wp4-f5_variable:so4,0.000732907,0.0,conc,,,wp4-f5,conc,lst,303.0,sim,so4,
oname:conc_otype:lst_usecol:sim_time:304.0_obsid:welopt-ly3_variable:o0,2.75988e-29,0.0,conc,,,welopt-ly3,conc,lst,304.0,sim,o0,
oname:conc_otype:lst_usecol:sim_time:304.0_obsid:welopt-ly3_variable:ph,6.09763,0.0,conc,,,welopt-ly3,conc,lst,304.0,sim,ph,
oname:conc_otype:lst_usecol:sim_time:304.0_obsid:welopt-ly3_variable:so4,0.000536933,0.0,conc,,,welopt-ly3,conc,lst,304.0,sim,so4,
oname:conc_otype:lst_usecol:sim_time:304.0_obsid:wp1-f3_variable:o0,0.000155924,0.0,conc,,,wp1-f3,conc,lst,304.0,sim,o0,
oname:conc_otype:lst_usecol:sim_time:304.0_obsid:wp1-f3_variable:ph,6.91693,0.0,conc,,,wp1-f3,conc,lst,304.0,sim,ph,
oname:conc_otype:lst_usecol:sim_time:304.0_obsid:wp1-f3_variable:so4,0.000579023,0.0,conc,,,wp1-f3,conc,lst,304.0,sim,so4,
oname:conc_otype:lst_usecol:sim_time:304.0_obsid:wp4-f5_variable:o0,1.53638e-10,0.0,conc,,,wp4-f5,conc,lst,304.0,sim,o0,
oname:conc_otype:lst_usecol:sim_time:304.0_obsid:wp4-f5_variable:ph,6.88276,0.0,conc,,,wp4-f5,conc,lst,304.0,sim,ph,
oname:conc_otype:lst_usecol:sim_time:304.0_obsid:wp4-f5_variable:so4,0.000732907,0.0,conc,,,wp4-f5,conc,lst,304.0,sim,so4,
oname:conc_otype:lst_usecol:sim_time:305.0_obsid:welopt-ly3_variable:o0,2.75988e-29,0.0,conc,,,welopt-ly3,conc,lst,305.0,sim,o0,
oname:conc_otype:lst_usecol:sim_time:305.0_obsid:welopt-ly3_variable:ph,6.09763,0.0,conc,,,welopt-ly3,conc,lst,305.0,sim,ph,
oname:conc_otype:lst_usecol:sim_time:305.0_obsid:welopt-ly3_variable:so4,0.000536933,0.0,conc,,,welopt-ly3,conc,lst,305.0,sim,so4,
oname:conc_otype:lst_usecol:sim_time:305.0_obsid:wp1-f3_variable:o0,0.000155924,0.0,conc,,,wp1-f3,conc,lst,305.0,sim,o0,
oname:conc_otype:lst_usecol:sim_time:305.0_obsid:wp1-f3_variable:ph,6.91693,0.0,conc,,,wp1-f3,conc,lst,305.0,sim,ph,
oname:conc_otype:lst_usecol:sim_time:305.0_obsid:wp1-f3_variable:so4,0.000579023,0.0,conc,,,wp1-f3,conc,lst,305.0,sim,so4,
oname:conc_otype:lst_usecol:sim_time:305.0_obsid:wp4-f5_variable:o0,1.53638e-10,0.0,conc,,,wp4-f5,conc,lst,305.0,sim,o0,
oname:conc_otype:lst_usecol:sim_time:305.0_obsid:wp4-f5_variable:ph,6.88276,0.0,conc,,,wp4-f5,conc,lst,305.0,sim,ph,
oname:conc_otype:lst_usecol:sim_time:305.0_obsid:wp4-f5_variable:so4,0.000732907,0.0,conc,,,wp4-f5,conc,lst,305.0,sim,so4,
oname:conc_otype:lst_usecol:sim_time:306.0_obsid:welopt-ly3_variable:o0,2.75988e-29,0.0,conc,,,welopt-ly3,conc,lst,306.0,sim,o0,
oname:conc_otype:lst_usecol:sim_time:306.0_obsid:welopt-ly3_variable:ph,6.09763,0.0,conc,,,welopt-ly3,conc,lst,306.0,sim,ph,
oname:conc_otype:lst_usecol:sim_time:306.0_obsid:welopt-ly3_variable:so4,0.000536933,0.0,conc,,,welopt-ly3,conc,lst,306.0,sim,so4,
oname:conc_otype:lst_usecol:sim_time:306.0_obsid:wp1-f3_variable:o0,0.000155924,0.0,conc,,,wp1-f3,conc,lst,306.0,sim,o0,
oname:conc_otype:lst_usecol:sim_time:306.0_obsid:wp1-f3_variable:ph,6.91693,0.0,conc,,,wp1-f3,conc,lst,306.0,sim,ph,
oname:conc_otype:lst_usecol:sim_time:306.0_obsid:wp1-f3_variable:so4,0.000579023,0.0,conc,,,wp1-f3,conc,lst,306.0,sim,so4,
oname:conc_otype:lst_usecol:sim_time:306.0_obsid:wp4-f5_variable:o0,1.53638e-10,0.0,conc,,,wp4-f5,conc,lst,306.0,sim,o0,
oname:conc_otype:lst_usecol:sim_time:306.0_obsid:wp4-f5_variable:ph,6.88276,0.0,conc,,,wp4-f5,conc,lst,306.0,sim,ph,
oname:conc_otype:lst_usecol:sim_time:306.0_obsid:wp4-f5_variable:so4,0.000732907,0.0,conc,,,wp4-f5,conc,lst,306.0,sim,so4,
oname:conc_otype:lst_usecol:sim_time:307.0_obsid:welopt-ly3_variable:o0,2.75988e-29,0.0,conc,,,welopt-ly3,conc,lst,307.0,sim,o0,
oname:conc_otype:lst_usecol:sim_time:307.0_obsid:welopt-ly3_variable:ph,6.09763,0.0,conc,,,welopt-ly3,conc,lst,307.0,sim,ph,
oname:conc_otype:lst_usecol:sim_time:307.0_obsid:welopt-ly3_variable:so4,0.000536933,0.0,conc,,,welopt-ly3,conc,lst,307.0,sim,so4,
oname:conc_otype:lst_usecol:sim_time:307.0_obsid:wp1-f3_variable:o0,0.000155924,0.0,conc,,,wp1-f3,conc,lst,307.0,sim,o0,
oname:conc_otype:lst_usecol:sim_time:307.0_obsid:wp1-f3_variable:ph,6.91693,0.0,conc,,,wp1-f3,conc,lst,307.0,sim,ph,
oname:conc_otype:lst_usecol:sim_time:307.0_obsid:wp1-f3_variable:so4,0.000579023,0.0,conc,,,wp1-f3,conc,lst,307.0,sim,so4,
oname:conc_otype:lst_usecol:sim_time:307.0_obsid:wp4-f5_variable:o0,1.53638e-10,0.0,conc,,,wp4-f5,conc,lst,307.0,sim,o0,
oname:conc_otype:lst_usecol:sim_time:307.0_obsid:wp4-f5_variable:ph,6.88276,0.0,conc,,,wp4-f5,conc,lst,307.0,sim,ph,
oname:conc_otype:lst_usecol:sim_time:307.0_obsid:wp4-f5_variable:so4,0.000732907,0.0,conc,,,wp4-f5,conc,lst,307.0,sim,so4,
oname:conc_otype:lst_usecol:sim_time:308.062_obsid:wp1-f3_variable:o0,0.000155924,0.0,conc,,,wp1-f3,conc,lst,308.062,sim,o0,
oname:conc_otype:lst_usecol:sim_time:308.062_obsid:wp1-f3_variable:ph,6.91693,0.0,conc,,,wp1-f3,conc,lst,308.062,sim,ph,
oname:conc_otype:lst_usecol:sim_time:308.062_obsid:wp1-f3_variable:so4,0.000579023,0.0,conc,,,wp1-f3,conc,lst,308.062,sim,so4,
oname:conc_otype:lst_usecol:sim_time:308.0_obsid:welopt-ly1_variable:so4,5.50723e-05,0.0,forecast,,,welopt-ly1,conc,lst,308.0,sim,so4,
oname:conc_otype:lst_usecol:sim_time:308.0_obsid:welopt-ly3_variable:o0,2.75988e-29,0.0,conc,,,welopt-ly3,conc,lst,308.0,sim,o0,
oname:conc_otype:lst_usecol:sim_time:308.0_obsid:welopt-ly3_variable:ph,6.09763,0.0,conc,,,welopt-ly3,conc,lst,308.0,sim,ph,
oname:conc_otype:lst_usecol:sim_time:308.0_obsid:welopt-ly3_variable:so4,0.000536933,0.0,forecast,,,welopt-ly3,conc,lst,308.0,sim,so4,
oname:conc_otype:lst_usecol:sim_time:308.0_obsid:welopt-ly5_variable:so4,0.000659051,0.0,forecast,,,welopt-ly5,conc,lst,308.0,sim,so4,
oname:conc_otype:lst_usecol:sim_time:308.0_obsid:wp1-f3_variable:o0,0.000155924,0.0,conc,,,wp1-f3,conc,lst,308.0,sim,o0,
oname:conc_otype:lst_usecol:sim_time:308.0_obsid:wp1-f3_variable:ph,6.91693,0.0,conc,,,wp1-f3,conc,lst,308.0,sim,ph,
oname:conc_otype:lst_usecol:sim_time:308.0_obsid:wp1-f3_variable:so4,0.000579023,0.0,conc,,,wp1-f3,conc,lst,308.0,sim,so4,
oname:conc_otype:lst_usecol:sim_time:308.0_obsid:wp4-f5_variable:o0,1.53638e-10,0.0,conc,,,wp4-f5,conc,lst,308.0,sim,o0,
oname:conc_otype:lst_usecol:sim_time:308.0_obsid:wp4-f5_variable:ph,6.88276,0.0,conc,,,wp4-f5,conc,lst,308.0,sim,ph,
oname:conc_otype:lst_usecol:sim_time:308.0_obsid:wp4-f5_variable:so4,0.000732907,0.0,conc,,,wp4-f5,conc,lst,308.0,sim,so4,
oname:conc_otype:lst_usecol:sim_time:309.0_obsid:welopt-ly1_variable:so4,5.50723e-05,0.0,forecast,,,welopt-ly1,conc,lst,309.0,sim,so4,
oname:conc_otype:lst_usecol:sim_time:309.0_obsid:welopt-ly3_variable:o0,2.75988e-29,0.0,conc,,,welopt-ly3,conc,lst,309.0,sim,o0,
oname:conc_otype:lst_usecol:sim_time:309.0_obsid:welopt-ly3_variable:ph,6.09763,0.0,conc,,,welopt-ly3,conc,lst,309.0,sim,ph,
oname:conc_otype:lst_usecol:sim_time:309.0_obsid:welopt-ly3_variable:so4,0.000536933,0.0,forecast,,,welopt-ly3,conc,lst,309.0,sim,so4,
oname:conc_otype:lst_usecol:sim_time:309.0_obsid:welopt-ly5_variable:so4,0.000659051,0.0,forecast,,,welopt-ly5,conc,lst,309.0,sim,so4,
oname:conc_otype:lst_usecol:sim_time:309.0_obsid:wp1-f3_variable:o0,0.000155924,0.0,conc,,,wp1-f3,conc,lst,309.0,sim,o0,
oname:conc_otype:lst_usecol:sim_time:309.0_obsid:wp1-f3_variable:ph,6.91693,0.0,conc,,,wp1-f3,conc,lst,309.0,sim,ph,
oname:conc_otype:lst_usecol:sim_time:309.0_obsid:wp1-f3_variable:so4,0.000579023,0.0,conc,,,wp1-f3,conc,lst,309.0,sim,so4,
oname:conc_otype:lst_usecol:sim_time:309.0_obsid:wp4-f5_variable:o0,1.53638e-10,0.0,conc,,,wp4-f5,conc,lst,309.0,sim,o0,
oname:conc_otype:lst_usecol:sim_time:309.0_obsid:wp4-f5_variable:ph,6.88276,0.0,conc,,,wp4-f5,conc,lst,309.0,sim,ph,
oname:conc_otype:lst_usecol:sim_time:309.0_obsid:wp4-f5_variable:so4,0.000732907,0.0,conc,,,wp4-f5,conc,lst,309.0,sim,so4,
oname:conc_otype:lst_usecol:sim_time:31.0_obsid:welopt-ly3_variable:o0,0.0,0.0,conc,,,welopt-ly3,conc,lst,31.0,sim,o0,
oname:conc_otype:lst_usecol:sim_time:31.0_obsid:welopt-ly3_variable:ph,6.67491,0.0,conc,,,welopt-ly3,conc,lst,31.0,sim,ph,
oname:conc_otype:lst_usecol:sim_time:31.0_obsid:welopt-ly3_variable:so4,5.51132e-05,0.0,conc,,,welopt-ly3,conc,lst,31.0,sim,so4,
oname:conc_otype:lst_usecol:sim_time:31.0_obsid:wp1-f3_variable:o0,1.1709299999999999e-27,3065.696697424829,conc,,,wp1-f3,conc,lst,31.0,sim,o0,0.000326190128606
oname:conc_otype:lst_usecol:sim_time:31.0_obsid:wp1-f3_variable:ph,6.40852,0.6131393394849658,conc,,,wp1-f3,conc,lst,31.0,sim,ph,1.6309506430300091
oname:conc_otype:lst_usecol:sim_time:31.0_obsid:wp1-f3_variable:so4,0.000638853,1226.2786789699317,conc,,,wp1-f3,conc,lst,31.0,sim,so4,0.000815475321515
oname:conc_otype:lst_usecol:sim_time:31.0_obsid:wp4-f5_variable:o0,0.0,3143.4730673096574,conc,,,wp4-f5,conc,lst,31.0,sim,o0,0.0003181194744117
oname:conc_otype:lst_usecol:sim_time:31.0_obsid:wp4-f5_variable:ph,6.67329,0.6286946134619315,conc,,,wp4-f5,conc,lst,31.0,sim,ph,1.5905973720586868
oname:conc_otype:lst_usecol:sim_time:31.0_obsid:wp4-f5_variable:so4,5.60541e-05,1257.389226923863,conc,,,wp4-f5,conc,lst,31.0,sim,so4,0.0007952986860293
oname:conc_otype:lst_usecol:sim_time:310.0_obsid:welopt-ly1_variable:so4,5.58244e-05,0.0,forecast,,,welopt-ly1,conc,lst,310.0,sim,so4,
oname:conc_otype:lst_usecol:sim_time:310.0_obsid:welopt-ly3_variable:o0,1.51327e-29,0.0,conc,,,welopt-ly3,conc,lst,310.0,sim,o0,
oname:conc_otype:lst_usecol:sim_time:310.0_obsid:welopt-ly3_variable:ph,6.12629,0.0,conc,,,welopt-ly3,conc,lst,310.0,sim,ph,
oname:conc_otype:lst_usecol:sim_time:310.0_obsid:welopt-ly3_variable:so4,0.000573029,0.0,forecast,,,welopt-ly3,conc,lst,310.0,sim,so4,
oname:conc_otype:lst_usecol:sim_time:310.0_obsid:welopt-ly5_variable:so4,0.000695369,0.0,forecast,,,welopt-ly5,conc,lst,310.0,sim,so4,
oname:conc_otype:lst_usecol:sim_time:310.0_obsid:wp1-f3_variable:o0,0.000112076,0.0,conc,,,wp1-f3,conc,lst,310.0,sim,o0,
oname:conc_otype:lst_usecol:sim_time:310.0_obsid:wp1-f3_variable:ph,6.8774,0.0,conc,,,wp1-f3,conc,lst,310.0,sim,ph,
oname:conc_otype:lst_usecol:sim_time:310.0_obsid:wp1-f3_variable:so4,0.000566447,0.0,conc,,,wp1-f3,conc,lst,310.0,sim,so4,
oname:conc_otype:lst_usecol:sim_time:310.0_obsid:wp4-f5_variable:o0,1.3977e-10,0.0,conc,,,wp4-f5,conc,lst,310.0,sim,o0,
oname:conc_otype:lst_usecol:sim_time:310.0_obsid:wp4-f5_variable:ph,6.88268,0.0,conc,,,wp4-f5,conc,lst,310.0,sim,ph,
oname:conc_otype:lst_usecol:sim_time:310.0_obsid:wp4-f5_variable:so4,0.000742103,0.0,conc,,,wp4-f5,conc,lst,310.0,sim,so4,
oname:conc_otype:lst_usecol:sim_time:311.0_obsid:welopt-ly1_variable:so4,5.58244e-05,0.0,forecast,,,welopt-ly1,conc,lst,311.0,sim,so4,
oname:conc_otype:lst_usecol:sim_time:311.0_obsid:welopt-ly3_variable:o0,1.51327e-29,0.0,conc,,,welopt-ly3,conc,lst,311.0,sim,o0,
oname:conc_otype:lst_usecol:sim_time:311.0_obsid:welopt-ly3_variable:ph,6.12629,0.0,conc,,,welopt-ly3,conc,lst,311.0,sim,ph,
oname:conc_otype:lst_usecol:sim_time:311.0_obsid:welopt-ly3_variable:so4,0.000573029,0.0,forecast,,,welopt-ly3,conc,lst,311.0,sim,so4,
oname:conc_otype:lst_usecol:sim_time:311.0_obsid:welopt-ly5_variable:so4,0.000695369,0.0,forecast,,,welopt-ly5,conc,lst,311.0,sim,so4,
oname:conc_otype:lst_usecol:sim_time:311.0_obsid:wp1-f3_variable:o0,0.000112076,0.0,conc,,,wp1-f3,conc,lst,311.0,sim,o0,
oname:conc_otype:lst_usecol:sim_time:311.0_obsid:wp1-f3_variable:ph,6.8774,0.0,conc,,,wp1-f3,conc,lst,311.0,sim,ph,
oname:conc_otype:lst_usecol:sim_time:311.0_obsid:wp1-f3_variable:so4,0.000566447,0.0,conc,,,wp1-f3,conc,lst,311.0,sim,so4,
oname:conc_otype:lst_usecol:sim_time:311.0_obsid:wp4-f5_variable:o0,1.3977e-10,0.0,conc,,,wp4-f5,conc,lst,311.0,sim,o0,
oname:conc_otype:lst_usecol:sim_time:311.0_obsid:wp4-f5_variable:ph,6.88268,0.0,conc,,,wp4-f5,conc,lst,311.0,sim,ph,
oname:conc_otype:lst_usecol:sim_time:311.0_obsid:wp4-f5_variable:so4,0.000742103,0.0,conc,,,wp4-f5,conc,lst,311.0,sim,so4,
oname:conc_otype:lst_usecol:sim_time:312.0_obsid:welopt-ly1_variable:so4,5.58244e-05,0.0,forecast,,,welopt-ly1,conc,lst,312.0,sim,so4,
oname:conc_otype:lst_usecol:sim_time:312.0_obsid:welopt-ly3_variable:o0,1.51327e-29,0.0,conc,,,welopt-ly3,conc,lst,312.0,sim,o0,
oname:conc_otype:lst_usecol:sim_time:312.0_obsid:welopt-ly3_variable:ph,6.12629,0.0,conc,,,welopt-ly3,conc,lst,312.0,sim,ph,
oname:conc_otype:lst_usecol:sim_time:312.0_obsid:welopt-ly3_variable:so4,0.000573029,0.0,forecast,,,welopt-ly3,conc,lst,312.0,sim,so4,
oname:conc_otype:lst_usecol:sim_time:312.0_obsid:welopt-ly5_variable:so4,0.000695369,0.0,forecast,,,welopt-ly5,conc,lst,312.0,sim,so4,
oname:conc_otype:lst_usecol:sim_time:312.0_obsid:wp1-f3_variable:o0,0.000112076,0.0,conc,,,wp1-f3,conc,lst,312.0,sim,o0,
oname:conc_otype:lst_usecol:sim_time:312.0_obsid:wp1-f3_variable:ph,6.8774,0.0,conc,,,wp1-f3,conc,lst,312.0,sim,ph,
oname:conc_otype:lst_usecol:sim_time:312.0_obsid:wp1-f3_variable:so4,0.000566447,0.0,conc,,,wp1-f3,conc,lst,312.0,sim,so4,
oname:conc_otype:lst_usecol:sim_time:312.0_obsid:wp4-f5_variable:o0,1.3977e-10,0.0,conc,,,wp4-f5,conc,lst,312.0,sim,o0,
oname:conc_otype:lst_usecol:sim_time:312.0_obsid:wp4-f5_variable:ph,6.88268,0.0,conc,,,wp4-f5,conc,lst,312.0,sim,ph,
oname:conc_otype:lst_usecol:sim_time:312.0_obsid:wp4-f5_variable:so4,0.000742103,0.0,conc,,,wp4-f5,conc,lst,312.0,sim,so4,
oname:conc_otype:lst_usecol:sim_time:313.0_obsid:welopt-ly1_variable:so4,5.58244e-05,0.0,forecast,,,welopt-ly1,conc,lst,313.0,sim,so4,
oname:conc_otype:lst_usecol:sim_time:313.0_obsid:welopt-ly3_variable:o0,1.51327e-29,0.0,conc,,,welopt-ly3,conc,lst,313.0,sim,o0,
oname:conc_otype:lst_usecol:sim_time:313.0_obsid:welopt-ly3_variable:ph,6.12629,0.0,conc,,,welopt-ly3,conc,lst,313.0,sim,ph,
oname:conc_otype:lst_usecol:sim_time:313.0_obsid:welopt-ly3_variable:so4,0.000573029,0.0,forecast,,,welopt-ly3,conc,lst,313.0,sim,so4,
oname:conc_otype:lst_usecol:sim_time:313.0_obsid:welopt-ly5_variable:so4,0.000695369,0.0,forecast,,,welopt-ly5,conc,lst,313.0,sim,so4,
oname:conc_otype:lst_usecol:sim_time:313.0_obsid:wp1-f3_variable:o0,0.000112076,0.0,conc,,,wp1-f3,conc,lst,313.0,sim,o0,
oname:conc_otype:lst_usecol:sim_time:313.0_obsid:wp1-f3_variable:ph,6.8774,0.0,conc,,,wp1-f3,conc,lst,313.0,sim,ph,
oname:conc_otype:lst_usecol:sim_time:313.0_obsid:wp1-f3_variable:so4,0.000566447,0.0,conc,,,wp1-f3,conc,lst,313.0,sim,so4,
oname:conc_otype:lst_usecol:sim_time:313.0_obsid:wp4-f5_variable:o0,1.3977e-10,0.0,conc,,,wp4-f5,conc,lst,313.0,sim,o0,
oname:conc_otype:lst_usecol:sim_time:313.0_obsid:wp4-f5_variable:ph,6.88268,0.0,conc,,,wp4-f5,conc,lst,313.0,sim,ph,
oname:conc_otype:lst_usecol:sim_time:313.0_obsid:wp4-f5_variable:so4,0.000742103,0.0,conc,,,wp4-f5,conc,lst,313.0,sim,so4,
oname:conc_otype:lst_usecol:sim_time:314.0_obsid:welopt-ly1_variable:so4,5.58244e-05,0.0,forecast,,,welopt-ly1,conc,lst,314.0,sim,so4,
oname:conc_otype:lst_usecol:sim_time:314.0_obsid:welopt-ly3_variable:o0,1.51327e-29,0.0,conc,,,welopt-ly3,conc,lst,314.0,sim,o0,
oname:conc_otype:lst_usecol:sim_time:314.0_obsid:welopt-ly3_variable:ph,6.12629,0.0,conc,,,welopt-ly3,conc,lst,314.0,sim,ph,
oname:conc_otype:lst_usecol:sim_time:314.0_obsid:welopt-ly3_variable:so4,0.000573029,0.0,forecast,,,welopt-ly3,conc,lst,314.0,sim,so4,
oname:conc_otype:lst_usecol:sim_time:314.0_obsid:welopt-ly5_variable:so4,0.000695369,0.0,forecast,,,welopt-ly5,conc,lst,314.0,sim,so4,
oname:conc_otype:lst_usecol:sim_time:314.0_obsid:wp1-f3_variable:o0,0.000112076,0.0,conc,,,wp1-f3,conc,lst,314.0,sim,o0,
oname:conc_otype:lst_usecol:sim_time:314.0_obsid:wp1-f3_variable:ph,6.8774,0.0,conc,,,wp1-f3,conc,lst,314.0,sim,ph,
oname:conc_otype:lst_usecol:sim_time:314.0_obsid:wp1-f3_variable:so4,0.000566447,0.0,conc,,,wp1-f3,conc,lst,314.0,sim,so4,
oname:conc_otype:lst_usecol:sim_time:314.0_obsid:wp4-f5_variable:o0,1.3977e-10,0.0,conc,,,wp4-f5,conc,lst,314.0,sim,o0,
oname:conc_otype:lst_usecol:sim_time:314.0_obsid:wp4-f5_variable:ph,6.88268,0.0,conc,,,wp4-f5,conc,lst,314.0,sim,ph,
oname:conc_otype:lst_usecol:sim_time:314.0_obsid:wp4-f5_variable:so4,0.000742103,0.0,conc,,,wp4-f5,conc,lst,314.0,sim,so4,
oname:conc_otype:lst_usecol:sim_time:315.0_obsid:welopt-ly1_variable:so4,5.58244e-05,0.0,forecast,,,welopt-ly1,conc,lst,315.0,sim,so4,
oname:conc_otype:lst_usecol:sim_time:315.0_obsid:welopt-ly3_variable:o0,1.51327e-29,0.0,conc,,,welopt-ly3,conc,lst,315.0,sim,o0,
oname:conc_otype:lst_usecol:sim_time:315.0_obsid:welopt-ly3_variable:ph,6.12629,0.0,conc,,,welopt-ly3,conc,lst,315.0,sim,ph,
oname:conc_otype:lst_usecol:sim_time:315.0_obsid:welopt-ly3_variable:so4,0.000573029,0.0,forecast,,,welopt-ly3,conc,lst,315.0,sim,so4,
oname:conc_otype:lst_usecol:sim_time:315.0_obsid:welopt-ly5_variable:so4,0.000695369,0.0,forecast,,,welopt-ly5,conc,lst,315.0,sim,so4,
oname:conc_otype:lst_usecol:sim_time:315.0_obsid:wp1-f3_variable:o0,0.000112076,0.0,conc,,,wp1-f3,conc,lst,315.0,sim,o0,
oname:conc_otype:lst_usecol:sim_time:315.0_obsid:wp1-f3_variable:ph,6.8774,0.0,conc,,,wp1-f3,conc,lst,315.0,sim,ph,
oname:conc_otype:lst_usecol:sim_time:315.0_obsid:wp1-f3_variable:so4,0.000566447,0.0,conc,,,wp1-f3,conc,lst,315.0,sim,so4,
oname:conc_otype:lst_usecol:sim_time:315.0_obsid:wp4-f5_variable:o0,1.3977e-10,0.0,conc,,,wp4-f5,conc,lst,315.0,sim,o0,
oname:conc_otype:lst_usecol:sim_time:315.0_obsid:wp4-f5_variable:ph,6.88268,0.0,conc,,,wp4-f5,conc,lst,315.0,sim,ph,
oname:conc_otype:lst_usecol:sim_time:315.0_obsid:wp4-f5_variable:so4,0.000742103,0.0,conc,,,wp4-f5,conc,lst,315.0,sim,so4,
oname:conc_otype:lst_usecol:sim_time:316.0_obsid:welopt-ly1_variable:so4,5.58244e-05,0.0,forecast,,,welopt-ly1,conc,lst,316.0,sim,so4,
oname:conc_otype:lst_usecol:sim_time:316.0_obsid:welopt-ly3_variable:o0,1.51327e-29,0.0,conc,,,welopt-ly3,conc,lst,316.0,sim,o0,
oname:conc_otype:lst_usecol:sim_time:316.0_obsid:welopt-ly3_variable:ph,6.12629,0.0,conc,,,welopt-ly3,conc,lst,316.0,sim,ph,
oname:conc_otype:lst_usecol:sim_time:316.0_obsid:welopt-ly3_variable:so4,0.000573029,0.0,forecast,,,welopt-ly3,conc,lst,316.0,sim,so4,
oname:conc_otype:lst_usecol:sim_time:316.0_obsid:welopt-ly5_variable:so4,0.000695369,0.0,forecast,,,welopt-ly5,conc,lst,316.0,sim,so4,
oname:conc_otype:lst_usecol:sim_time:316.0_obsid:wp1-f3_variable:o0,0.000112076,0.0,conc,,,wp1-f3,conc,lst,316.0,sim,o0,
oname:conc_otype:lst_usecol:sim_time:316.0_obsid:wp1-f3_variable:ph,6.8774,0.0,conc,,,wp1-f3,conc,lst,316.0,sim,ph,
oname:conc_otype:lst_usecol:sim_time:316.0_obsid:wp1-f3_variable:so4,0.000566447,0.0,conc,,,wp1-f3,conc,lst,316.0,sim,so4,
oname:conc_otype:lst_usecol:sim_time:316.0_obsid:wp4-f5_variable:o0,1.3977e-10,0.0,conc,,,wp4-f5,conc,lst,316.0,sim,o0,
oname:conc_otype:lst_usecol:sim_time:316.0_obsid:wp4-f5_variable:ph,6.88268,0.0,conc,,,wp4-f5,conc,lst,316.0,sim,ph,
oname:conc_otype:lst_usecol:sim_time:316.0_obsid:wp4-f5_variable:so4,0.000742103,0.0,conc,,,wp4-f5,conc,lst,316.0,sim,so4,
oname:conc_otype:lst_usecol:sim_time:317.0_obsid:welopt-ly1_variable:so4,5.78778e-05,0.0,forecast,,,welopt-ly1,conc,lst,317.0,sim,so4,
oname:conc_otype:lst_usecol:sim_time:317.0_obsid:welopt-ly3_variable:o0,1.62194e-30,0.0,conc,,,welopt-ly3,conc,lst,317.0,sim,o0,
oname:conc_otype:lst_usecol:sim_time:317.0_obsid:welopt-ly3_variable:ph,6.29084,0.0,conc,,,welopt-ly3,conc,lst,317.0,sim,ph,
oname:conc_otype:lst_usecol:sim_time:317.0_obsid:welopt-ly3_variable:so4,0.00060003,0.0,forecast,,,welopt-ly3,conc,lst,317.0,sim,so4,
oname:conc_otype:lst_usecol:sim_time:317.0_obsid:welopt-ly5_variable:so4,0.000678905,0.0,forecast,,,welopt-ly5,conc,lst,317.0,sim,so4,
oname:conc_otype:lst_usecol:sim_time:317.0_obsid:wp1-f3_variable:o0,3.24263e-09,0.0,conc,,,wp1-f3,conc,lst,317.0,sim,o0,
oname:conc_otype:lst_usecol:sim_time:317.0_obsid:wp1-f3_variable:ph,6.75699,0.0,conc,,,wp1-f3,conc,lst,317.0,sim,ph,
oname:conc_otype:lst_usecol:sim_time:317.0_obsid:wp1-f3_variable:so4,0.00054607,0.0,conc,,,wp1-f3,conc,lst,317.0,sim,so4,
oname:conc_otype:lst_usecol:sim_time:317.0_obsid:wp4-f5_variable:o0,1.05529e-10,0.0,conc,,,wp4-f5,conc,lst,317.0,sim,o0,
oname:conc_otype:lst_usecol:sim_time:317.0_obsid:wp4-f5_variable:ph,6.87795,0.0,conc,,,wp4-f5,conc,lst,317.0,sim,ph,
oname:conc_otype:lst_usecol:sim_time:317.0_obsid:wp4-f5_variable:so4,0.000723806,0.0,conc,,,wp4-f5,conc,lst,317.0,sim,so4,
oname:conc_otype:lst_usecol:sim_time:318.0_obsid:welopt-ly1_variable:so4,5.78778e-05,0.0,forecast,,,welopt-ly1,conc,lst,318.0,sim,so4,
oname:conc_otype:lst_usecol:sim_time:318.0_obsid:welopt-ly3_variable:o0,1.62194e-30,0.0,conc,,,welopt-ly3,conc,lst,318.0,sim,o0,
oname:conc_otype:lst_usecol:sim_time:318.0_obsid:welopt-ly3_variable:ph,6.29084,0.0,conc,,,welopt-ly3,conc,lst,318.0,sim,ph,
oname:conc_otype:lst_usecol:sim_time:318.0_obsid:welopt-ly3_variable:so4,0.00060003,0.0,forecast,,,welopt-ly3,conc,lst,318.0,sim,so4,
oname:conc_otype:lst_usecol:sim_time:318.0_obsid:welopt-ly5_variable:so4,0.000678905,0.0,forecast,,,welopt-ly5,conc,lst,318.0,sim,so4,
oname:conc_otype:lst_usecol:sim_time:318.0_obsid:wp1-f3_variable:o0,3.24263e-09,0.0,conc,,,wp1-f3,conc,lst,318.0,sim,o0,
oname:conc_otype:lst_usecol:sim_time:318.0_obsid:wp1-f3_variable:ph,6.75699,0.0,conc,,,wp1-f3,conc,lst,318.0,sim,ph,
oname:conc_otype:lst_usecol:sim_time:318.0_obsid:wp1-f3_variable:so4,0.00054607,0.0,conc,,,wp1-f3,conc,lst,318.0,sim,so4,
oname:conc_otype:lst_usecol:sim_time:318.0_obsid:wp4-f5_variable:o0,1.05529e-10,0.0,conc,,,wp4-f5,conc,lst,318.0,sim,o0,
oname:conc_otype:lst_usecol:sim_time:318.0_obsid:wp4-f5_variable:ph,6.87795,0.0,conc,,,wp4-f5,conc,lst,318.0,sim,ph,
oname:conc_otype:lst_usecol:sim_time:318.0_obsid:wp4-f5_variable:so4,0.000723806,0.0,conc,,,wp4-f5,conc,lst,318.0,sim,so4,
oname:conc_otype:lst_usecol:sim_time:319.0_obsid:welopt-ly1_variable:so4,5.78778e-05,0.0,forecast,,,welopt-ly1,conc,lst,319.0,sim,so4,
oname:conc_otype:lst_usecol:sim_time:319.0_obsid:welopt-ly3_variable:o0,1.62194e-30,0.0,conc,,,welopt-ly3,conc,lst,319.0,sim,o0,
oname:conc_otype:lst_usecol:sim_time:319.0_obsid:welopt-ly3_variable:ph,6.29084,0.0,conc,,,welopt-ly3,conc,lst,319.0,sim,ph,
oname:conc_otype:lst_usecol:sim_time:319.0_obsid:welopt-ly3_variable:so4,0.00060003,0.0,forecast,,,welopt-ly3,conc,lst,319.0,sim,so4,
oname:conc_otype:lst_usecol:sim_time:319.0_obsid:welopt-ly5_variable:so4,0.000678905,0.0,forecast,,,welopt-ly5,conc,lst,319.0,sim,so4,
oname:conc_otype:lst_usecol:sim_time:319.0_obsid:wp1-f3_variable:o0,3.24263e-09,0.0,conc,,,wp1-f3,conc,lst,319.0,sim,o0,
oname:conc_otype:lst_usecol:sim_time:319.0_obsid:wp1-f3_variable:ph,6.75699,0.0,conc,,,wp1-f3,conc,lst,319.0,sim,ph,
oname:conc_otype:lst_usecol:sim_time:319.0_obsid:wp1-f3_variable:so4,0.00054607,0.0,conc,,,wp1-f3,conc,lst,319.0,sim,so4,
oname:conc_otype:lst_usecol:sim_time:319.0_obsid:wp4-f5_variable:o0,1.05529e-10,0.0,conc,,,wp4-f5,conc,lst,319.0,sim,o0,
oname:conc_otype:lst_usecol:sim_time:319.0_obsid:wp4-f5_variable:ph,6.87795,0.0,conc,,,wp4-f5,conc,lst,319.0,sim,ph,
oname:conc_otype:lst_usecol:sim_time:319.0_obsid:wp4-f5_variable:so4,0.000723806,0.0,conc,,,wp4-f5,conc,lst,319.0,sim,so4,
oname:conc_otype:lst_usecol:sim_time:32.0_obsid:welopt-ly3_variable:o0,0.0,0.0,conc,,,welopt-ly3,conc,lst,32.0,sim,o0,
oname:conc_otype:lst_usecol:sim_time:32.0_obsid:welopt-ly3_variable:ph,6.67491,0.0,conc,,,welopt-ly3,conc,lst,32.0,sim,ph,
oname:conc_otype:lst_usecol:sim_time:32.0_obsid:welopt-ly3_variable:so4,5.51132e-05,0.0,conc,,,welopt-ly3,conc,lst,32.0,sim,so4,
oname:conc_otype:lst_usecol:sim_time:32.0_obsid:wp1-f3_variable:o0,1.1709299999999999e-27,3065.696697424829,conc,,,wp1-f3,conc,lst,32.0,sim,o0,0.000326190128606
oname:conc_otype:lst_usecol:sim_time:32.0_obsid:wp1-f3_variable:ph,6.40852,0.6131393394849658,conc,,,wp1-f3,conc,lst,32.0,sim,ph,1.6309506430300091
oname:conc_otype:lst_usecol:sim_time:32.0_obsid:wp1-f3_variable:so4,0.000638853,1226.2786789699317,conc,,,wp1-f3,conc,lst,32.0,sim,so4,0.000815475321515
oname:conc_otype:lst_usecol:sim_time:32.0_obsid:wp4-f5_variable:o0,0.0,3143.4730673096574,conc,,,wp4-f5,conc,lst,32.0,sim,o0,0.0003181194744117
oname:conc_otype:lst_usecol:sim_time:32.0_obsid:wp4-f5_variable:ph,6.67329,0.6286946134619315,conc,,,wp4-f5,conc,lst,32.0,sim,ph,1.5905973720586868
oname:conc_otype:lst_usecol:sim_time:32.0_obsid:wp4-f5_variable:so4,5.60541e-05,1257.389226923863,conc,,,wp4-f5,conc,lst,32.0,sim,so4,0.0007952986860293
oname:conc_otype:lst_usecol:sim_time:320.0_obsid:welopt-ly1_variable:so4,5.78778e-05,0.0,forecast,,,welopt-ly1,conc,lst,320.0,sim,so4,
oname:conc_otype:lst_usecol:sim_time:320.0_obsid:welopt-ly3_variable:o0,1.62194e-30,0.0,conc,,,welopt-ly3,conc,lst,320.0,sim,o0,
oname:conc_otype:lst_usecol:sim_time:320.0_obsid:welopt-ly3_variable:ph,6.29084,0.0,conc,,,welopt-ly3,conc,lst,320.0,sim,ph,
oname:conc_otype:lst_usecol:sim_time:320.0_obsid:welopt-ly3_variable:so4,0.00060003,0.0,forecast,,,welopt-ly3,conc,lst,320.0,sim,so4,
oname:conc_otype:lst_usecol:sim_time:320.0_obsid:welopt-ly5_variable:so4,0.000678905,0.0,forecast,,,welopt-ly5,conc,lst,320.0,sim,so4,
oname:conc_otype:lst_usecol:sim_time:320.0_obsid:wp1-f3_variable:o0,3.24263e-09,0.0,conc,,,wp1-f3,conc,lst,320.0,sim,o0,
oname:conc_otype:lst_usecol:sim_time:320.0_obsid:wp1-f3_variable:ph,6.75699,0.0,conc,,,wp1-f3,conc,lst,320.0,sim,ph,
oname:conc_otype:lst_usecol:sim_time:320.0_obsid:wp1-f3_variable:so4,0.00054607,0.0,conc,,,wp1-f3,conc,lst,320.0,sim,so4,
oname:conc_otype:lst_usecol:sim_time:320.0_obsid:wp4-f5_variable:o0,1.05529e-10,0.0,conc,,,wp4-f5,conc,lst,320.0,sim,o0,
oname:conc_otype:lst_usecol:sim_time:320.0_obsid:wp4-f5_variable:ph,6.87795,0.0,conc,,,wp4-f5,conc,lst,320.0,sim,ph,
oname:conc_otype:lst_usecol:sim_time:320.0_obsid:wp4-f5_variable:so4,0.000723806,0.0,conc,,,wp4-f5,conc,lst,320.0,sim,so4,
oname:conc_otype:lst_usecol:sim_time:321.0_obsid:welopt-ly1_variable:so4,5.78778e-05,0.0,forecast,,,welopt-ly1,conc,lst,321.0,sim,so4,
oname:conc_otype:lst_usecol:sim_time:321.0_obsid:welopt-ly3_variable:o0,1.62194e-30,0.0,conc,,,welopt-ly3,conc,lst,321.0,sim,o0,
oname:conc_otype:lst_usecol:sim_time:321.0_obsid:welopt-ly3_variable:ph,6.29084,0.0,conc,,,welopt-ly3,conc,lst,321.0,sim,ph,
oname:conc_otype:lst_usecol:sim_time:321.0_obsid:welopt-ly3_variable:so4,0.00060003,0.0,forecast,,,welopt-ly3,conc,lst,321.0,sim,so4,
oname:conc_otype:lst_usecol:sim_time:321.0_obsid:welopt-ly5_variable:so4,0.000678905,0.0,forecast,,,welopt-ly5,conc,lst,321.0,sim,so4,
oname:conc_otype:lst_usecol:sim_time:321.0_obsid:wp1-f3_variable:o0,3.24263e-09,0.0,conc,,,wp1-f3,conc,lst,321.0,sim,o0,
oname:conc_otype:lst_usecol:sim_time:321.0_obsid:wp1-f3_variable:ph,6.75699,0.0,conc,,,wp1-f3,conc,lst,321.0,sim,ph,
oname:conc_otype:lst_usecol:sim_time:321.0_obsid:wp1-f3_variable:so4,0.00054607,0.0,conc,,,wp1-f3,conc,lst,321.0,sim,so4,
oname:conc_otype:lst_usecol:sim_time:321.0_obsid:wp4-f5_variable:o0,1.05529e-10,0.0,conc,,,wp4-f5,conc,lst,321.0,sim,o0,
oname:conc_otype:lst_usecol:sim_time:321.0_obsid:wp4-f5_variable:ph,6.87795,0.0,conc,,,wp4-f5,conc,lst,321.0,sim,ph,
oname:conc_otype:lst_usecol:sim_time:321.0_obsid:wp4-f5_variable:so4,0.000723806,0.0,conc,,,wp4-f5,conc,lst,321.0,sim,so4,
oname:conc_otype:lst_usecol:sim_time:322.0_obsid:welopt-ly1_variable:so4,5.78778e-05,0.0,forecast,,,welopt-ly1,conc,lst,322.0,sim,so4,
oname:conc_otype:lst_usecol:sim_time:322.0_obsid:welopt-ly3_variable:o0,1.62194e-30,0.0,conc,,,welopt-ly3,conc,lst,322.0,sim,o0,
oname:conc_otype:lst_usecol:sim_time:322.0_obsid:welopt-ly3_variable:ph,6.29084,0.0,conc,,,welopt-ly3,conc,lst,322.0,sim,ph,
oname:conc_otype:lst_usecol:sim_time:322.0_obsid:welopt-ly3_variable:so4,0.00060003,0.0,forecast,,,welopt-ly3,conc,lst,322.0,sim,so4,
oname:conc_otype:lst_usecol:sim_time:322.0_obsid:welopt-ly5_variable:so4,0.000678905,0.0,forecast,,,welopt-ly5,conc,lst,322.0,sim,so4,
oname:conc_otype:lst_usecol:sim_time:322.0_obsid:wp1-f3_variable:o0,3.24263e-09,0.0,conc,,,wp1-f3,conc,lst,322.0,sim,o0,
oname:conc_otype:lst_usecol:sim_time:322.0_obsid:wp1-f3_variable:ph,6.75699,0.0,conc,,,wp1-f3,conc,lst,322.0,sim,ph,
oname:conc_otype:lst_usecol:sim_time:322.0_obsid:wp1-f3_variable:so4,0.00054607,0.0,conc,,,wp1-f3,conc,lst,322.0,sim,so4,
oname:conc_otype:lst_usecol:sim_time:322.0_obsid:wp4-f5_variable:o0,1.05529e-10,0.0,conc,,,wp4-f5,conc,lst,322.0,sim,o0,
oname:conc_otype:lst_usecol:sim_time:322.0_obsid:wp4-f5_variable:ph,6.87795,0.0,conc,,,wp4-f5,conc,lst,322.0,sim,ph,
oname:conc_otype:lst_usecol:sim_time:322.0_obsid:wp4-f5_variable:so4,0.000723806,0.0,conc,,,wp4-f5,conc,lst,322.0,sim,so4,
oname:conc_otype:lst_usecol:sim_time:323.0_obsid:welopt-ly1_variable:so4,5.78778e-05,0.0,forecast,,,welopt-ly1,conc,lst,323.0,sim,so4,
oname:conc_otype:lst_usecol:sim_time:323.0_obsid:welopt-ly3_variable:o0,1.62194e-30,0.0,conc,,,welopt-ly3,conc,lst,323.0,sim,o0,
oname:conc_otype:lst_usecol:sim_time:323.0_obsid:welopt-ly3_variable:ph,6.29084,0.0,conc,,,welopt-ly3,conc,lst,323.0,sim,ph,
oname:conc_otype:lst_usecol:sim_time:323.0_obsid:welopt-ly3_variable:so4,0.00060003,0.0,forecast,,,welopt-ly3,conc,lst,323.0,sim,so4,
oname:conc_otype:lst_usecol:sim_time:323.0_obsid:welopt-ly5_variable:so4,0.000678905,0.0,forecast,,,welopt-ly5,conc,lst,323.0,sim,so4,
oname:conc_otype:lst_usecol:sim_time:323.0_obsid:wp1-f3_variable:o0,3.24263e-09,0.0,conc,,,wp1-f3,conc,lst,323.0,sim,o0,
oname:conc_otype:lst_usecol:sim_time:323.0_obsid:wp1-f3_variable:ph,6.75699,0.0,conc,,,wp1-f3,conc,lst,323.0,sim,ph,
oname:conc_otype:lst_usecol:sim_time:323.0_obsid:wp1-f3_variable:so4,0.00054607,0.0,conc,,,wp1-f3,conc,lst,323.0,sim,so4,
oname:conc_otype:lst_usecol:sim_time:323.0_obsid:wp4-f5_variable:o0,1.05529e-10,0.0,conc,,,wp4-f5,conc,lst,323.0,sim,o0,
oname:conc_otype:lst_usecol:sim_time:323.0_obsid:wp4-f5_variable:ph,6.87795,0.0,conc,,,wp4-f5,conc,lst,323.0,sim,ph,
oname:conc_otype:lst_usecol:sim_time:323.0_obsid:wp4-f5_variable:so4,0.000723806,0.0,conc,,,wp4-f5,conc,lst,323.0,sim,so4,
oname:conc_otype:lst_usecol:sim_time:324.0_obsid:welopt-ly1_variable:so4,5.93106e-05,0.0,forecast,,,welopt-ly1,conc,lst,324.0,sim,so4,
oname:conc_otype:lst_usecol:sim_time:324.0_obsid:welopt-ly3_variable:o0,9.17335e-29,0.0,conc,,,welopt-ly3,conc,lst,324.0,sim,o0,
oname:conc_otype:lst_usecol:sim_time:324.0_obsid:welopt-ly3_variable:ph,6.12561,0.0,conc,,,welopt-ly3,conc,lst,324.0,sim,ph,
oname:conc_otype:lst_usecol:sim_time:324.0_obsid:welopt-ly3_variable:so4,0.000607174,0.0,forecast,,,welopt-ly3,conc,lst,324.0,sim,so4,
oname:conc_otype:lst_usecol:sim_time:324.0_obsid:welopt-ly5_variable:so4,0.000672256,0.0,forecast,,,welopt-ly5,conc,lst,324.0,sim,so4,
oname:conc_otype:lst_usecol:sim_time:324.0_obsid:wp1-f3_variable:o0,1.0593e-09,0.0,conc,,,wp1-f3,conc,lst,324.0,sim,o0,
oname:conc_otype:lst_usecol:sim_time:324.0_obsid:wp1-f3_variable:ph,6.73339,0.0,conc,,,wp1-f3,conc,lst,324.0,sim,ph,
oname:conc_otype:lst_usecol:sim_time:324.0_obsid:wp1-f3_variable:so4,0.000543795,0.0,conc,,,wp1-f3,conc,lst,324.0,sim,so4,
oname:conc_otype:lst_usecol:sim_time:324.0_obsid:wp4-f5_variable:o0,7.69964e-11,0.0,conc,,,wp4-f5,conc,lst,324.0,sim,o0,
oname:conc_otype:lst_usecol:sim_time:324.0_obsid:wp4-f5_variable:ph,6.83281,0.0,conc,,,wp4-f5,conc,lst,324.0,sim,ph,
oname:conc_otype:lst_usecol:sim_time:324.0_obsid:wp4-f5_variable:so4,0.00070878,0.0,conc,,,wp4-f5,conc,lst,324.0,sim,so4,
oname:conc_otype:lst_usecol:sim_time:325.0_obsid:welopt-ly1_variable:so4,5.93106e-05,0.0,forecast,,,welopt-ly1,conc,lst,325.0,sim,so4,
oname:conc_otype:lst_usecol:sim_time:325.0_obsid:welopt-ly3_variable:o0,9.17335e-29,0.0,conc,,,welopt-ly3,conc,lst,325.0,sim,o0,
oname:conc_otype:lst_usecol:sim_time:325.0_obsid:welopt-ly3_variable:ph,6.12561,0.0,conc,,,welopt-ly3,conc,lst,325.0,sim,ph,
oname:conc_otype:lst_usecol:sim_time:325.0_obsid:welopt-ly3_variable:so4,0.000607174,0.0,forecast,,,welopt-ly3,conc,lst,325.0,sim,so4,
oname:conc_otype:lst_usecol:sim_time:325.0_obsid:welopt-ly5_variable:so4,0.000672256,0.0,forecast,,,welopt-ly5,conc,lst,325.0,sim,so4,
oname:conc_otype:lst_usecol:sim_time:325.0_obsid:wp1-f3_variable:o0,1.0593e-09,0.0,conc,,,wp1-f3,conc,lst,325.0,sim,o0,
oname:conc_otype:lst_usecol:sim_time:325.0_obsid:wp1-f3_variable:ph,6.73339,0.0,conc,,,wp1-f3,conc,lst,325.0,sim,ph,
oname:conc_otype:lst_usecol:sim_time:325.0_obsid:wp1-f3_variable:so4,0.000543795,0.0,conc,,,wp1-f3,conc,lst,325.0,sim,so4,
oname:conc_otype:lst_usecol:sim_time:325.0_obsid:wp4-f5_variable:o0,7.69964e-11,0.0,conc,,,wp4-f5,conc,lst,325.0,sim,o0,
oname:conc_otype:lst_usecol:sim_time:325.0_obsid:wp4-f5_variable:ph,6.83281,0.0,conc,,,wp4-f5,conc,lst,325.0,sim,ph,
oname:conc_otype:lst_usecol:sim_time:325.0_obsid:wp4-f5_variable:so4,0.00070878,0.0,conc,,,wp4-f5,conc,lst,325.0,sim,so4,
oname:conc_otype:lst_usecol:sim_time:326.0_obsid:welopt-ly1_variable:so4,5.93106e-05,0.0,forecast,,,welopt-ly1,conc,lst,326.0,sim,so4,
oname:conc_otype:lst_usecol:sim_time:326.0_obsid:welopt-ly3_variable:o0,9.17335e-29,0.0,conc,,,welopt-ly3,conc,lst,326.0,sim,o0,
oname:conc_otype:lst_usecol:sim_time:326.0_obsid:welopt-ly3_variable:ph,6.12561,0.0,conc,,,welopt-ly3,conc,lst,326.0,sim,ph,
oname:conc_otype:lst_usecol:sim_time:326.0_obsid:welopt-ly3_variable:so4,0.000607174,0.0,forecast,,,welopt-ly3,conc,lst,326.0,sim,so4,
oname:conc_otype:lst_usecol:sim_time:326.0_obsid:welopt-ly5_variable:so4,0.000672256,0.0,forecast,,,welopt-ly5,conc,lst,326.0,sim,so4,
oname:conc_otype:lst_usecol:sim_time:326.0_obsid:wp1-f3_variable:o0,1.0593e-09,0.0,conc,,,wp1-f3,conc,lst,326.0,sim,o0,
oname:conc_otype:lst_usecol:sim_time:326.0_obsid:wp1-f3_variable:ph,6.73339,0.0,conc,,,wp1-f3,conc,lst,326.0,sim,ph,
oname:conc_otype:lst_usecol:sim_time:326.0_obsid:wp1-f3_variable:so4,0.000543795,0.0,conc,,,wp1-f3,conc,lst,326.0,sim,so4,
oname:conc_otype:lst_usecol:sim_time:326.0_obsid:wp4-f5_variable:o0,7.69964e-11,0.0,conc,,,wp4-f5,conc,lst,326.0,sim,o0,
oname:conc_otype:lst_usecol:sim_time:326.0_obsid:wp4-f5_variable:ph,6.83281,0.0,conc,,,wp4-f5,conc,lst,326.0,sim,ph,
oname:conc_otype:lst_usecol:sim_time:326.0_obsid:wp4-f5_variable:so4,0.00070878,0.0,conc,,,wp4-f5,conc,lst,326.0,sim,so4,
oname:conc_otype:lst_usecol:sim_time:327.0_obsid:welopt-ly1_variable:so4,5.93106e-05,0.0,forecast,,,welopt-ly1,conc,lst,327.0,sim,so4,
oname:conc_otype:lst_usecol:sim_time:327.0_obsid:welopt-ly3_variable:o0,9.17335e-29,0.0,conc,,,welopt-ly3,conc,lst,327.0,sim,o0,
oname:conc_otype:lst_usecol:sim_time:327.0_obsid:welopt-ly3_variable:ph,6.12561,0.0,conc,,,welopt-ly3,conc,lst,327.0,sim,ph,
oname:conc_otype:lst_usecol:sim_time:327.0_obsid:welopt-ly3_variable:so4,0.000607174,0.0,forecast,,,welopt-ly3,conc,lst,327.0,sim,so4,
oname:conc_otype:lst_usecol:sim_time:327.0_obsid:welopt-ly5_variable:so4,0.000672256,0.0,forecast,,,welopt-ly5,conc,lst,327.0,sim,so4,
oname:conc_otype:lst_usecol:sim_time:327.0_obsid:wp1-f3_variable:o0,1.0593e-09,0.0,conc,,,wp1-f3,conc,lst,327.0,sim,o0,
oname:conc_otype:lst_usecol:sim_time:327.0_obsid:wp1-f3_variable:ph,6.73339,0.0,conc,,,wp1-f3,conc,lst,327.0,sim,ph,
oname:conc_otype:lst_usecol:sim_time:327.0_obsid:wp1-f3_variable:so4,0.000543795,0.0,conc,,,wp1-f3,conc,lst,327.0,sim,so4,
oname:conc_otype:lst_usecol:sim_time:327.0_obsid:wp4-f5_variable:o0,7.69964e-11,0.0,conc,,,wp4-f5,conc,lst,327.0,sim,o0,
oname:conc_otype:lst_usecol:sim_time:327.0_obsid:wp4-f5_variable:ph,6.83281,0.0,conc,,,wp4-f5,conc,lst,327.0,sim,ph,
oname:conc_otype:lst_usecol:sim_time:327.0_obsid:wp4-f5_variable:so4,0.00070878,0.0,conc,,,wp4-f5,conc,lst,327.0,sim,so4,
oname:conc_otype:lst_usecol:sim_time:328.0_obsid:welopt-ly1_variable:so4,5.93106e-05,0.0,forecast,,,welopt-ly1,conc,lst,328.0,sim,so4,
oname:conc_otype:lst_usecol:sim_time:328.0_obsid:welopt-ly3_variable:o0,9.17335e-29,0.0,conc,,,welopt-ly3,conc,lst,328.0,sim,o0,
oname:conc_otype:lst_usecol:sim_time:328.0_obsid:welopt-ly3_variable:ph,6.12561,0.0,conc,,,welopt-ly3,conc,lst,328.0,sim,ph,
oname:conc_otype:lst_usecol:sim_time:328.0_obsid:welopt-ly3_variable:so4,0.000607174,0.0,forecast,,,welopt-ly3,conc,lst,328.0,sim,so4,
oname:conc_otype:lst_usecol:sim_time:328.0_obsid:welopt-ly5_variable:so4,0.000672256,0.0,forecast,,,welopt-ly5,conc,lst,328.0,sim,so4,
oname:conc_otype:lst_usecol:sim_time:328.0_obsid:wp1-f3_variable:o0,1.0593e-09,0.0,conc,,,wp1-f3,conc,lst,328.0,sim,o0,
oname:conc_otype:lst_usecol:sim_time:328.0_obsid:wp1-f3_variable:ph,6.73339,0.0,conc,,,wp1-f3,conc,lst,328.0,sim,ph,
oname:conc_otype:lst_usecol:sim_time:328.0_obsid:wp1-f3_variable:so4,0.000543795,0.0,conc,,,wp1-f3,conc,lst,328.0,sim,so4,
oname:conc_otype:lst_usecol:sim_time:328.0_obsid:wp4-f5_variable:o0,7.69964e-11,0.0,conc,,,wp4-f5,conc,lst,328.0,sim,o0,
oname:conc_otype:lst_usecol:sim_time:328.0_obsid:wp4-f5_variable:ph,6.83281,0.0,conc,,,wp4-f5,conc,lst,328.0,sim,ph,
oname:conc_otype:lst_usecol:sim_time:328.0_obsid:wp4-f5_variable:so4,0.00070878,0.0,conc,,,wp4-f5,conc,lst,328.0,sim,so4,
oname:conc_otype:lst_usecol:sim_time:329.0_obsid:welopt-ly1_variable:so4,5.93106e-05,0.0,forecast,,,welopt-ly1,conc,lst,329.0,sim,so4,
oname:conc_otype:lst_usecol:sim_time:329.0_obsid:welopt-ly3_variable:o0,9.17335e-29,0.0,conc,,,welopt-ly3,conc,lst,329.0,sim,o0,
oname:conc_otype:lst_usecol:sim_time:329.0_obsid:welopt-ly3_variable:ph,6.12561,0.0,conc,,,welopt-ly3,conc,lst,329.0,sim,ph,
oname:conc_otype:lst_usecol:sim_time:329.0_obsid:welopt-ly3_variable:so4,0.000607174,0.0,forecast,,,welopt-ly3,conc,lst,329.0,sim,so4,
oname:conc_otype:lst_usecol:sim_time:329.0_obsid:welopt-ly5_variable:so4,0.000672256,0.0,forecast,,,welopt-ly5,conc,lst,329.0,sim,so4,
oname:conc_otype:lst_usecol:sim_time:329.0_obsid:wp1-f3_variable:o0,1.0593e-09,0.0,conc,,,wp1-f3,conc,lst,329.0,sim,o0,
oname:conc_otype:lst_usecol:sim_time:329.0_obsid:wp1-f3_variable:ph,6.73339,0.0,conc,,,wp1-f3,conc,lst,329.0,sim,ph,
oname:conc_otype:lst_usecol:sim_time:329.0_obsid:wp1-f3_variable:so4,0.000543795,0.0,conc,,,wp1-f3,conc,lst,329.0,sim,so4,
oname:conc_otype:lst_usecol:sim_time:329.0_obsid:wp4-f5_variable:o0,7.69964e-11,0.0,conc,,,wp4-f5,conc,lst,329.0,sim,o0,
oname:conc_otype:lst_usecol:sim_time:329.0_obsid:wp4-f5_variable:ph,6.83281,0.0,conc,,,wp4-f5,conc,lst,329.0,sim,ph,
oname:conc_otype:lst_usecol:sim_time:329.0_obsid:wp4-f5_variable:so4,0.00070878,0.0,conc,,,wp4-f5,conc,lst,329.0,sim,so4,
oname:conc_otype:lst_usecol:sim_time:33.0_obsid:welopt-ly3_variable:o0,0.0,0.0,conc,,,welopt-ly3,conc,lst,33.0,sim,o0,
oname:conc_otype:lst_usecol:sim_time:33.0_obsid:welopt-ly3_variable:ph,6.67491,0.0,conc,,,welopt-ly3,conc,lst,33.0,sim,ph,
oname:conc_otype:lst_usecol:sim_time:33.0_obsid:welopt-ly3_variable:so4,5.51132e-05,0.0,conc,,,welopt-ly3,conc,lst,33.0,sim,so4,
oname:conc_otype:lst_usecol:sim_time:33.0_obsid:wp1-f3_variable:o0,1.1709299999999999e-27,3065.696697424829,conc,,,wp1-f3,conc,lst,33.0,sim,o0,0.000326190128606
oname:conc_otype:lst_usecol:sim_time:33.0_obsid:wp1-f3_variable:ph,6.40852,0.6131393394849658,conc,,,wp1-f3,conc,lst,33.0,sim,ph,1.6309506430300091
oname:conc_otype:lst_usecol:sim_time:33.0_obsid:wp1-f3_variable:so4,0.000638853,1226.2786789699317,conc,,,wp1-f3,conc,lst,33.0,sim,so4,0.000815475321515
oname:conc_otype:lst_usecol:sim_time:33.0_obsid:wp4-f5_variable:o0,0.0,3143.4730673096574,conc,,,wp4-f5,conc,lst,33.0,sim,o0,0.0003181194744117
oname:conc_otype:lst_usecol:sim_time:33.0_obsid:wp4-f5_variable:ph,6.67329,0.6286946134619315,conc,,,wp4-f5,conc,lst,33.0,sim,ph,1.5905973720586868
oname:conc_otype:lst_usecol:sim_time:33.0_obsid:wp4-f5_variable:so4,5.60541e-05,1257.389226923863,conc,,,wp4-f5,conc,lst,33.0,sim,so4,0.0007952986860293
oname:conc_otype:lst_usecol:sim_time:330.0_obsid:welopt-ly1_variable:so4,5.93106e-05,0.0,forecast,,,welopt-ly1,conc,lst,330.0,sim,so4,
oname:conc_otype:lst_usecol:sim_time:330.0_obsid:welopt-ly3_variable:o0,9.17335e-29,0.0,conc,,,welopt-ly3,conc,lst,330.0,sim,o0,
oname:conc_otype:lst_usecol:sim_time:330.0_obsid:welopt-ly3_variable:ph,6.12561,0.0,conc,,,welopt-ly3,conc,lst,330.0,sim,ph,
oname:conc_otype:lst_usecol:sim_time:330.0_obsid:welopt-ly3_variable:so4,0.000607174,0.0,forecast,,,welopt-ly3,conc,lst,330.0,sim,so4,
oname:conc_otype:lst_usecol:sim_time:330.0_obsid:welopt-ly5_variable:so4,0.000672256,0.0,forecast,,,welopt-ly5,conc,lst,330.0,sim,so4,
oname:conc_otype:lst_usecol:sim_time:330.0_obsid:wp1-f3_variable:o0,1.0593e-09,0.0,conc,,,wp1-f3,conc,lst,330.0,sim,o0,
oname:conc_otype:lst_usecol:sim_time:330.0_obsid:wp1-f3_variable:ph,6.73339,0.0,conc,,,wp1-f3,conc,lst,330.0,sim,ph,
oname:conc_otype:lst_usecol:sim_time:330.0_obsid:wp1-f3_variable:so4,0.000543795,0.0,conc,,,wp1-f3,conc,lst,330.0,sim,so4,
oname:conc_otype:lst_usecol:sim_time:330.0_obsid:wp4-f5_variable:o0,7.69964e-11,0.0,conc,,,wp4-f5,conc,lst,330.0,sim,o0,
oname:conc_otype:lst_usecol:sim_time:330.0_obsid:wp4-f5_variable:ph,6.83281,0.0,conc,,,wp4-f5,conc,lst,330.0,sim,ph,
oname:conc_otype:lst_usecol:sim_time:330.0_obsid:wp4-f5_variable:so4,0.00070878,0.0,conc,,,wp4-f5,conc,lst,330.0,sim,so4,
oname:conc_otype:lst_usecol:sim_time:331.0_obsid:welopt-ly1_variable:so4,6.10112e-05,0.0,forecast,,,welopt-ly1,conc,lst,331.0,sim,so4,
oname:conc_otype:lst_usecol:sim_time:331.0_obsid:welopt-ly3_variable:o0,8.25676e-28,0.0,conc,,,welopt-ly3,conc,lst,331.0,sim,o0,
oname:conc_otype:lst_usecol:sim_time:331.0_obsid:welopt-ly3_variable:ph,6.12495,0.0,conc,,,welopt-ly3,conc,lst,331.0,sim,ph,
oname:conc_otype:lst_usecol:sim_time:331.0_obsid:welopt-ly3_variable:so4,0.000612664,0.0,forecast,,,welopt-ly3,conc,lst,331.0,sim,so4,
oname:conc_otype:lst_usecol:sim_time:331.0_obsid:welopt-ly5_variable:so4,0.000674229,0.0,forecast,,,welopt-ly5,conc,lst,331.0,sim,so4,
oname:conc_otype:lst_usecol:sim_time:331.0_obsid:wp1-f3_variable:o0,9.46591e-10,0.0,conc,,,wp1-f3,conc,lst,331.0,sim,o0,
oname:conc_otype:lst_usecol:sim_time:331.0_obsid:wp1-f3_variable:ph,6.71815,0.0,conc,,,wp1-f3,conc,lst,331.0,sim,ph,
oname:conc_otype:lst_usecol:sim_time:331.0_obsid:wp1-f3_variable:so4,0.000544539,0.0,conc,,,wp1-f3,conc,lst,331.0,sim,so4,
oname:conc_otype:lst_usecol:sim_time:331.0_obsid:wp4-f5_variable:o0,7.04292e-11,0.0,conc,,,wp4-f5,conc,lst,331.0,sim,o0,
oname:conc_otype:lst_usecol:sim_time:331.0_obsid:wp4-f5_variable:ph,6.75173,0.0,conc,,,wp4-f5,conc,lst,331.0,sim,ph,
oname:conc_otype:lst_usecol:sim_time:331.0_obsid:wp4-f5_variable:so4,0.000717539,0.0,conc,,,wp4-f5,conc,lst,331.0,sim,so4,
oname:conc_otype:lst_usecol:sim_time:332.0_obsid:welopt-ly1_variable:so4,6.10112e-05,0.0,forecast,,,welopt-ly1,conc,lst,332.0,sim,so4,
oname:conc_otype:lst_usecol:sim_time:332.0_obsid:welopt-ly3_variable:o0,8.25676e-28,0.0,conc,,,welopt-ly3,conc,lst,332.0,sim,o0,
oname:conc_otype:lst_usecol:sim_time:332.0_obsid:welopt-ly3_variable:ph,6.12495,0.0,conc,,,welopt-ly3,conc,lst,332.0,sim,ph,
oname:conc_otype:lst_usecol:sim_time:332.0_obsid:welopt-ly3_variable:so4,0.000612664,0.0,forecast,,,welopt-ly3,conc,lst,332.0,sim,so4,
oname:conc_otype:lst_usecol:sim_time:332.0_obsid:welopt-ly5_variable:so4,0.000674229,0.0,forecast,,,welopt-ly5,conc,lst,332.0,sim,so4,
oname:conc_otype:lst_usecol:sim_time:332.0_obsid:wp1-f3_variable:o0,9.46591e-10,0.0,conc,,,wp1-f3,conc,lst,332.0,sim,o0,
oname:conc_otype:lst_usecol:sim_time:332.0_obsid:wp1-f3_variable:ph,6.71815,0.0,conc,,,wp1-f3,conc,lst,332.0,sim,ph,
oname:conc_otype:lst_usecol:sim_time:332.0_obsid:wp1-f3_variable:so4,0.000544539,0.0,conc,,,wp1-f3,conc,lst,332.0,sim,so4,
oname:conc_otype:lst_usecol:sim_time:332.0_obsid:wp4-f5_variable:o0,7.04292e-11,0.0,conc,,,wp4-f5,conc,lst,332.0,sim,o0,
oname:conc_otype:lst_usecol:sim_time:332.0_obsid:wp4-f5_variable:ph,6.75173,0.0,conc,,,wp4-f5,conc,lst,332.0,sim,ph,
oname:conc_otype:lst_usecol:sim_time:332.0_obsid:wp4-f5_variable:so4,0.000717539,0.0,conc,,,wp4-f5,conc,lst,332.0,sim,so4,
oname:conc_otype:lst_usecol:sim_time:333.0_obsid:welopt-ly1_variable:so4,6.10112e-05,0.0,forecast,,,welopt-ly1,conc,lst,333.0,sim,so4,
oname:conc_otype:lst_usecol:sim_time:333.0_obsid:welopt-ly3_variable:o0,8.25676e-28,0.0,conc,,,welopt-ly3,conc,lst,333.0,sim,o0,
oname:conc_otype:lst_usecol:sim_time:333.0_obsid:welopt-ly3_variable:ph,6.12495,0.0,conc,,,welopt-ly3,conc,lst,333.0,sim,ph,
oname:conc_otype:lst_usecol:sim_time:333.0_obsid:welopt-ly3_variable:so4,0.000612664,0.0,forecast,,,welopt-ly3,conc,lst,333.0,sim,so4,
oname:conc_otype:lst_usecol:sim_time:333.0_obsid:welopt-ly5_variable:so4,0.000674229,0.0,forecast,,,welopt-ly5,conc,lst,333.0,sim,so4,
oname:conc_otype:lst_usecol:sim_time:333.0_obsid:wp1-f3_variable:o0,9.46591e-10,0.0,conc,,,wp1-f3,conc,lst,333.0,sim,o0,
oname:conc_otype:lst_usecol:sim_time:333.0_obsid:wp1-f3_variable:ph,6.71815,0.0,conc,,,wp1-f3,conc,lst,333.0,sim,ph,
oname:conc_otype:lst_usecol:sim_time:333.0_obsid:wp1-f3_variable:so4,0.000544539,0.0,conc,,,wp1-f3,conc,lst,333.0,sim,so4,
oname:conc_otype:lst_usecol:sim_time:333.0_obsid:wp4-f5_variable:o0,7.04292e-11,0.0,conc,,,wp4-f5,conc,lst,333.0,sim,o0,
oname:conc_otype:lst_usecol:sim_time:333.0_obsid:wp4-f5_variable:ph,6.75173,0.0,conc,,,wp4-f5,conc,lst,333.0,sim,ph,
oname:conc_otype:lst_usecol:sim_time:333.0_obsid:wp4-f5_variable:so4,0.000717539,0.0,conc,,,wp4-f5,conc,lst,333.0,sim,so4,
oname:conc_otype:lst_usecol:sim_time:334.0_obsid:welopt-ly1_variable:so4,6.10112e-05,0.0,forecast,,,welopt-ly1,conc,lst,334.0,sim,so4,
oname:conc_otype:lst_usecol:sim_time:334.0_obsid:welopt-ly3_variable:o0,8.25676e-28,0.0,conc,,,welopt-ly3,conc,lst,334.0,sim,o0,
oname:conc_otype:lst_usecol:sim_time:334.0_obsid:welopt-ly3_variable:ph,6.12495,0.0,conc,,,welopt-ly3,conc,lst,334.0,sim,ph,
oname:conc_otype:lst_usecol:sim_time:334.0_obsid:welopt-ly3_variable:so4,0.000612664,0.0,forecast,,,welopt-ly3,conc,lst,334.0,sim,so4,
oname:conc_otype:lst_usecol:sim_time:334.0_obsid:welopt-ly5_variable:so4,0.000674229,0.0,forecast,,,welopt-ly5,conc,lst,334.0,sim,so4,
oname:conc_otype:lst_usecol:sim_time:334.0_obsid:wp1-f3_variable:o0,9.46591e-10,0.0,conc,,,wp1-f3,conc,lst,334.0,sim,o0,
oname:conc_otype:lst_usecol:sim_time:334.0_obsid:wp1-f3_variable:ph,6.71815,0.0,conc,,,wp1-f3,conc,lst,334.0,sim,ph,
oname:conc_otype:lst_usecol:sim_time:334.0_obsid:wp1-f3_variable:so4,0.000544539,0.0,conc,,,wp1-f3,conc,lst,334.0,sim,so4,
oname:conc_otype:lst_usecol:sim_time:334.0_obsid:wp4-f5_variable:o0,7.04292e-11,0.0,conc,,,wp4-f5,conc,lst,334.0,sim,o0,
oname:conc_otype:lst_usecol:sim_time:334.0_obsid:wp4-f5_variable:ph,6.75173,0.0,conc,,,wp4-f5,conc,lst,334.0,sim,ph,
oname:conc_otype:lst_usecol:sim_time:334.0_obsid:wp4-f5_variable:so4,0.000717539,0.0,conc,,,wp4-f5,conc,lst,334.0,sim,so4,
oname:conc_otype:lst_usecol:sim_time:335.0_obsid:welopt-ly1_variable:so4,6.10112e-05,0.0,forecast,,,welopt-ly1,conc,lst,335.0,sim,so4,
oname:conc_otype:lst_usecol:sim_time:335.0_obsid:welopt-ly3_variable:o0,8.25676e-28,0.0,conc,,,welopt-ly3,conc,lst,335.0,sim,o0,
oname:conc_otype:lst_usecol:sim_time:335.0_obsid:welopt-ly3_variable:ph,6.12495,0.0,conc,,,welopt-ly3,conc,lst,335.0,sim,ph,
oname:conc_otype:lst_usecol:sim_time:335.0_obsid:welopt-ly3_variable:so4,0.000612664,0.0,forecast,,,welopt-ly3,conc,lst,335.0,sim,so4,
oname:conc_otype:lst_usecol:sim_time:335.0_obsid:welopt-ly5_variable:so4,0.000674229,0.0,forecast,,,welopt-ly5,conc,lst,335.0,sim,so4,
oname:conc_otype:lst_usecol:sim_time:335.0_obsid:wp1-f3_variable:o0,9.46591e-10,0.0,conc,,,wp1-f3,conc,lst,335.0,sim,o0,
oname:conc_otype:lst_usecol:sim_time:335.0_obsid:wp1-f3_variable:ph,6.71815,0.0,conc,,,wp1-f3,conc,lst,335.0,sim,ph,
oname:conc_otype:lst_usecol:sim_time:335.0_obsid:wp1-f3_variable:so4,0.000544539,0.0,conc,,,wp1-f3,conc,lst,335.0,sim,so4,
oname:conc_otype:lst_usecol:sim_time:335.0_obsid:wp4-f5_variable:o0,7.04292e-11,0.0,conc,,,wp4-f5,conc,lst,335.0,sim,o0,
oname:conc_otype:lst_usecol:sim_time:335.0_obsid:wp4-f5_variable:ph,6.75173,0.0,conc,,,wp4-f5,conc,lst,335.0,sim,ph,
oname:conc_otype:lst_usecol:sim_time:335.0_obsid:wp4-f5_variable:so4,0.000717539,0.0,conc,,,wp4-f5,conc,lst,335.0,sim,so4,
oname:conc_otype:lst_usecol:sim_time:336.0_obsid:welopt-ly1_variable:so4,6.10112e-05,0.0,forecast,,,welopt-ly1,conc,lst,336.0,sim,so4,
oname:conc_otype:lst_usecol:sim_time:336.0_obsid:welopt-ly3_variable:o0,8.25676e-28,0.0,conc,,,welopt-ly3,conc,lst,336.0,sim,o0,
oname:conc_otype:lst_usecol:sim_time:336.0_obsid:welopt-ly3_variable:ph,6.12495,0.0,conc,,,welopt-ly3,conc,lst,336.0,sim,ph,
oname:conc_otype:lst_usecol:sim_time:336.0_obsid:welopt-ly3_variable:so4,0.000612664,0.0,forecast,,,welopt-ly3,conc,lst,336.0,sim,so4,
oname:conc_otype:lst_usecol:sim_time:336.0_obsid:welopt-ly5_variable:so4,0.000674229,0.0,forecast,,,welopt-ly5,conc,lst,336.0,sim,so4,
oname:conc_otype:lst_usecol:sim_time:336.0_obsid:wp1-f3_variable:o0,9.46591e-10,0.0,conc,,,wp1-f3,conc,lst,336.0,sim,o0,
oname:conc_otype:lst_usecol:sim_time:336.0_obsid:wp1-f3_variable:ph,6.71815,0.0,conc,,,wp1-f3,conc,lst,336.0,sim,ph,
oname:conc_otype:lst_usecol:sim_time:336.0_obsid:wp1-f3_variable:so4,0.000544539,0.0,conc,,,wp1-f3,conc,lst,336.0,sim,so4,
oname:conc_otype:lst_usecol:sim_time:336.0_obsid:wp4-f5_variable:o0,7.04292e-11,0.0,conc,,,wp4-f5,conc,lst,336.0,sim,o0,
oname:conc_otype:lst_usecol:sim_time:336.0_obsid:wp4-f5_variable:ph,6.75173,0.0,conc,,,wp4-f5,conc,lst,336.0,sim,ph,
oname:conc_otype:lst_usecol:sim_time:336.0_obsid:wp4-f5_variable:so4,0.000717539,0.0,conc,,,wp4-f5,conc,lst,336.0,sim,so4,
oname:conc_otype:lst_usecol:sim_time:337.0_obsid:welopt-ly1_variable:so4,6.10112e-05,0.0,forecast,,,welopt-ly1,conc,lst,337.0,sim,so4,
oname:conc_otype:lst_usecol:sim_time:337.0_obsid:welopt-ly3_variable:o0,8.25676e-28,0.0,conc,,,welopt-ly3,conc,lst,337.0,sim,o0,
oname:conc_otype:lst_usecol:sim_time:337.0_obsid:welopt-ly3_variable:ph,6.12495,0.0,conc,,,welopt-ly3,conc,lst,337.0,sim,ph,
oname:conc_otype:lst_usecol:sim_time:337.0_obsid:welopt-ly3_variable:so4,0.000612664,0.0,forecast,,,welopt-ly3,conc,lst,337.0,sim,so4,
oname:conc_otype:lst_usecol:sim_time:337.0_obsid:welopt-ly5_variable:so4,0.000674229,0.0,forecast,,,welopt-ly5,conc,lst,337.0,sim,so4,
oname:conc_otype:lst_usecol:sim_time:337.0_obsid:wp1-f3_variable:o0,9.46591e-10,0.0,conc,,,wp1-f3,conc,lst,337.0,sim,o0,
oname:conc_otype:lst_usecol:sim_time:337.0_obsid:wp1-f3_variable:ph,6.71815,0.0,conc,,,wp1-f3,conc,lst,337.0,sim,ph,
oname:conc_otype:lst_usecol:sim_time:337.0_obsid:wp1-f3_variable:so4,0.000544539,0.0,conc,,,wp1-f3,conc,lst,337.0,sim,so4,
oname:conc_otype:lst_usecol:sim_time:337.0_obsid:wp4-f5_variable:o0,7.04292e-11,0.0,conc,,,wp4-f5,conc,lst,337.0,sim,o0,
oname:conc_otype:lst_usecol:sim_time:337.0_obsid:wp4-f5_variable:ph,6.75173,0.0,conc,,,wp4-f5,conc,lst,337.0,sim,ph,
oname:conc_otype:lst_usecol:sim_time:337.0_obsid:wp4-f5_variable:so4,0.000717539,0.0,conc,,,wp4-f5,conc,lst,337.0,sim,so4,
oname:conc_otype:lst_usecol:sim_time:338.0_obsid:welopt-ly1_variable:so4,6.31896e-05,0.0,forecast,,,welopt-ly1,conc,lst,338.0,sim,so4,
oname:conc_otype:lst_usecol:sim_time:338.0_obsid:welopt-ly3_variable:o0,1.19587e-25,0.0,conc,,,welopt-ly3,conc,lst,338.0,sim,o0,
oname:conc_otype:lst_usecol:sim_time:338.0_obsid:welopt-ly3_variable:ph,6.14286,0.0,conc,,,welopt-ly3,conc,lst,338.0,sim,ph,
oname:conc_otype:lst_usecol:sim_time:338.0_obsid:welopt-ly3_variable:so4,0.000617193,0.0,forecast,,,welopt-ly3,conc,lst,338.0,sim,so4,
oname:conc_otype:lst_usecol:sim_time:338.0_obsid:welopt-ly5_variable:so4,0.000676273,0.0,forecast,,,welopt-ly5,conc,lst,338.0,sim,so4,
oname:conc_otype:lst_usecol:sim_time:338.0_obsid:wp1-f3_variable:o0,1.06125e-09,0.0,conc,,,wp1-f3,conc,lst,338.0,sim,o0,
oname:conc_otype:lst_usecol:sim_time:338.0_obsid:wp1-f3_variable:ph,6.72773,0.0,conc,,,wp1-f3,conc,lst,338.0,sim,ph,
oname:conc_otype:lst_usecol:sim_time:338.0_obsid:wp1-f3_variable:so4,0.000562962,0.0,conc,,,wp1-f3,conc,lst,338.0,sim,so4,
oname:conc_otype:lst_usecol:sim_time:338.0_obsid:wp4-f5_variable:o0,6.3826e-11,0.0,conc,,,wp4-f5,conc,lst,338.0,sim,o0,
oname:conc_otype:lst_usecol:sim_time:338.0_obsid:wp4-f5_variable:ph,6.71523,0.0,conc,,,wp4-f5,conc,lst,338.0,sim,ph,
oname:conc_otype:lst_usecol:sim_time:338.0_obsid:wp4-f5_variable:so4,0.000726058,0.0,conc,,,wp4-f5,conc,lst,338.0,sim,so4,
oname:conc_otype:lst_usecol:sim_time:339.0_obsid:welopt-ly1_variable:so4,6.31896e-05,0.0,forecast,,,welopt-ly1,conc,lst,339.0,sim,so4,
oname:conc_otype:lst_usecol:sim_time:339.0_obsid:welopt-ly3_variable:o0,1.19587e-25,0.0,conc,,,welopt-ly3,conc,lst,339.0,sim,o0,
oname:conc_otype:lst_usecol:sim_time:339.0_obsid:welopt-ly3_variable:ph,6.14286,0.0,conc,,,welopt-ly3,conc,lst,339.0,sim,ph,
oname:conc_otype:lst_usecol:sim_time:339.0_obsid:welopt-ly3_variable:so4,0.000617193,0.0,forecast,,,welopt-ly3,conc,lst,339.0,sim,so4,
oname:conc_otype:lst_usecol:sim_time:339.0_obsid:welopt-ly5_variable:so4,0.000676273,0.0,forecast,,,welopt-ly5,conc,lst,339.0,sim,so4,
oname:conc_otype:lst_usecol:sim_time:339.0_obsid:wp1-f3_variable:o0,1.06125e-09,0.0,conc,,,wp1-f3,conc,lst,339.0,sim,o0,
oname:conc_otype:lst_usecol:sim_time:339.0_obsid:wp1-f3_variable:ph,6.72773,0.0,conc,,,wp1-f3,conc,lst,339.0,sim,ph,
oname:conc_otype:lst_usecol:sim_time:339.0_obsid:wp1-f3_variable:so4,0.000562962,0.0,conc,,,wp1-f3,conc,lst,339.0,sim,so4,
oname:conc_otype:lst_usecol:sim_time:339.0_obsid:wp4-f5_variable:o0,6.3826e-11,0.0,conc,,,wp4-f5,conc,lst,339.0,sim,o0,
oname:conc_otype:lst_usecol:sim_time:339.0_obsid:wp4-f5_variable:ph,6.71523,0.0,conc,,,wp4-f5,conc,lst,339.0,sim,ph,
oname:conc_otype:lst_usecol:sim_time:339.0_obsid:wp4-f5_variable:so4,0.000726058,0.0,conc,,,wp4-f5,conc,lst,339.0,sim,so4,
oname:conc_otype:lst_usecol:sim_time:34.0_obsid:welopt-ly3_variable:o0,0.0,0.0,conc,,,welopt-ly3,conc,lst,34.0,sim,o0,
oname:conc_otype:lst_usecol:sim_time:34.0_obsid:welopt-ly3_variable:ph,6.67491,0.0,conc,,,welopt-ly3,conc,lst,34.0,sim,ph,
oname:conc_otype:lst_usecol:sim_time:34.0_obsid:welopt-ly3_variable:so4,5.51132e-05,0.0,conc,,,welopt-ly3,conc,lst,34.0,sim,so4,
oname:conc_otype:lst_usecol:sim_time:34.0_obsid:wp1-f3_variable:o0,1.1709299999999999e-27,3065.696697424829,conc,,,wp1-f3,conc,lst,34.0,sim,o0,0.000326190128606
oname:conc_otype:lst_usecol:sim_time:34.0_obsid:wp1-f3_variable:ph,6.40852,0.6131393394849658,conc,,,wp1-f3,conc,lst,34.0,sim,ph,1.6309506430300091
oname:conc_otype:lst_usecol:sim_time:34.0_obsid:wp1-f3_variable:so4,0.000638853,1226.2786789699317,conc,,,wp1-f3,conc,lst,34.0,sim,so4,0.000815475321515
oname:conc_otype:lst_usecol:sim_time:34.0_obsid:wp4-f5_variable:o0,0.0,3143.4730673096574,conc,,,wp4-f5,conc,lst,34.0,sim,o0,0.0003181194744117
oname:conc_otype:lst_usecol:sim_time:34.0_obsid:wp4-f5_variable:ph,6.67329,0.6286946134619315,conc,,,wp4-f5,conc,lst,34.0,sim,ph,1.5905973720586868
oname:conc_otype:lst_usecol:sim_time:34.0_obsid:wp4-f5_variable:so4,5.60541e-05,1257.389226923863,conc,,,wp4-f5,conc,lst,34.0,sim,so4,0.0007952986860293
oname:conc_otype:lst_usecol:sim_time:340.0_obsid:welopt-ly1_variable:so4,6.31896e-05,0.0,forecast,,,welopt-ly1,conc,lst,340.0,sim,so4,
oname:conc_otype:lst_usecol:sim_time:340.0_obsid:welopt-ly3_variable:o0,1.19587e-25,0.0,conc,,,welopt-ly3,conc,lst,340.0,sim,o0,
oname:conc_otype:lst_usecol:sim_time:340.0_obsid:welopt-ly3_variable:ph,6.14286,0.0,conc,,,welopt-ly3,conc,lst,340.0,sim,ph,
oname:conc_otype:lst_usecol:sim_time:340.0_obsid:welopt-ly3_variable:so4,0.000617193,0.0,forecast,,,welopt-ly3,conc,lst,340.0,sim,so4,
oname:conc_otype:lst_usecol:sim_time:340.0_obsid:welopt-ly5_variable:so4,0.000676273,0.0,forecast,,,welopt-ly5,conc,lst,340.0,sim,so4,
oname:conc_otype:lst_usecol:sim_time:340.0_obsid:wp1-f3_variable:o0,1.06125e-09,0.0,conc,,,wp1-f3,conc,lst,340.0,sim,o0,
oname:conc_otype:lst_usecol:sim_time:340.0_obsid:wp1-f3_variable:ph,6.72773,0.0,conc,,,wp1-f3,conc,lst,340.0,sim,ph,
oname:conc_otype:lst_usecol:sim_time:340.0_obsid:wp1-f3_variable:so4,0.000562962,0.0,conc,,,wp1-f3,conc,lst,340.0,sim,so4,
oname:conc_otype:lst_usecol:sim_time:340.0_obsid:wp4-f5_variable:o0,6.3826e-11,0.0,conc,,,wp4-f5,conc,lst,340.0,sim,o0,
oname:conc_otype:lst_usecol:sim_time:340.0_obsid:wp4-f5_variable:ph,6.71523,0.0,conc,,,wp4-f5,conc,lst,340.0,sim,ph,
oname:conc_otype:lst_usecol:sim_time:340.0_obsid:wp4-f5_variable:so4,0.000726058,0.0,conc,,,wp4-f5,conc,lst,340.0,sim,so4,
oname:conc_otype:lst_usecol:sim_time:341.0_obsid:welopt-ly1_variable:so4,6.31896e-05,0.0,forecast,,,welopt-ly1,conc,lst,341.0,sim,so4,
oname:conc_otype:lst_usecol:sim_time:341.0_obsid:welopt-ly3_variable:o0,1.19587e-25,0.0,conc,,,welopt-ly3,conc,lst,341.0,sim,o0,
oname:conc_otype:lst_usecol:sim_time:341.0_obsid:welopt-ly3_variable:ph,6.14286,0.0,conc,,,welopt-ly3,conc,lst,341.0,sim,ph,
oname:conc_otype:lst_usecol:sim_time:341.0_obsid:welopt-ly3_variable:so4,0.000617193,0.0,forecast,,,welopt-ly3,conc,lst,341.0,sim,so4,
oname:conc_otype:lst_usecol:sim_time:341.0_obsid:welopt-ly5_variable:so4,0.000676273,0.0,forecast,,,welopt-ly5,conc,lst,341.0,sim,so4,
oname:conc_otype:lst_usecol:sim_time:341.0_obsid:wp1-f3_variable:o0,1.06125e-09,0.0,conc,,,wp1-f3,conc,lst,341.0,sim,o0,
oname:conc_otype:lst_usecol:sim_time:341.0_obsid:wp1-f3_variable:ph,6.72773,0.0,conc,,,wp1-f3,conc,lst,341.0,sim,ph,
oname:conc_otype:lst_usecol:sim_time:341.0_obsid:wp1-f3_variable:so4,0.000562962,0.0,conc,,,wp1-f3,conc,lst,341.0,sim,so4,
oname:conc_otype:lst_usecol:sim_time:341.0_obsid:wp4-f5_variable:o0,6.3826e-11,0.0,conc,,,wp4-f5,conc,lst,341.0,sim,o0,
oname:conc_otype:lst_usecol:sim_time:341.0_obsid:wp4-f5_variable:ph,6.71523,0.0,conc,,,wp4-f5,conc,lst,341.0,sim,ph,
oname:conc_otype:lst_usecol:sim_time:341.0_obsid:wp4-f5_variable:so4,0.000726058,0.0,conc,,,wp4-f5,conc,lst,341.0,sim,so4,
oname:conc_otype:lst_usecol:sim_time:342.0_obsid:welopt-ly1_variable:so4,6.31896e-05,0.0,forecast,,,welopt-ly1,conc,lst,342.0,sim,so4,
oname:conc_otype:lst_usecol:sim_time:342.0_obsid:welopt-ly3_variable:o0,1.19587e-25,0.0,conc,,,welopt-ly3,conc,lst,342.0,sim,o0,
oname:conc_otype:lst_usecol:sim_time:342.0_obsid:welopt-ly3_variable:ph,6.14286,0.0,conc,,,welopt-ly3,conc,lst,342.0,sim,ph,
oname:conc_otype:lst_usecol:sim_time:342.0_obsid:welopt-ly3_variable:so4,0.000617193,0.0,forecast,,,welopt-ly3,conc,lst,342.0,sim,so4,
oname:conc_otype:lst_usecol:sim_time:342.0_obsid:welopt-ly5_variable:so4,0.000676273,0.0,forecast,,,welopt-ly5,conc,lst,342.0,sim,so4,
oname:conc_otype:lst_usecol:sim_time:342.0_obsid:wp1-f3_variable:o0,1.06125e-09,0.0,conc,,,wp1-f3,conc,lst,342.0,sim,o0,
oname:conc_otype:lst_usecol:sim_time:342.0_obsid:wp1-f3_variable:ph,6.72773,0.0,conc,,,wp1-f3,conc,lst,342.0,sim,ph,
oname:conc_otype:lst_usecol:sim_time:342.0_obsid:wp1-f3_variable:so4,0.000562962,0.0,conc,,,wp1-f3,conc,lst,342.0,sim,so4,
oname:conc_otype:lst_usecol:sim_time:342.0_obsid:wp4-f5_variable:o0,6.3826e-11,0.0,conc,,,wp4-f5,conc,lst,342.0,sim,o0,
oname:conc_otype:lst_usecol:sim_time:342.0_obsid:wp4-f5_variable:ph,6.71523,0.0,conc,,,wp4-f5,conc,lst,342.0,sim,ph,
oname:conc_otype:lst_usecol:sim_time:342.0_obsid:wp4-f5_variable:so4,0.000726058,0.0,conc,,,wp4-f5,conc,lst,342.0,sim,so4,
oname:conc_otype:lst_usecol:sim_time:343.0_obsid:welopt-ly1_variable:so4,6.31896e-05,0.0,forecast,,,welopt-ly1,conc,lst,343.0,sim,so4,
oname:conc_otype:lst_usecol:sim_time:343.0_obsid:welopt-ly3_variable:o0,1.19587e-25,0.0,conc,,,welopt-ly3,conc,lst,343.0,sim,o0,
oname:conc_otype:lst_usecol:sim_time:343.0_obsid:welopt-ly3_variable:ph,6.14286,0.0,conc,,,welopt-ly3,conc,lst,343.0,sim,ph,
oname:conc_otype:lst_usecol:sim_time:343.0_obsid:welopt-ly3_variable:so4,0.000617193,0.0,forecast,,,welopt-ly3,conc,lst,343.0,sim,so4,
oname:conc_otype:lst_usecol:sim_time:343.0_obsid:welopt-ly5_variable:so4,0.000676273,0.0,forecast,,,welopt-ly5,conc,lst,343.0,sim,so4,
oname:conc_otype:lst_usecol:sim_time:343.0_obsid:wp1-f3_variable:o0,1.06125e-09,0.0,conc,,,wp1-f3,conc,lst,343.0,sim,o0,
oname:conc_otype:lst_usecol:sim_time:343.0_obsid:wp1-f3_variable:ph,6.72773,0.0,conc,,,wp1-f3,conc,lst,343.0,sim,ph,
oname:conc_otype:lst_usecol:sim_time:343.0_obsid:wp1-f3_variable:so4,0.000562962,0.0,conc,,,wp1-f3,conc,lst,343.0,sim,so4,
oname:conc_otype:lst_usecol:sim_time:343.0_obsid:wp4-f5_variable:o0,6.3826e-11,0.0,conc,,,wp4-f5,conc,lst,343.0,sim,o0,
oname:conc_otype:lst_usecol:sim_time:343.0_obsid:wp4-f5_variable:ph,6.71523,0.0,conc,,,wp4-f5,conc,lst,343.0,sim,ph,
oname:conc_otype:lst_usecol:sim_time:343.0_obsid:wp4-f5_variable:so4,0.000726058,0.0,conc,,,wp4-f5,conc,lst,343.0,sim,so4,
oname:conc_otype:lst_usecol:sim_time:344.0_obsid:welopt-ly1_variable:so4,6.31896e-05,0.0,forecast,,,welopt-ly1,conc,lst,344.0,sim,so4,
oname:conc_otype:lst_usecol:sim_time:344.0_obsid:welopt-ly3_variable:o0,1.19587e-25,0.0,conc,,,welopt-ly3,conc,lst,344.0,sim,o0,
oname:conc_otype:lst_usecol:sim_time:344.0_obsid:welopt-ly3_variable:ph,6.14286,0.0,conc,,,welopt-ly3,conc,lst,344.0,sim,ph,
oname:conc_otype:lst_usecol:sim_time:344.0_obsid:welopt-ly3_variable:so4,0.000617193,0.0,forecast,,,welopt-ly3,conc,lst,344.0,sim,so4,
oname:conc_otype:lst_usecol:sim_time:344.0_obsid:welopt-ly5_variable:so4,0.000676273,0.0,forecast,,,welopt-ly5,conc,lst,344.0,sim,so4,
oname:conc_otype:lst_usecol:sim_time:344.0_obsid:wp1-f3_variable:o0,1.06125e-09,0.0,conc,,,wp1-f3,conc,lst,344.0,sim,o0,
oname:conc_otype:lst_usecol:sim_time:344.0_obsid:wp1-f3_variable:ph,6.72773,0.0,conc,,,wp1-f3,conc,lst,344.0,sim,ph,
oname:conc_otype:lst_usecol:sim_time:344.0_obsid:wp1-f3_variable:so4,0.000562962,0.0,conc,,,wp1-f3,conc,lst,344.0,sim,so4,
oname:conc_otype:lst_usecol:sim_time:344.0_obsid:wp4-f5_variable:o0,6.3826e-11,0.0,conc,,,wp4-f5,conc,lst,344.0,sim,o0,
oname:conc_otype:lst_usecol:sim_time:344.0_obsid:wp4-f5_variable:ph,6.71523,0.0,conc,,,wp4-f5,conc,lst,344.0,sim,ph,
oname:conc_otype:lst_usecol:sim_time:344.0_obsid:wp4-f5_variable:so4,0.000726058,0.0,conc,,,wp4-f5,conc,lst,344.0,sim,so4,
oname:conc_otype:lst_usecol:sim_time:345.0_obsid:welopt-ly1_variable:so4,6.62e-05,0.0,forecast,,,welopt-ly1,conc,lst,345.0,sim,so4,
oname:conc_otype:lst_usecol:sim_time:345.0_obsid:welopt-ly3_variable:o0,1.28716e-10,0.0,conc,,,welopt-ly3,conc,lst,345.0,sim,o0,
oname:conc_otype:lst_usecol:sim_time:345.0_obsid:welopt-ly3_variable:ph,6.32068,0.0,conc,,,welopt-ly3,conc,lst,345.0,sim,ph,
oname:conc_otype:lst_usecol:sim_time:345.0_obsid:welopt-ly3_variable:so4,0.000629746,0.0,forecast,,,welopt-ly3,conc,lst,345.0,sim,so4,
oname:conc_otype:lst_usecol:sim_time:345.0_obsid:welopt-ly5_variable:so4,0.000696649,0.0,forecast,,,welopt-ly5,conc,lst,345.0,sim,so4,
oname:conc_otype:lst_usecol:sim_time:345.0_obsid:wp1-f3_variable:o0,2.37951e-05,0.0,conc,,,wp1-f3,conc,lst,345.0,sim,o0,
oname:conc_otype:lst_usecol:sim_time:345.0_obsid:wp1-f3_variable:ph,6.76508,0.0,conc,,,wp1-f3,conc,lst,345.0,sim,ph,
oname:conc_otype:lst_usecol:sim_time:345.0_obsid:wp1-f3_variable:so4,0.000595506,0.0,conc,,,wp1-f3,conc,lst,345.0,sim,so4,
oname:conc_otype:lst_usecol:sim_time:345.0_obsid:wp4-f5_variable:o0,6.13807e-11,0.0,conc,,,wp4-f5,conc,lst,345.0,sim,o0,
oname:conc_otype:lst_usecol:sim_time:345.0_obsid:wp4-f5_variable:ph,6.73003,0.0,conc,,,wp4-f5,conc,lst,345.0,sim,ph,
oname:conc_otype:lst_usecol:sim_time:345.0_obsid:wp4-f5_variable:so4,0.00075179,0.0,conc,,,wp4-f5,conc,lst,345.0,sim,so4,
oname:conc_otype:lst_usecol:sim_time:346.0_obsid:welopt-ly1_variable:so4,6.62e-05,0.0,forecast,,,welopt-ly1,conc,lst,346.0,sim,so4,
oname:conc_otype:lst_usecol:sim_time:346.0_obsid:welopt-ly3_variable:o0,1.28716e-10,0.0,conc,,,welopt-ly3,conc,lst,346.0,sim,o0,
oname:conc_otype:lst_usecol:sim_time:346.0_obsid:welopt-ly3_variable:ph,6.32068,0.0,conc,,,welopt-ly3,conc,lst,346.0,sim,ph,
oname:conc_otype:lst_usecol:sim_time:346.0_obsid:welopt-ly3_variable:so4,0.000629746,0.0,forecast,,,welopt-ly3,conc,lst,346.0,sim,so4,
oname:conc_otype:lst_usecol:sim_time:346.0_obsid:welopt-ly5_variable:so4,0.000696649,0.0,forecast,,,welopt-ly5,conc,lst,346.0,sim,so4,
oname:conc_otype:lst_usecol:sim_time:346.0_obsid:wp1-f3_variable:o0,2.37951e-05,0.0,conc,,,wp1-f3,conc,lst,346.0,sim,o0,
oname:conc_otype:lst_usecol:sim_time:346.0_obsid:wp1-f3_variable:ph,6.76508,0.0,conc,,,wp1-f3,conc,lst,346.0,sim,ph,
oname:conc_otype:lst_usecol:sim_time:346.0_obsid:wp1-f3_variable:so4,0.000595506,0.0,conc,,,wp1-f3,conc,lst,346.0,sim,so4,
oname:conc_otype:lst_usecol:sim_time:346.0_obsid:wp4-f5_variable:o0,6.13807e-11,0.0,conc,,,wp4-f5,conc,lst,346.0,sim,o0,
oname:conc_otype:lst_usecol:sim_time:346.0_obsid:wp4-f5_variable:ph,6.73003,0.0,conc,,,wp4-f5,conc,lst,346.0,sim,ph,
oname:conc_otype:lst_usecol:sim_time:346.0_obsid:wp4-f5_variable:so4,0.00075179,0.0,conc,,,wp4-f5,conc,lst,346.0,sim,so4,
oname:conc_otype:lst_usecol:sim_time:347.0_obsid:welopt-ly1_variable:so4,6.62e-05,0.0,forecast,,,welopt-ly1,conc,lst,347.0,sim,so4,
oname:conc_otype:lst_usecol:sim_time:347.0_obsid:welopt-ly3_variable:o0,1.28716e-10,0.0,conc,,,welopt-ly3,conc,lst,347.0,sim,o0,
oname:conc_otype:lst_usecol:sim_time:347.0_obsid:welopt-ly3_variable:ph,6.32068,0.0,conc,,,welopt-ly3,conc,lst,347.0,sim,ph,
oname:conc_otype:lst_usecol:sim_time:347.0_obsid:welopt-ly3_variable:so4,0.000629746,0.0,forecast,,,welopt-ly3,conc,lst,347.0,sim,so4,
oname:conc_otype:lst_usecol:sim_time:347.0_obsid:welopt-ly5_variable:so4,0.000696649,0.0,forecast,,,welopt-ly5,conc,lst,347.0,sim,so4,
oname:conc_otype:lst_usecol:sim_time:347.0_obsid:wp1-f3_variable:o0,2.37951e-05,0.0,conc,,,wp1-f3,conc,lst,347.0,sim,o0,
oname:conc_otype:lst_usecol:sim_time:347.0_obsid:wp1-f3_variable:ph,6.76508,0.0,conc,,,wp1-f3,conc,lst,347.0,sim,ph,
oname:conc_otype:lst_usecol:sim_time:347.0_obsid:wp1-f3_variable:so4,0.000595506,0.0,conc,,,wp1-f3,conc,lst,347.0,sim,so4,
oname:conc_otype:lst_usecol:sim_time:347.0_obsid:wp4-f5_variable:o0,6.13807e-11,0.0,conc,,,wp4-f5,conc,lst,347.0,sim,o0,
oname:conc_otype:lst_usecol:sim_time:347.0_obsid:wp4-f5_variable:ph,6.73003,0.0,conc,,,wp4-f5,conc,lst,347.0,sim,ph,
oname:conc_otype:lst_usecol:sim_time:347.0_obsid:wp4-f5_variable:so4,0.00075179,0.0,conc,,,wp4-f5,conc,lst,347.0,sim,so4,
oname:conc_otype:lst_usecol:sim_time:348.0_obsid:welopt-ly1_variable:so4,6.62e-05,0.0,forecast,,,welopt-ly1,conc,lst,348.0,sim,so4,
oname:conc_otype:lst_usecol:sim_time:348.0_obsid:welopt-ly3_variable:o0,1.28716e-10,0.0,conc,,,welopt-ly3,conc,lst,348.0,sim,o0,
oname:conc_otype:lst_usecol:sim_time:348.0_obsid:welopt-ly3_variable:ph,6.32068,0.0,conc,,,welopt-ly3,conc,lst,348.0,sim,ph,
oname:conc_otype:lst_usecol:sim_time:348.0_obsid:welopt-ly3_variable:so4,0.000629746,0.0,forecast,,,welopt-ly3,conc,lst,348.0,sim,so4,
oname:conc_otype:lst_usecol:sim_time:348.0_obsid:welopt-ly5_variable:so4,0.000696649,0.0,forecast,,,welopt-ly5,conc,lst,348.0,sim,so4,
oname:conc_otype:lst_usecol:sim_time:348.0_obsid:wp1-f3_variable:o0,2.37951e-05,0.0,conc,,,wp1-f3,conc,lst,348.0,sim,o0,
oname:conc_otype:lst_usecol:sim_time:348.0_obsid:wp1-f3_variable:ph,6.76508,0.0,conc,,,wp1-f3,conc,lst,348.0,sim,ph,
oname:conc_otype:lst_usecol:sim_time:348.0_obsid:wp1-f3_variable:so4,0.000595506,0.0,conc,,,wp1-f3,conc,lst,348.0,sim,so4,
oname:conc_otype:lst_usecol:sim_time:348.0_obsid:wp4-f5_variable:o0,6.13807e-11,0.0,conc,,,wp4-f5,conc,lst,348.0,sim,o0,
oname:conc_otype:lst_usecol:sim_time:348.0_obsid:wp4-f5_variable:ph,6.73003,0.0,conc,,,wp4-f5,conc,lst,348.0,sim,ph,
oname:conc_otype:lst_usecol:sim_time:348.0_obsid:wp4-f5_variable:so4,0.00075179,0.0,conc,,,wp4-f5,conc,lst,348.0,sim,so4,
oname:conc_otype:lst_usecol:sim_time:349.0_obsid:welopt-ly1_variable:so4,6.62e-05,0.0,forecast,,,welopt-ly1,conc,lst,349.0,sim,so4,
oname:conc_otype:lst_usecol:sim_time:349.0_obsid:welopt-ly3_variable:o0,1.28716e-10,0.0,conc,,,welopt-ly3,conc,lst,349.0,sim,o0,
oname:conc_otype:lst_usecol:sim_time:349.0_obsid:welopt-ly3_variable:ph,6.32068,0.0,conc,,,welopt-ly3,conc,lst,349.0,sim,ph,
oname:conc_otype:lst_usecol:sim_time:349.0_obsid:welopt-ly3_variable:so4,0.000629746,0.0,forecast,,,welopt-ly3,conc,lst,349.0,sim,so4,
oname:conc_otype:lst_usecol:sim_time:349.0_obsid:welopt-ly5_variable:so4,0.000696649,0.0,forecast,,,welopt-ly5,conc,lst,349.0,sim,so4,
oname:conc_otype:lst_usecol:sim_time:349.0_obsid:wp1-f3_variable:o0,2.37951e-05,0.0,conc,,,wp1-f3,conc,lst,349.0,sim,o0,
oname:conc_otype:lst_usecol:sim_time:349.0_obsid:wp1-f3_variable:ph,6.76508,0.0,conc,,,wp1-f3,conc,lst,349.0,sim,ph,
oname:conc_otype:lst_usecol:sim_time:349.0_obsid:wp1-f3_variable:so4,0.000595506,0.0,conc,,,wp1-f3,conc,lst,349.0,sim,so4,
oname:conc_otype:lst_usecol:sim_time:349.0_obsid:wp4-f5_variable:o0,6.13807e-11,0.0,conc,,,wp4-f5,conc,lst,349.0,sim,o0,
oname:conc_otype:lst_usecol:sim_time:349.0_obsid:wp4-f5_variable:ph,6.73003,0.0,conc,,,wp4-f5,conc,lst,349.0,sim,ph,
oname:conc_otype:lst_usecol:sim_time:349.0_obsid:wp4-f5_variable:so4,0.00075179,0.0,conc,,,wp4-f5,conc,lst,349.0,sim,so4,
oname:conc_otype:lst_usecol:sim_time:35.0562_obsid:wp1-f3_variable:o0,1.1709299999999999e-27,3065.696697424829,conc,,,wp1-f3,conc,lst,35.0562,sim,o0,0.000326190128606
oname:conc_otype:lst_usecol:sim_time:35.0562_obsid:wp1-f3_variable:ph,6.40852,0.6131393394849658,conc,,,wp1-f3,conc,lst,35.0562,sim,ph,1.6309506430300091
oname:conc_otype:lst_usecol:sim_time:35.0562_obsid:wp1-f3_variable:so4,0.000638853,1226.2786789699317,conc,,,wp1-f3,conc,lst,35.0562,sim,so4,0.000815475321515
oname:conc_otype:lst_usecol:sim_time:35.0_obsid:welopt-ly3_variable:o0,0.0,0.0,conc,,,welopt-ly3,conc,lst,35.0,sim,o0,
oname:conc_otype:lst_usecol:sim_time:35.0_obsid:welopt-ly3_variable:ph,6.67491,0.0,conc,,,welopt-ly3,conc,lst,35.0,sim,ph,
oname:conc_otype:lst_usecol:sim_time:35.0_obsid:welopt-ly3_variable:so4,5.51132e-05,0.0,conc,,,welopt-ly3,conc,lst,35.0,sim,so4,
oname:conc_otype:lst_usecol:sim_time:35.0_obsid:wp1-f3_variable:o0,1.1709299999999999e-27,3065.696697424829,conc,,,wp1-f3,conc,lst,35.0,sim,o0,0.000326190128606
oname:conc_otype:lst_usecol:sim_time:35.0_obsid:wp1-f3_variable:ph,6.40852,0.6131393394849658,conc,,,wp1-f3,conc,lst,35.0,sim,ph,1.6309506430300091
oname:conc_otype:lst_usecol:sim_time:35.0_obsid:wp1-f3_variable:so4,0.000638853,1226.2786789699317,conc,,,wp1-f3,conc,lst,35.0,sim,so4,0.000815475321515
oname:conc_otype:lst_usecol:sim_time:35.0_obsid:wp4-f5_variable:o0,0.0,3143.4730673096574,conc,,,wp4-f5,conc,lst,35.0,sim,o0,0.0003181194744117
oname:conc_otype:lst_usecol:sim_time:35.0_obsid:wp4-f5_variable:ph,6.67329,0.6286946134619315,conc,,,wp4-f5,conc,lst,35.0,sim,ph,1.5905973720586868
oname:conc_otype:lst_usecol:sim_time:35.0_obsid:wp4-f5_variable:so4,5.60541e-05,1257.389226923863,conc,,,wp4-f5,conc,lst,35.0,sim,so4,0.0007952986860293
oname:conc_otype:lst_usecol:sim_time:350.0_obsid:welopt-ly1_variable:so4,6.62e-05,0.0,forecast,,,welopt-ly1,conc,lst,350.0,sim,so4,
oname:conc_otype:lst_usecol:sim_time:350.0_obsid:welopt-ly3_variable:o0,1.28716e-10,0.0,conc,,,welopt-ly3,conc,lst,350.0,sim,o0,
oname:conc_otype:lst_usecol:sim_time:350.0_obsid:welopt-ly3_variable:ph,6.32068,0.0,conc,,,welopt-ly3,conc,lst,350.0,sim,ph,
oname:conc_otype:lst_usecol:sim_time:350.0_obsid:welopt-ly3_variable:so4,0.000629746,0.0,forecast,,,welopt-ly3,conc,lst,350.0,sim,so4,
oname:conc_otype:lst_usecol:sim_time:350.0_obsid:welopt-ly5_variable:so4,0.000696649,0.0,forecast,,,welopt-ly5,conc,lst,350.0,sim,so4,
oname:conc_otype:lst_usecol:sim_time:350.0_obsid:wp1-f3_variable:o0,2.37951e-05,0.0,conc,,,wp1-f3,conc,lst,350.0,sim,o0,
oname:conc_otype:lst_usecol:sim_time:350.0_obsid:wp1-f3_variable:ph,6.76508,0.0,conc,,,wp1-f3,conc,lst,350.0,sim,ph,
oname:conc_otype:lst_usecol:sim_time:350.0_obsid:wp1-f3_variable:so4,0.000595506,0.0,conc,,,wp1-f3,conc,lst,350.0,sim,so4,
oname:conc_otype:lst_usecol:sim_time:350.0_obsid:wp4-f5_variable:o0,6.13807e-11,0.0,conc,,,wp4-f5,conc,lst,350.0,sim,o0,
oname:conc_otype:lst_usecol:sim_time:350.0_obsid:wp4-f5_variable:ph,6.73003,0.0,conc,,,wp4-f5,conc,lst,350.0,sim,ph,
oname:conc_otype:lst_usecol:sim_time:350.0_obsid:wp4-f5_variable:so4,0.00075179,0.0,conc,,,wp4-f5,conc,lst,350.0,sim,so4,
oname:conc_otype:lst_usecol:sim_time:351.0_obsid:welopt-ly1_variable:so4,6.62e-05,0.0,forecast,,,welopt-ly1,conc,lst,351.0,sim,so4,
oname:conc_otype:lst_usecol:sim_time:351.0_obsid:welopt-ly3_variable:o0,1.28716e-10,0.0,conc,,,welopt-ly3,conc,lst,351.0,sim,o0,
oname:conc_otype:lst_usecol:sim_time:351.0_obsid:welopt-ly3_variable:ph,6.32068,0.0,conc,,,welopt-ly3,conc,lst,351.0,sim,ph,
oname:conc_otype:lst_usecol:sim_time:351.0_obsid:welopt-ly3_variable:so4,0.000629746,0.0,forecast,,,welopt-ly3,conc,lst,351.0,sim,so4,
oname:conc_otype:lst_usecol:sim_time:351.0_obsid:welopt-ly5_variable:so4,0.000696649,0.0,forecast,,,welopt-ly5,conc,lst,351.0,sim,so4,
oname:conc_otype:lst_usecol:sim_time:351.0_obsid:wp1-f3_variable:o0,2.37951e-05,0.0,conc,,,wp1-f3,conc,lst,351.0,sim,o0,
oname:conc_otype:lst_usecol:sim_time:351.0_obsid:wp1-f3_variable:ph,6.76508,0.0,conc,,,wp1-f3,conc,lst,351.0,sim,ph,
oname:conc_otype:lst_usecol:sim_time:351.0_obsid:wp1-f3_variable:so4,0.000595506,0.0,conc,,,wp1-f3,conc,lst,351.0,sim,so4,
oname:conc_otype:lst_usecol:sim_time:351.0_obsid:wp4-f5_variable:o0,6.13807e-11,0.0,conc,,,wp4-f5,conc,lst,351.0,sim,o0,
oname:conc_otype:lst_usecol:sim_time:351.0_obsid:wp4-f5_variable:ph,6.73003,0.0,conc,,,wp4-f5,conc,lst,351.0,sim,ph,
oname:conc_otype:lst_usecol:sim_time:351.0_obsid:wp4-f5_variable:so4,0.00075179,0.0,conc,,,wp4-f5,conc,lst,351.0,sim,so4,
oname:conc_otype:lst_usecol:sim_time:352.0_obsid:welopt-ly1_variable:so4,7.02357e-05,0.0,forecast,,,welopt-ly1,conc,lst,352.0,sim,so4,
oname:conc_otype:lst_usecol:sim_time:352.0_obsid:welopt-ly3_variable:o0,1.53902e-10,0.0,conc,,,welopt-ly3,conc,lst,352.0,sim,o0,
oname:conc_otype:lst_usecol:sim_time:352.0_obsid:welopt-ly3_variable:ph,6.43214,0.0,conc,,,welopt-ly3,conc,lst,352.0,sim,ph,
oname:conc_otype:lst_usecol:sim_time:352.0_obsid:welopt-ly3_variable:so4,0.000642272,0.0,forecast,,,welopt-ly3,conc,lst,352.0,sim,so4,
oname:conc_otype:lst_usecol:sim_time:352.0_obsid:welopt-ly5_variable:so4,0.000708542,0.0,forecast,,,welopt-ly5,conc,lst,352.0,sim,so4,
oname:conc_otype:lst_usecol:sim_time:352.0_obsid:wp1-f3_variable:o0,3.17969e-05,0.0,conc,,,wp1-f3,conc,lst,352.0,sim,o0,
oname:conc_otype:lst_usecol:sim_time:352.0_obsid:wp1-f3_variable:ph,6.77228,0.0,conc,,,wp1-f3,conc,lst,352.0,sim,ph,
oname:conc_otype:lst_usecol:sim_time:352.0_obsid:wp1-f3_variable:so4,0.000600377,0.0,conc,,,wp1-f3,conc,lst,352.0,sim,so4,
oname:conc_otype:lst_usecol:sim_time:352.0_obsid:wp4-f5_variable:o0,6.94176e-11,0.0,conc,,,wp4-f5,conc,lst,352.0,sim,o0,
oname:conc_otype:lst_usecol:sim_time:352.0_obsid:wp4-f5_variable:ph,6.74462,0.0,conc,,,wp4-f5,conc,lst,352.0,sim,ph,
oname:conc_otype:lst_usecol:sim_time:352.0_obsid:wp4-f5_variable:so4,0.000777609,0.0,conc,,,wp4-f5,conc,lst,352.0,sim,so4,
oname:conc_otype:lst_usecol:sim_time:353.0_obsid:welopt-ly1_variable:so4,7.02357e-05,0.0,forecast,,,welopt-ly1,conc,lst,353.0,sim,so4,
oname:conc_otype:lst_usecol:sim_time:353.0_obsid:welopt-ly3_variable:o0,1.53902e-10,0.0,conc,,,welopt-ly3,conc,lst,353.0,sim,o0,
oname:conc_otype:lst_usecol:sim_time:353.0_obsid:welopt-ly3_variable:ph,6.43214,0.0,conc,,,welopt-ly3,conc,lst,353.0,sim,ph,
oname:conc_otype:lst_usecol:sim_time:353.0_obsid:welopt-ly3_variable:so4,0.000642272,0.0,forecast,,,welopt-ly3,conc,lst,353.0,sim,so4,
oname:conc_otype:lst_usecol:sim_time:353.0_obsid:welopt-ly5_variable:so4,0.000708542,0.0,forecast,,,welopt-ly5,conc,lst,353.0,sim,so4,
oname:conc_otype:lst_usecol:sim_time:353.0_obsid:wp1-f3_variable:o0,3.17969e-05,0.0,conc,,,wp1-f3,conc,lst,353.0,sim,o0,
oname:conc_otype:lst_usecol:sim_time:353.0_obsid:wp1-f3_variable:ph,6.77228,0.0,conc,,,wp1-f3,conc,lst,353.0,sim,ph,
oname:conc_otype:lst_usecol:sim_time:353.0_obsid:wp1-f3_variable:so4,0.000600377,0.0,conc,,,wp1-f3,conc,lst,353.0,sim,so4,
oname:conc_otype:lst_usecol:sim_time:353.0_obsid:wp4-f5_variable:o0,6.94176e-11,0.0,conc,,,wp4-f5,conc,lst,353.0,sim,o0,
oname:conc_otype:lst_usecol:sim_time:353.0_obsid:wp4-f5_variable:ph,6.74462,0.0,conc,,,wp4-f5,conc,lst,353.0,sim,ph,
oname:conc_otype:lst_usecol:sim_time:353.0_obsid:wp4-f5_variable:so4,0.000777609,0.0,conc,,,wp4-f5,conc,lst,353.0,sim,so4,
oname:conc_otype:lst_usecol:sim_time:354.0_obsid:welopt-ly1_variable:so4,7.02357e-05,0.0,forecast,,,welopt-ly1,conc,lst,354.0,sim,so4,
oname:conc_otype:lst_usecol:sim_time:354.0_obsid:welopt-ly3_variable:o0,1.53902e-10,0.0,conc,,,welopt-ly3,conc,lst,354.0,sim,o0,
oname:conc_otype:lst_usecol:sim_time:354.0_obsid:welopt-ly3_variable:ph,6.43214,0.0,conc,,,welopt-ly3,conc,lst,354.0,sim,ph,
oname:conc_otype:lst_usecol:sim_time:354.0_obsid:welopt-ly3_variable:so4,0.000642272,0.0,forecast,,,welopt-ly3,conc,lst,354.0,sim,so4,
oname:conc_otype:lst_usecol:sim_time:354.0_obsid:welopt-ly5_variable:so4,0.000708542,0.0,forecast,,,welopt-ly5,conc,lst,354.0,sim,so4,
oname:conc_otype:lst_usecol:sim_time:354.0_obsid:wp1-f3_variable:o0,3.17969e-05,0.0,conc,,,wp1-f3,conc,lst,354.0,sim,o0,
oname:conc_otype:lst_usecol:sim_time:354.0_obsid:wp1-f3_variable:ph,6.77228,0.0,conc,,,wp1-f3,conc,lst,354.0,sim,ph,
oname:conc_otype:lst_usecol:sim_time:354.0_obsid:wp1-f3_variable:so4,0.000600377,0.0,conc,,,wp1-f3,conc,lst,354.0,sim,so4,
oname:conc_otype:lst_usecol:sim_time:354.0_obsid:wp4-f5_variable:o0,6.94176e-11,0.0,conc,,,wp4-f5,conc,lst,354.0,sim,o0,
oname:conc_otype:lst_usecol:sim_time:354.0_obsid:wp4-f5_variable:ph,6.74462,0.0,conc,,,wp4-f5,conc,lst,354.0,sim,ph,
oname:conc_otype:lst_usecol:sim_time:354.0_obsid:wp4-f5_variable:so4,0.000777609,0.0,conc,,,wp4-f5,conc,lst,354.0,sim,so4,
oname:conc_otype:lst_usecol:sim_time:355.0_obsid:welopt-ly1_variable:so4,7.02357e-05,0.0,forecast,,,welopt-ly1,conc,lst,355.0,sim,so4,
oname:conc_otype:lst_usecol:sim_time:355.0_obsid:welopt-ly3_variable:o0,1.53902e-10,0.0,conc,,,welopt-ly3,conc,lst,355.0,sim,o0,
oname:conc_otype:lst_usecol:sim_time:355.0_obsid:welopt-ly3_variable:ph,6.43214,0.0,conc,,,welopt-ly3,conc,lst,355.0,sim,ph,
oname:conc_otype:lst_usecol:sim_time:355.0_obsid:welopt-ly3_variable:so4,0.000642272,0.0,forecast,,,welopt-ly3,conc,lst,355.0,sim,so4,
oname:conc_otype:lst_usecol:sim_time:355.0_obsid:welopt-ly5_variable:so4,0.000708542,0.0,forecast,,,welopt-ly5,conc,lst,355.0,sim,so4,
oname:conc_otype:lst_usecol:sim_time:355.0_obsid:wp1-f3_variable:o0,3.17969e-05,0.0,conc,,,wp1-f3,conc,lst,355.0,sim,o0,
oname:conc_otype:lst_usecol:sim_time:355.0_obsid:wp1-f3_variable:ph,6.77228,0.0,conc,,,wp1-f3,conc,lst,355.0,sim,ph,
oname:conc_otype:lst_usecol:sim_time:355.0_obsid:wp1-f3_variable:so4,0.000600377,0.0,conc,,,wp1-f3,conc,lst,355.0,sim,so4,
oname:conc_otype:lst_usecol:sim_time:355.0_obsid:wp4-f5_variable:o0,6.94176e-11,0.0,conc,,,wp4-f5,conc,lst,355.0,sim,o0,
oname:conc_otype:lst_usecol:sim_time:355.0_obsid:wp4-f5_variable:ph,6.74462,0.0,conc,,,wp4-f5,conc,lst,355.0,sim,ph,
oname:conc_otype:lst_usecol:sim_time:355.0_obsid:wp4-f5_variable:so4,0.000777609,0.0,conc,,,wp4-f5,conc,lst,355.0,sim,so4,
oname:conc_otype:lst_usecol:sim_time:356.0_obsid:welopt-ly1_variable:so4,7.02357e-05,0.0,forecast,,,welopt-ly1,conc,lst,356.0,sim,so4,
oname:conc_otype:lst_usecol:sim_time:356.0_obsid:welopt-ly3_variable:o0,1.53902e-10,0.0,conc,,,welopt-ly3,conc,lst,356.0,sim,o0,
oname:conc_otype:lst_usecol:sim_time:356.0_obsid:welopt-ly3_variable:ph,6.43214,0.0,conc,,,welopt-ly3,conc,lst,356.0,sim,ph,
oname:conc_otype:lst_usecol:sim_time:356.0_obsid:welopt-ly3_variable:so4,0.000642272,0.0,forecast,,,welopt-ly3,conc,lst,356.0,sim,so4,
oname:conc_otype:lst_usecol:sim_time:356.0_obsid:welopt-ly5_variable:so4,0.000708542,0.0,forecast,,,welopt-ly5,conc,lst,356.0,sim,so4,
oname:conc_otype:lst_usecol:sim_time:356.0_obsid:wp1-f3_variable:o0,3.17969e-05,0.0,conc,,,wp1-f3,conc,lst,356.0,sim,o0,
oname:conc_otype:lst_usecol:sim_time:356.0_obsid:wp1-f3_variable:ph,6.77228,0.0,conc,,,wp1-f3,conc,lst,356.0,sim,ph,
oname:conc_otype:lst_usecol:sim_time:356.0_obsid:wp1-f3_variable:so4,0.000600377,0.0,conc,,,wp1-f3,conc,lst,356.0,sim,so4,
oname:conc_otype:lst_usecol:sim_time:356.0_obsid:wp4-f5_variable:o0,6.94176e-11,0.0,conc,,,wp4-f5,conc,lst,356.0,sim,o0,
oname:conc_otype:lst_usecol:sim_time:356.0_obsid:wp4-f5_variable:ph,6.74462,0.0,conc,,,wp4-f5,conc,lst,356.0,sim,ph,
oname:conc_otype:lst_usecol:sim_time:356.0_obsid:wp4-f5_variable:so4,0.000777609,0.0,conc,,,wp4-f5,conc,lst,356.0,sim,so4,
oname:conc_otype:lst_usecol:sim_time:357.0_obsid:welopt-ly1_variable:so4,7.02357e-05,0.0,forecast,,,welopt-ly1,conc,lst,357.0,sim,so4,
oname:conc_otype:lst_usecol:sim_time:357.0_obsid:welopt-ly3_variable:o0,1.53902e-10,0.0,conc,,,welopt-ly3,conc,lst,357.0,sim,o0,
oname:conc_otype:lst_usecol:sim_time:357.0_obsid:welopt-ly3_variable:ph,6.43214,0.0,conc,,,welopt-ly3,conc,lst,357.0,sim,ph,
oname:conc_otype:lst_usecol:sim_time:357.0_obsid:welopt-ly3_variable:so4,0.000642272,0.0,forecast,,,welopt-ly3,conc,lst,357.0,sim,so4,
oname:conc_otype:lst_usecol:sim_time:357.0_obsid:welopt-ly5_variable:so4,0.000708542,0.0,forecast,,,welopt-ly5,conc,lst,357.0,sim,so4,
oname:conc_otype:lst_usecol:sim_time:357.0_obsid:wp1-f3_variable:o0,3.17969e-05,0.0,conc,,,wp1-f3,conc,lst,357.0,sim,o0,
oname:conc_otype:lst_usecol:sim_time:357.0_obsid:wp1-f3_variable:ph,6.77228,0.0,conc,,,wp1-f3,conc,lst,357.0,sim,ph,
oname:conc_otype:lst_usecol:sim_time:357.0_obsid:wp1-f3_variable:so4,0.000600377,0.0,conc,,,wp1-f3,conc,lst,357.0,sim,so4,
oname:conc_otype:lst_usecol:sim_time:357.0_obsid:wp4-f5_variable:o0,6.94176e-11,0.0,conc,,,wp4-f5,conc,lst,357.0,sim,o0,
oname:conc_otype:lst_usecol:sim_time:357.0_obsid:wp4-f5_variable:ph,6.74462,0.0,conc,,,wp4-f5,conc,lst,357.0,sim,ph,
oname:conc_otype:lst_usecol:sim_time:357.0_obsid:wp4-f5_variable:so4,0.000777609,0.0,conc,,,wp4-f5,conc,lst,357.0,sim,so4,
oname:conc_otype:lst_usecol:sim_time:358.0_obsid:welopt-ly1_variable:so4,7.02357e-05,0.0,forecast,,,welopt-ly1,conc,lst,358.0,sim,so4,
oname:conc_otype:lst_usecol:sim_time:358.0_obsid:welopt-ly3_variable:o0,1.53902e-10,0.0,conc,,,welopt-ly3,conc,lst,358.0,sim,o0,
oname:conc_otype:lst_usecol:sim_time:358.0_obsid:welopt-ly3_variable:ph,6.43214,0.0,conc,,,welopt-ly3,conc,lst,358.0,sim,ph,
oname:conc_otype:lst_usecol:sim_time:358.0_obsid:welopt-ly3_variable:so4,0.000642272,0.0,forecast,,,welopt-ly3,conc,lst,358.0,sim,so4,
oname:conc_otype:lst_usecol:sim_time:358.0_obsid:welopt-ly5_variable:so4,0.000708542,0.0,forecast,,,welopt-ly5,conc,lst,358.0,sim,so4,
oname:conc_otype:lst_usecol:sim_time:358.0_obsid:wp1-f3_variable:o0,3.17969e-05,0.0,conc,,,wp1-f3,conc,lst,358.0,sim,o0,
oname:conc_otype:lst_usecol:sim_time:358.0_obsid:wp1-f3_variable:ph,6.77228,0.0,conc,,,wp1-f3,conc,lst,358.0,sim,ph,
oname:conc_otype:lst_usecol:sim_time:358.0_obsid:wp1-f3_variable:so4,0.000600377,0.0,conc,,,wp1-f3,conc,lst,358.0,sim,so4,
oname:conc_otype:lst_usecol:sim_time:358.0_obsid:wp4-f5_variable:o0,6.94176e-11,0.0,conc,,,wp4-f5,conc,lst,358.0,sim,o0,
oname:conc_otype:lst_usecol:sim_time:358.0_obsid:wp4-f5_variable:ph,6.74462,0.0,conc,,,wp4-f5,conc,lst,358.0,sim,ph,
oname:conc_otype:lst_usecol:sim_time:358.0_obsid:wp4-f5_variable:so4,0.000777609,0.0,conc,,,wp4-f5,conc,lst,358.0,sim,so4,
oname:conc_otype:lst_usecol:sim_time:359.0_obsid:welopt-ly1_variable:so4,7.52859e-05,0.0,forecast,,,welopt-ly1,conc,lst,359.0,sim,so4,
oname:conc_otype:lst_usecol:sim_time:359.0_obsid:welopt-ly3_variable:o0,1.42677e-10,0.0,conc,,,welopt-ly3,conc,lst,359.0,sim,o0,
oname:conc_otype:lst_usecol:sim_time:359.0_obsid:welopt-ly3_variable:ph,6.4519,0.0,conc,,,welopt-ly3,conc,lst,359.0,sim,ph,
oname:conc_otype:lst_usecol:sim_time:359.0_obsid:welopt-ly3_variable:so4,0.000655057,0.0,forecast,,,welopt-ly3,conc,lst,359.0,sim,so4,
oname:conc_otype:lst_usecol:sim_time:359.0_obsid:welopt-ly5_variable:so4,0.000716099,0.0,forecast,,,welopt-ly5,conc,lst,359.0,sim,so4,
oname:conc_otype:lst_usecol:sim_time:359.0_obsid:wp1-f3_variable:o0,3.63674e-05,0.0,conc,,,wp1-f3,conc,lst,359.0,sim,o0,
oname:conc_otype:lst_usecol:sim_time:359.0_obsid:wp1-f3_variable:ph,6.77682,0.0,conc,,,wp1-f3,conc,lst,359.0,sim,ph,
oname:conc_otype:lst_usecol:sim_time:359.0_obsid:wp1-f3_variable:so4,0.000600693,0.0,conc,,,wp1-f3,conc,lst,359.0,sim,so4,
oname:conc_otype:lst_usecol:sim_time:359.0_obsid:wp4-f5_variable:o0,7.72423e-11,0.0,conc,,,wp4-f5,conc,lst,359.0,sim,o0,
oname:conc_otype:lst_usecol:sim_time:359.0_obsid:wp4-f5_variable:ph,6.75062,0.0,conc,,,wp4-f5,conc,lst,359.0,sim,ph,
oname:conc_otype:lst_usecol:sim_time:359.0_obsid:wp4-f5_variable:so4,0.00078129,0.0,conc,,,wp4-f5,conc,lst,359.0,sim,so4,
oname:conc_otype:lst_usecol:sim_time:36.0_obsid:welopt-ly3_variable:o0,0.0,0.0,conc,,,welopt-ly3,conc,lst,36.0,sim,o0,
oname:conc_otype:lst_usecol:sim_time:36.0_obsid:welopt-ly3_variable:ph,6.67491,0.0,conc,,,welopt-ly3,conc,lst,36.0,sim,ph,
oname:conc_otype:lst_usecol:sim_time:36.0_obsid:welopt-ly3_variable:so4,5.51132e-05,0.0,conc,,,welopt-ly3,conc,lst,36.0,sim,so4,
oname:conc_otype:lst_usecol:sim_time:36.0_obsid:wp1-f3_variable:o0,1.1709299999999999e-27,3065.696697424829,conc,,,wp1-f3,conc,lst,36.0,sim,o0,0.000326190128606
oname:conc_otype:lst_usecol:sim_time:36.0_obsid:wp1-f3_variable:ph,6.40852,0.6131393394849658,conc,,,wp1-f3,conc,lst,36.0,sim,ph,1.6309506430300091
oname:conc_otype:lst_usecol:sim_time:36.0_obsid:wp1-f3_variable:so4,0.000638853,1226.2786789699317,conc,,,wp1-f3,conc,lst,36.0,sim,so4,0.000815475321515
oname:conc_otype:lst_usecol:sim_time:36.0_obsid:wp4-f5_variable:o0,0.0,3143.4730673096574,conc,,,wp4-f5,conc,lst,36.0,sim,o0,0.0003181194744117
oname:conc_otype:lst_usecol:sim_time:36.0_obsid:wp4-f5_variable:ph,6.67329,0.6286946134619315,conc,,,wp4-f5,conc,lst,36.0,sim,ph,1.5905973720586868
oname:conc_otype:lst_usecol:sim_time:36.0_obsid:wp4-f5_variable:so4,5.60541e-05,1257.389226923863,conc,,,wp4-f5,conc,lst,36.0,sim,so4,0.0007952986860293
oname:conc_otype:lst_usecol:sim_time:360.0_obsid:welopt-ly1_variable:so4,7.52859e-05,0.0,forecast,,,welopt-ly1,conc,lst,360.0,sim,so4,
oname:conc_otype:lst_usecol:sim_time:360.0_obsid:welopt-ly3_variable:o0,1.42677e-10,0.0,conc,,,welopt-ly3,conc,lst,360.0,sim,o0,
oname:conc_otype:lst_usecol:sim_time:360.0_obsid:welopt-ly3_variable:ph,6.4519,0.0,conc,,,welopt-ly3,conc,lst,360.0,sim,ph,
oname:conc_otype:lst_usecol:sim_time:360.0_obsid:welopt-ly3_variable:so4,0.000655057,0.0,forecast,,,welopt-ly3,conc,lst,360.0,sim,so4,
oname:conc_otype:lst_usecol:sim_time:360.0_obsid:welopt-ly5_variable:so4,0.000716099,0.0,forecast,,,welopt-ly5,conc,lst,360.0,sim,so4,
oname:conc_otype:lst_usecol:sim_time:360.0_obsid:wp1-f3_variable:o0,3.63674e-05,0.0,conc,,,wp1-f3,conc,lst,360.0,sim,o0,
oname:conc_otype:lst_usecol:sim_time:360.0_obsid:wp1-f3_variable:ph,6.77682,0.0,conc,,,wp1-f3,conc,lst,360.0,sim,ph,
oname:conc_otype:lst_usecol:sim_time:360.0_obsid:wp1-f3_variable:so4,0.000600693,0.0,conc,,,wp1-f3,conc,lst,360.0,sim,so4,
oname:conc_otype:lst_usecol:sim_time:360.0_obsid:wp4-f5_variable:o0,7.72423e-11,0.0,conc,,,wp4-f5,conc,lst,360.0,sim,o0,
oname:conc_otype:lst_usecol:sim_time:360.0_obsid:wp4-f5_variable:ph,6.75062,0.0,conc,,,wp4-f5,conc,lst,360.0,sim,ph,
oname:conc_otype:lst_usecol:sim_time:360.0_obsid:wp4-f5_variable:so4,0.00078129,0.0,conc,,,wp4-f5,conc,lst,360.0,sim,so4,
oname:conc_otype:lst_usecol:sim_time:361.0_obsid:welopt-ly1_variable:so4,7.52859e-05,0.0,forecast,,,welopt-ly1,conc,lst,361.0,sim,so4,
oname:conc_otype:lst_usecol:sim_time:361.0_obsid:welopt-ly3_variable:o0,1.42677e-10,0.0,conc,,,welopt-ly3,conc,lst,361.0,sim,o0,
oname:conc_otype:lst_usecol:sim_time:361.0_obsid:welopt-ly3_variable:ph,6.4519,0.0,conc,,,welopt-ly3,conc,lst,361.0,sim,ph,
oname:conc_otype:lst_usecol:sim_time:361.0_obsid:welopt-ly3_variable:so4,0.000655057,0.0,forecast,,,welopt-ly3,conc,lst,361.0,sim,so4,
oname:conc_otype:lst_usecol:sim_time:361.0_obsid:welopt-ly5_variable:so4,0.000716099,0.0,forecast,,,welopt-ly5,conc,lst,361.0,sim,so4,
oname:conc_otype:lst_usecol:sim_time:361.0_obsid:wp1-f3_variable:o0,3.63674e-05,0.0,conc,,,wp1-f3,conc,lst,361.0,sim,o0,
oname:conc_otype:lst_usecol:sim_time:361.0_obsid:wp1-f3_variable:ph,6.77682,0.0,conc,,,wp1-f3,conc,lst,361.0,sim,ph,
oname:conc_otype:lst_usecol:sim_time:361.0_obsid:wp1-f3_variable:so4,0.000600693,0.0,conc,,,wp1-f3,conc,lst,361.0,sim,so4,
oname:conc_otype:lst_usecol:sim_time:361.0_obsid:wp4-f5_variable:o0,7.72423e-11,0.0,conc,,,wp4-f5,conc,lst,361.0,sim,o0,
oname:conc_otype:lst_usecol:sim_time:361.0_obsid:wp4-f5_variable:ph,6.75062,0.0,conc,,,wp4-f5,conc,lst,361.0,sim,ph,
oname:conc_otype:lst_usecol:sim_time:361.0_obsid:wp4-f5_variable:so4,0.00078129,0.0,conc,,,wp4-f5,conc,lst,361.0,sim,so4,
oname:conc_otype:lst_usecol:sim_time:362.0_obsid:welopt-ly1_variable:so4,7.52859e-05,0.0,forecast,,,welopt-ly1,conc,lst,362.0,sim,so4,
oname:conc_otype:lst_usecol:sim_time:362.0_obsid:welopt-ly3_variable:o0,1.42677e-10,0.0,conc,,,welopt-ly3,conc,lst,362.0,sim,o0,
oname:conc_otype:lst_usecol:sim_time:362.0_obsid:welopt-ly3_variable:ph,6.4519,0.0,conc,,,welopt-ly3,conc,lst,362.0,sim,ph,
oname:conc_otype:lst_usecol:sim_time:362.0_obsid:welopt-ly3_variable:so4,0.000655057,0.0,forecast,,,welopt-ly3,conc,lst,362.0,sim,so4,
oname:conc_otype:lst_usecol:sim_time:362.0_obsid:welopt-ly5_variable:so4,0.000716099,0.0,forecast,,,welopt-ly5,conc,lst,362.0,sim,so4,
oname:conc_otype:lst_usecol:sim_time:362.0_obsid:wp1-f3_variable:o0,3.63674e-05,0.0,conc,,,wp1-f3,conc,lst,362.0,sim,o0,
oname:conc_otype:lst_usecol:sim_time:362.0_obsid:wp1-f3_variable:ph,6.77682,0.0,conc,,,wp1-f3,conc,lst,362.0,sim,ph,
oname:conc_otype:lst_usecol:sim_time:362.0_obsid:wp1-f3_variable:so4,0.000600693,0.0,conc,,,wp1-f3,conc,lst,362.0,sim,so4,
oname:conc_otype:lst_usecol:sim_time:362.0_obsid:wp4-f5_variable:o0,7.72423e-11,0.0,conc,,,wp4-f5,conc,lst,362.0,sim,o0,
oname:conc_otype:lst_usecol:sim_time:362.0_obsid:wp4-f5_variable:ph,6.75062,0.0,conc,,,wp4-f5,conc,lst,362.0,sim,ph,
oname:conc_otype:lst_usecol:sim_time:362.0_obsid:wp4-f5_variable:so4,0.00078129,0.0,conc,,,wp4-f5,conc,lst,362.0,sim,so4,
oname:conc_otype:lst_usecol:sim_time:363.0_obsid:welopt-ly1_variable:so4,7.52859e-05,0.0,forecast,,,welopt-ly1,conc,lst,363.0,sim,so4,
oname:conc_otype:lst_usecol:sim_time:363.0_obsid:welopt-ly3_variable:o0,1.42677e-10,0.0,conc,,,welopt-ly3,conc,lst,363.0,sim,o0,
oname:conc_otype:lst_usecol:sim_time:363.0_obsid:welopt-ly3_variable:ph,6.4519,0.0,conc,,,welopt-ly3,conc,lst,363.0,sim,ph,
oname:conc_otype:lst_usecol:sim_time:363.0_obsid:welopt-ly3_variable:so4,0.000655057,0.0,forecast,,,welopt-ly3,conc,lst,363.0,sim,so4,
oname:conc_otype:lst_usecol:sim_time:363.0_obsid:welopt-ly5_variable:so4,0.000716099,0.0,forecast,,,welopt-ly5,conc,lst,363.0,sim,so4,
oname:conc_otype:lst_usecol:sim_time:363.0_obsid:wp1-f3_variable:o0,3.63674e-05,0.0,conc,,,wp1-f3,conc,lst,363.0,sim,o0,
oname:conc_otype:lst_usecol:sim_time:363.0_obsid:wp1-f3_variable:ph,6.77682,0.0,conc,,,wp1-f3,conc,lst,363.0,sim,ph,
oname:conc_otype:lst_usecol:sim_time:363.0_obsid:wp1-f3_variable:so4,0.000600693,0.0,conc,,,wp1-f3,conc,lst,363.0,sim,so4,
oname:conc_otype:lst_usecol:sim_time:363.0_obsid:wp4-f5_variable:o0,7.72423e-11,0.0,conc,,,wp4-f5,conc,lst,363.0,sim,o0,
oname:conc_otype:lst_usecol:sim_time:363.0_obsid:wp4-f5_variable:ph,6.75062,0.0,conc,,,wp4-f5,conc,lst,363.0,sim,ph,
oname:conc_otype:lst_usecol:sim_time:363.0_obsid:wp4-f5_variable:so4,0.00078129,0.0,conc,,,wp4-f5,conc,lst,363.0,sim,so4,
oname:conc_otype:lst_usecol:sim_time:364.058_obsid:wp1-f3_variable:o0,3.63674e-05,0.0,conc,,,wp1-f3,conc,lst,364.058,sim,o0,
oname:conc_otype:lst_usecol:sim_time:364.058_obsid:wp1-f3_variable:ph,6.77682,0.0,conc,,,wp1-f3,conc,lst,364.058,sim,ph,
oname:conc_otype:lst_usecol:sim_time:364.058_obsid:wp1-f3_variable:so4,0.000600693,0.0,conc,,,wp1-f3,conc,lst,364.058,sim,so4,
oname:conc_otype:lst_usecol:sim_time:364.0_obsid:welopt-ly1_variable:so4,7.52859e-05,0.0,forecast,,,welopt-ly1,conc,lst,364.0,sim,so4,
oname:conc_otype:lst_usecol:sim_time:364.0_obsid:welopt-ly3_variable:o0,1.42677e-10,0.0,conc,,,welopt-ly3,conc,lst,364.0,sim,o0,
oname:conc_otype:lst_usecol:sim_time:364.0_obsid:welopt-ly3_variable:ph,6.4519,0.0,conc,,,welopt-ly3,conc,lst,364.0,sim,ph,
oname:conc_otype:lst_usecol:sim_time:364.0_obsid:welopt-ly3_variable:so4,0.000655057,0.0,forecast,,,welopt-ly3,conc,lst,364.0,sim,so4,
oname:conc_otype:lst_usecol:sim_time:364.0_obsid:welopt-ly5_variable:so4,0.000716099,0.0,forecast,,,welopt-ly5,conc,lst,364.0,sim,so4,
oname:conc_otype:lst_usecol:sim_time:364.0_obsid:wp1-f3_variable:o0,3.63674e-05,0.0,conc,,,wp1-f3,conc,lst,364.0,sim,o0,
oname:conc_otype:lst_usecol:sim_time:364.0_obsid:wp1-f3_variable:ph,6.77682,0.0,conc,,,wp1-f3,conc,lst,364.0,sim,ph,
oname:conc_otype:lst_usecol:sim_time:364.0_obsid:wp1-f3_variable:so4,0.000600693,0.0,conc,,,wp1-f3,conc,lst,364.0,sim,so4,
oname:conc_otype:lst_usecol:sim_time:364.0_obsid:wp4-f5_variable:o0,7.72423e-11,0.0,conc,,,wp4-f5,conc,lst,364.0,sim,o0,
oname:conc_otype:lst_usecol:sim_time:364.0_obsid:wp4-f5_variable:ph,6.75062,0.0,conc,,,wp4-f5,conc,lst,364.0,sim,ph,
oname:conc_otype:lst_usecol:sim_time:364.0_obsid:wp4-f5_variable:so4,0.00078129,0.0,conc,,,wp4-f5,conc,lst,364.0,sim,so4,
oname:conc_otype:lst_usecol:sim_time:365.0_obsid:welopt-ly1_variable:so4,7.52859e-05,0.0,forecast,,,welopt-ly1,conc,lst,365.0,sim,so4,
oname:conc_otype:lst_usecol:sim_time:365.0_obsid:welopt-ly3_variable:o0,1.42677e-10,0.0,conc,,,welopt-ly3,conc,lst,365.0,sim,o0,
oname:conc_otype:lst_usecol:sim_time:365.0_obsid:welopt-ly3_variable:ph,6.4519,0.0,conc,,,welopt-ly3,conc,lst,365.0,sim,ph,
oname:conc_otype:lst_usecol:sim_time:365.0_obsid:welopt-ly3_variable:so4,0.000655057,0.0,forecast,,,welopt-ly3,conc,lst,365.0,sim,so4,
oname:conc_otype:lst_usecol:sim_time:365.0_obsid:welopt-ly5_variable:so4,0.000716099,0.0,forecast,,,welopt-ly5,conc,lst,365.0,sim,so4,
oname:conc_otype:lst_usecol:sim_time:365.0_obsid:wp1-f3_variable:o0,3.63674e-05,0.0,conc,,,wp1-f3,conc,lst,365.0,sim,o0,
oname:conc_otype:lst_usecol:sim_time:365.0_obsid:wp1-f3_variable:ph,6.77682,0.0,conc,,,wp1-f3,conc,lst,365.0,sim,ph,
oname:conc_otype:lst_usecol:sim_time:365.0_obsid:wp1-f3_variable:so4,0.000600693,0.0,conc,,,wp1-f3,conc,lst,365.0,sim,so4,
oname:conc_otype:lst_usecol:sim_time:365.0_obsid:wp4-f5_variable:o0,7.72423e-11,0.0,conc,,,wp4-f5,conc,lst,365.0,sim,o0,
oname:conc_otype:lst_usecol:sim_time:365.0_obsid:wp4-f5_variable:ph,6.75062,0.0,conc,,,wp4-f5,conc,lst,365.0,sim,ph,
oname:conc_otype:lst_usecol:sim_time:365.0_obsid:wp4-f5_variable:so4,0.00078129,0.0,conc,,,wp4-f5,conc,lst,365.0,sim,so4,
oname:conc_otype:lst_usecol:sim_time:366.0_obsid:welopt-ly1_variable:so4,8.12026e-05,0.0,forecast,,,welopt-ly1,conc,lst,366.0,sim,so4,
oname:conc_otype:lst_usecol:sim_time:366.0_obsid:welopt-ly3_variable:o0,1.31643e-10,0.0,conc,,,welopt-ly3,conc,lst,366.0,sim,o0,
oname:conc_otype:lst_usecol:sim_time:366.0_obsid:welopt-ly3_variable:ph,6.47491,0.0,conc,,,welopt-ly3,conc,lst,366.0,sim,ph,
oname:conc_otype:lst_usecol:sim_time:366.0_obsid:welopt-ly3_variable:so4,0.000667972,0.0,forecast,,,welopt-ly3,conc,lst,366.0,sim,so4,
oname:conc_otype:lst_usecol:sim_time:366.0_obsid:welopt-ly5_variable:so4,0.000723057,0.0,forecast,,,welopt-ly5,conc,lst,366.0,sim,so4,
oname:conc_otype:lst_usecol:sim_time:366.0_obsid:wp1-f3_variable:o0,2.68221e-05,0.0,conc,,,wp1-f3,conc,lst,366.0,sim,o0,
oname:conc_otype:lst_usecol:sim_time:366.0_obsid:wp1-f3_variable:ph,6.76002,0.0,conc,,,wp1-f3,conc,lst,366.0,sim,ph,
oname:conc_otype:lst_usecol:sim_time:366.0_obsid:wp1-f3_variable:so4,0.000586458,0.0,conc,,,wp1-f3,conc,lst,366.0,sim,so4,
oname:conc_otype:lst_usecol:sim_time:366.0_obsid:wp4-f5_variable:o0,8.44949e-11,0.0,conc,,,wp4-f5,conc,lst,366.0,sim,o0,
oname:conc_otype:lst_usecol:sim_time:366.0_obsid:wp4-f5_variable:ph,6.75513,0.0,conc,,,wp4-f5,conc,lst,366.0,sim,ph,
oname:conc_otype:lst_usecol:sim_time:366.0_obsid:wp4-f5_variable:so4,0.000777139,0.0,conc,,,wp4-f5,conc,lst,366.0,sim,so4,
oname:conc_otype:lst_usecol:sim_time:367.0_obsid:welopt-ly1_variable:so4,8.12026e-05,0.0,forecast,,,welopt-ly1,conc,lst,367.0,sim,so4,
oname:conc_otype:lst_usecol:sim_time:367.0_obsid:welopt-ly3_variable:o0,1.31643e-10,0.0,conc,,,welopt-ly3,conc,lst,367.0,sim,o0,
oname:conc_otype:lst_usecol:sim_time:367.0_obsid:welopt-ly3_variable:ph,6.47491,0.0,conc,,,welopt-ly3,conc,lst,367.0,sim,ph,
oname:conc_otype:lst_usecol:sim_time:367.0_obsid:welopt-ly3_variable:so4,0.000667972,0.0,forecast,,,welopt-ly3,conc,lst,367.0,sim,so4,
oname:conc_otype:lst_usecol:sim_time:367.0_obsid:welopt-ly5_variable:so4,0.000723057,0.0,forecast,,,welopt-ly5,conc,lst,367.0,sim,so4,
oname:conc_otype:lst_usecol:sim_time:367.0_obsid:wp1-f3_variable:o0,2.68221e-05,0.0,conc,,,wp1-f3,conc,lst,367.0,sim,o0,
oname:conc_otype:lst_usecol:sim_time:367.0_obsid:wp1-f3_variable:ph,6.76002,0.0,conc,,,wp1-f3,conc,lst,367.0,sim,ph,
oname:conc_otype:lst_usecol:sim_time:367.0_obsid:wp1-f3_variable:so4,0.000586458,0.0,conc,,,wp1-f3,conc,lst,367.0,sim,so4,
oname:conc_otype:lst_usecol:sim_time:367.0_obsid:wp4-f5_variable:o0,8.44949e-11,0.0,conc,,,wp4-f5,conc,lst,367.0,sim,o0,
oname:conc_otype:lst_usecol:sim_time:367.0_obsid:wp4-f5_variable:ph,6.75513,0.0,conc,,,wp4-f5,conc,lst,367.0,sim,ph,
oname:conc_otype:lst_usecol:sim_time:367.0_obsid:wp4-f5_variable:so4,0.000777139,0.0,conc,,,wp4-f5,conc,lst,367.0,sim,so4,
oname:conc_otype:lst_usecol:sim_time:368.0_obsid:welopt-ly1_variable:so4,8.12026e-05,0.0,forecast,,,welopt-ly1,conc,lst,368.0,sim,so4,
oname:conc_otype:lst_usecol:sim_time:368.0_obsid:welopt-ly3_variable:o0,1.31643e-10,0.0,conc,,,welopt-ly3,conc,lst,368.0,sim,o0,
oname:conc_otype:lst_usecol:sim_time:368.0_obsid:welopt-ly3_variable:ph,6.47491,0.0,conc,,,welopt-ly3,conc,lst,368.0,sim,ph,
oname:conc_otype:lst_usecol:sim_time:368.0_obsid:welopt-ly3_variable:so4,0.000667972,0.0,forecast,,,welopt-ly3,conc,lst,368.0,sim,so4,
oname:conc_otype:lst_usecol:sim_time:368.0_obsid:welopt-ly5_variable:so4,0.000723057,0.0,forecast,,,welopt-ly5,conc,lst,368.0,sim,so4,
oname:conc_otype:lst_usecol:sim_time:368.0_obsid:wp1-f3_variable:o0,2.68221e-05,0.0,conc,,,wp1-f3,conc,lst,368.0,sim,o0,
oname:conc_otype:lst_usecol:sim_time:368.0_obsid:wp1-f3_variable:ph,6.76002,0.0,conc,,,wp1-f3,conc,lst,368.0,sim,ph,
oname:conc_otype:lst_usecol:sim_time:368.0_obsid:wp1-f3_variable:so4,0.000586458,0.0,conc,,,wp1-f3,conc,lst,368.0,sim,so4,
oname:conc_otype:lst_usecol:sim_time:368.0_obsid:wp4-f5_variable:o0,8.44949e-11,0.0,conc,,,wp4-f5,conc,lst,368.0,sim,o0,
oname:conc_otype:lst_usecol:sim_time:368.0_obsid:wp4-f5_variable:ph,6.75513,0.0,conc,,,wp4-f5,conc,lst,368.0,sim,ph,
oname:conc_otype:lst_usecol:sim_time:368.0_obsid:wp4-f5_variable:so4,0.000777139,0.0,conc,,,wp4-f5,conc,lst,368.0,sim,so4,
oname:conc_otype:lst_usecol:sim_time:369.0_obsid:welopt-ly1_variable:so4,8.12026e-05,0.0,forecast,,,welopt-ly1,conc,lst,369.0,sim,so4,
oname:conc_otype:lst_usecol:sim_time:369.0_obsid:welopt-ly3_variable:o0,1.31643e-10,0.0,conc,,,welopt-ly3,conc,lst,369.0,sim,o0,
oname:conc_otype:lst_usecol:sim_time:369.0_obsid:welopt-ly3_variable:ph,6.47491,0.0,conc,,,welopt-ly3,conc,lst,369.0,sim,ph,
oname:conc_otype:lst_usecol:sim_time:369.0_obsid:welopt-ly3_variable:so4,0.000667972,0.0,forecast,,,welopt-ly3,conc,lst,369.0,sim,so4,
oname:conc_otype:lst_usecol:sim_time:369.0_obsid:welopt-ly5_variable:so4,0.000723057,0.0,forecast,,,welopt-ly5,conc,lst,369.0,sim,so4,
oname:conc_otype:lst_usecol:sim_time:369.0_obsid:wp1-f3_variable:o0,2.68221e-05,0.0,conc,,,wp1-f3,conc,lst,369.0,sim,o0,
oname:conc_otype:lst_usecol:sim_time:369.0_obsid:wp1-f3_variable:ph,6.76002,0.0,conc,,,wp1-f3,conc,lst,369.0,sim,ph,
oname:conc_otype:lst_usecol:sim_time:369.0_obsid:wp1-f3_variable:so4,0.000586458,0.0,conc,,,wp1-f3,conc,lst,369.0,sim,so4,
oname:conc_otype:lst_usecol:sim_time:369.0_obsid:wp4-f5_variable:o0,8.44949e-11,0.0,conc,,,wp4-f5,conc,lst,369.0,sim,o0,
oname:conc_otype:lst_usecol:sim_time:369.0_obsid:wp4-f5_variable:ph,6.75513,0.0,conc,,,wp4-f5,conc,lst,369.0,sim,ph,
oname:conc_otype:lst_usecol:sim_time:369.0_obsid:wp4-f5_variable:so4,0.000777139,0.0,conc,,,wp4-f5,conc,lst,369.0,sim,so4,
oname:conc_otype:lst_usecol:sim_time:37.0_obsid:welopt-ly3_variable:o0,0.0,0.0,conc,,,welopt-ly3,conc,lst,37.0,sim,o0,
oname:conc_otype:lst_usecol:sim_time:37.0_obsid:welopt-ly3_variable:ph,6.67491,0.0,conc,,,welopt-ly3,conc,lst,37.0,sim,ph,
oname:conc_otype:lst_usecol:sim_time:37.0_obsid:welopt-ly3_variable:so4,5.51113e-05,0.0,conc,,,welopt-ly3,conc,lst,37.0,sim,so4,
oname:conc_otype:lst_usecol:sim_time:37.0_obsid:wp1-f3_variable:o0,1.42664e-10,3065.696697424829,conc,,,wp1-f3,conc,lst,37.0,sim,o0,0.000326190128606
oname:conc_otype:lst_usecol:sim_time:37.0_obsid:wp1-f3_variable:ph,6.62437,0.6131393394849658,conc,,,wp1-f3,conc,lst,37.0,sim,ph,1.6309506430300091
oname:conc_otype:lst_usecol:sim_time:37.0_obsid:wp1-f3_variable:so4,0.00072884,1226.2786789699317,conc,,,wp1-f3,conc,lst,37.0,sim,so4,0.000815475321515
oname:conc_otype:lst_usecol:sim_time:37.0_obsid:wp4-f5_variable:o0,1.29127e-39,3143.4730673096574,conc,,,wp4-f5,conc,lst,37.0,sim,o0,0.0003181194744117
oname:conc_otype:lst_usecol:sim_time:37.0_obsid:wp4-f5_variable:ph,6.66744,0.6286946134619315,conc,,,wp4-f5,conc,lst,37.0,sim,ph,1.5905973720586868
oname:conc_otype:lst_usecol:sim_time:37.0_obsid:wp4-f5_variable:so4,5.95971e-05,1257.389226923863,conc,,,wp4-f5,conc,lst,37.0,sim,so4,0.0007952986860293
oname:conc_otype:lst_usecol:sim_time:370.0_obsid:welopt-ly1_variable:so4,8.12026e-05,0.0,forecast,,,welopt-ly1,conc,lst,370.0,sim,so4,
oname:conc_otype:lst_usecol:sim_time:370.0_obsid:welopt-ly3_variable:o0,1.31643e-10,0.0,conc,,,welopt-ly3,conc,lst,370.0,sim,o0,
oname:conc_otype:lst_usecol:sim_time:370.0_obsid:welopt-ly3_variable:ph,6.47491,0.0,conc,,,welopt-ly3,conc,lst,370.0,sim,ph,
oname:conc_otype:lst_usecol:sim_time:370.0_obsid:welopt-ly3_variable:so4,0.000667972,0.0,forecast,,,welopt-ly3,conc,lst,370.0,sim,so4,
oname:conc_otype:lst_usecol:sim_time:370.0_obsid:welopt-ly5_variable:so4,0.000723057,0.0,forecast,,,welopt-ly5,conc,lst,370.0,sim,so4,
oname:conc_otype:lst_usecol:sim_time:370.0_obsid:wp1-f3_variable:o0,2.68221e-05,0.0,conc,,,wp1-f3,conc,lst,370.0,sim,o0,
oname:conc_otype:lst_usecol:sim_time:370.0_obsid:wp1-f3_variable:ph,6.76002,0.0,conc,,,wp1-f3,conc,lst,370.0,sim,ph,
oname:conc_otype:lst_usecol:sim_time:370.0_obsid:wp1-f3_variable:so4,0.000586458,0.0,conc,,,wp1-f3,conc,lst,370.0,sim,so4,
oname:conc_otype:lst_usecol:sim_time:370.0_obsid:wp4-f5_variable:o0,8.44949e-11,0.0,conc,,,wp4-f5,conc,lst,370.0,sim,o0,
oname:conc_otype:lst_usecol:sim_time:370.0_obsid:wp4-f5_variable:ph,6.75513,0.0,conc,,,wp4-f5,conc,lst,370.0,sim,ph,
oname:conc_otype:lst_usecol:sim_time:370.0_obsid:wp4-f5_variable:so4,0.000777139,0.0,conc,,,wp4-f5,conc,lst,370.0,sim,so4,
oname:conc_otype:lst_usecol:sim_time:371.0_obsid:welopt-ly1_variable:so4,8.12026e-05,0.0,forecast,,,welopt-ly1,conc,lst,371.0,sim,so4,
oname:conc_otype:lst_usecol:sim_time:371.0_obsid:welopt-ly3_variable:o0,1.31643e-10,0.0,conc,,,welopt-ly3,conc,lst,371.0,sim,o0,
oname:conc_otype:lst_usecol:sim_time:371.0_obsid:welopt-ly3_variable:ph,6.47491,0.0,conc,,,welopt-ly3,conc,lst,371.0,sim,ph,
oname:conc_otype:lst_usecol:sim_time:371.0_obsid:welopt-ly3_variable:so4,0.000667972,0.0,forecast,,,welopt-ly3,conc,lst,371.0,sim,so4,
oname:conc_otype:lst_usecol:sim_time:371.0_obsid:welopt-ly5_variable:so4,0.000723057,0.0,forecast,,,welopt-ly5,conc,lst,371.0,sim,so4,
oname:conc_otype:lst_usecol:sim_time:371.0_obsid:wp1-f3_variable:o0,2.68221e-05,0.0,conc,,,wp1-f3,conc,lst,371.0,sim,o0,
oname:conc_otype:lst_usecol:sim_time:371.0_obsid:wp1-f3_variable:ph,6.76002,0.0,conc,,,wp1-f3,conc,lst,371.0,sim,ph,
oname:conc_otype:lst_usecol:sim_time:371.0_obsid:wp1-f3_variable:so4,0.000586458,0.0,conc,,,wp1-f3,conc,lst,371.0,sim,so4,
oname:conc_otype:lst_usecol:sim_time:371.0_obsid:wp4-f5_variable:o0,8.44949e-11,0.0,conc,,,wp4-f5,conc,lst,371.0,sim,o0,
oname:conc_otype:lst_usecol:sim_time:371.0_obsid:wp4-f5_variable:ph,6.75513,0.0,conc,,,wp4-f5,conc,lst,371.0,sim,ph,
oname:conc_otype:lst_usecol:sim_time:371.0_obsid:wp4-f5_variable:so4,0.000777139,0.0,conc,,,wp4-f5,conc,lst,371.0,sim,so4,
oname:conc_otype:lst_usecol:sim_time:372.0_obsid:welopt-ly1_variable:so4,8.12026e-05,0.0,forecast,,,welopt-ly1,conc,lst,372.0,sim,so4,
oname:conc_otype:lst_usecol:sim_time:372.0_obsid:welopt-ly3_variable:o0,1.31643e-10,0.0,conc,,,welopt-ly3,conc,lst,372.0,sim,o0,
oname:conc_otype:lst_usecol:sim_time:372.0_obsid:welopt-ly3_variable:ph,6.47491,0.0,conc,,,welopt-ly3,conc,lst,372.0,sim,ph,
oname:conc_otype:lst_usecol:sim_time:372.0_obsid:welopt-ly3_variable:so4,0.000667972,0.0,forecast,,,welopt-ly3,conc,lst,372.0,sim,so4,
oname:conc_otype:lst_usecol:sim_time:372.0_obsid:welopt-ly5_variable:so4,0.000723057,0.0,forecast,,,welopt-ly5,conc,lst,372.0,sim,so4,
oname:conc_otype:lst_usecol:sim_time:372.0_obsid:wp1-f3_variable:o0,2.68221e-05,0.0,conc,,,wp1-f3,conc,lst,372.0,sim,o0,
oname:conc_otype:lst_usecol:sim_time:372.0_obsid:wp1-f3_variable:ph,6.76002,0.0,conc,,,wp1-f3,conc,lst,372.0,sim,ph,
oname:conc_otype:lst_usecol:sim_time:372.0_obsid:wp1-f3_variable:so4,0.000586458,0.0,conc,,,wp1-f3,conc,lst,372.0,sim,so4,
oname:conc_otype:lst_usecol:sim_time:372.0_obsid:wp4-f5_variable:o0,8.44949e-11,0.0,conc,,,wp4-f5,conc,lst,372.0,sim,o0,
oname:conc_otype:lst_usecol:sim_time:372.0_obsid:wp4-f5_variable:ph,6.75513,0.0,conc,,,wp4-f5,conc,lst,372.0,sim,ph,
oname:conc_otype:lst_usecol:sim_time:372.0_obsid:wp4-f5_variable:so4,0.000777139,0.0,conc,,,wp4-f5,conc,lst,372.0,sim,so4,
oname:conc_otype:lst_usecol:sim_time:373.0_obsid:welopt-ly1_variable:so4,8.7732e-05,0.0,forecast,,,welopt-ly1,conc,lst,373.0,sim,so4,
oname:conc_otype:lst_usecol:sim_time:373.0_obsid:welopt-ly3_variable:o0,1.2085e-10,0.0,conc,,,welopt-ly3,conc,lst,373.0,sim,o0,
oname:conc_otype:lst_usecol:sim_time:373.0_obsid:welopt-ly3_variable:ph,6.50242,0.0,conc,,,welopt-ly3,conc,lst,373.0,sim,ph,
oname:conc_otype:lst_usecol:sim_time:373.0_obsid:welopt-ly3_variable:so4,0.000678993,0.0,forecast,,,welopt-ly3,conc,lst,373.0,sim,so4,
oname:conc_otype:lst_usecol:sim_time:373.0_obsid:welopt-ly5_variable:so4,0.000705644,0.0,forecast,,,welopt-ly5,conc,lst,373.0,sim,so4,
oname:conc_otype:lst_usecol:sim_time:373.0_obsid:wp1-f3_variable:o0,1.18901e-09,0.0,conc,,,wp1-f3,conc,lst,373.0,sim,o0,
oname:conc_otype:lst_usecol:sim_time:373.0_obsid:wp1-f3_variable:ph,6.72389,0.0,conc,,,wp1-f3,conc,lst,373.0,sim,ph,
oname:conc_otype:lst_usecol:sim_time:373.0_obsid:wp1-f3_variable:so4,0.000558383,0.0,conc,,,wp1-f3,conc,lst,373.0,sim,so4,
oname:conc_otype:lst_usecol:sim_time:373.0_obsid:wp4-f5_variable:o0,8.30985e-11,0.0,conc,,,wp4-f5,conc,lst,373.0,sim,o0,
oname:conc_otype:lst_usecol:sim_time:373.0_obsid:wp4-f5_variable:ph,6.74226,0.0,conc,,,wp4-f5,conc,lst,373.0,sim,ph,
oname:conc_otype:lst_usecol:sim_time:373.0_obsid:wp4-f5_variable:so4,0.000749622,0.0,conc,,,wp4-f5,conc,lst,373.0,sim,so4,
oname:conc_otype:lst_usecol:sim_time:374.0_obsid:welopt-ly1_variable:so4,8.7732e-05,0.0,forecast,,,welopt-ly1,conc,lst,374.0,sim,so4,
oname:conc_otype:lst_usecol:sim_time:374.0_obsid:welopt-ly3_variable:o0,1.2085e-10,0.0,conc,,,welopt-ly3,conc,lst,374.0,sim,o0,
oname:conc_otype:lst_usecol:sim_time:374.0_obsid:welopt-ly3_variable:ph,6.50242,0.0,conc,,,welopt-ly3,conc,lst,374.0,sim,ph,
oname:conc_otype:lst_usecol:sim_time:374.0_obsid:welopt-ly3_variable:so4,0.000678993,0.0,forecast,,,welopt-ly3,conc,lst,374.0,sim,so4,
oname:conc_otype:lst_usecol:sim_time:374.0_obsid:welopt-ly5_variable:so4,0.000705644,0.0,forecast,,,welopt-ly5,conc,lst,374.0,sim,so4,
oname:conc_otype:lst_usecol:sim_time:374.0_obsid:wp1-f3_variable:o0,1.18901e-09,0.0,conc,,,wp1-f3,conc,lst,374.0,sim,o0,
oname:conc_otype:lst_usecol:sim_time:374.0_obsid:wp1-f3_variable:ph,6.72389,0.0,conc,,,wp1-f3,conc,lst,374.0,sim,ph,
oname:conc_otype:lst_usecol:sim_time:374.0_obsid:wp1-f3_variable:so4,0.000558383,0.0,conc,,,wp1-f3,conc,lst,374.0,sim,so4,
oname:conc_otype:lst_usecol:sim_time:374.0_obsid:wp4-f5_variable:o0,8.30985e-11,0.0,conc,,,wp4-f5,conc,lst,374.0,sim,o0,
oname:conc_otype:lst_usecol:sim_time:374.0_obsid:wp4-f5_variable:ph,6.74226,0.0,conc,,,wp4-f5,conc,lst,374.0,sim,ph,
oname:conc_otype:lst_usecol:sim_time:374.0_obsid:wp4-f5_variable:so4,0.000749622,0.0,conc,,,wp4-f5,conc,lst,374.0,sim,so4,
oname:conc_otype:lst_usecol:sim_time:375.0_obsid:welopt-ly1_variable:so4,8.7732e-05,0.0,forecast,,,welopt-ly1,conc,lst,375.0,sim,so4,
oname:conc_otype:lst_usecol:sim_time:375.0_obsid:welopt-ly3_variable:o0,1.2085e-10,0.0,conc,,,welopt-ly3,conc,lst,375.0,sim,o0,
oname:conc_otype:lst_usecol:sim_time:375.0_obsid:welopt-ly3_variable:ph,6.50242,0.0,conc,,,welopt-ly3,conc,lst,375.0,sim,ph,
oname:conc_otype:lst_usecol:sim_time:375.0_obsid:welopt-ly3_variable:so4,0.000678993,0.0,forecast,,,welopt-ly3,conc,lst,375.0,sim,so4,
oname:conc_otype:lst_usecol:sim_time:375.0_obsid:welopt-ly5_variable:so4,0.000705644,0.0,forecast,,,welopt-ly5,conc,lst,375.0,sim,so4,
oname:conc_otype:lst_usecol:sim_time:375.0_obsid:wp1-f3_variable:o0,1.18901e-09,0.0,conc,,,wp1-f3,conc,lst,375.0,sim,o0,
oname:conc_otype:lst_usecol:sim_time:375.0_obsid:wp1-f3_variable:ph,6.72389,0.0,conc,,,wp1-f3,conc,lst,375.0,sim,ph,
oname:conc_otype:lst_usecol:sim_time:375.0_obsid:wp1-f3_variable:so4,0.000558383,0.0,conc,,,wp1-f3,conc,lst,375.0,sim,so4,
oname:conc_otype:lst_usecol:sim_time:375.0_obsid:wp4-f5_variable:o0,8.30985e-11,0.0,conc,,,wp4-f5,conc,lst,375.0,sim,o0,
oname:conc_otype:lst_usecol:sim_time:375.0_obsid:wp4-f5_variable:ph,6.74226,0.0,conc,,,wp4-f5,conc,lst,375.0,sim,ph,
oname:conc_otype:lst_usecol:sim_time:375.0_obsid:wp4-f5_variable:so4,0.000749622,0.0,conc,,,wp4-f5,conc,lst,375.0,sim,so4,
oname:conc_otype:lst_usecol:sim_time:376.0_obsid:welopt-ly1_variable:so4,8.7732e-05,0.0,forecast,,,welopt-ly1,conc,lst,376.0,sim,so4,
oname:conc_otype:lst_usecol:sim_time:376.0_obsid:welopt-ly3_variable:o0,1.2085e-10,0.0,conc,,,welopt-ly3,conc,lst,376.0,sim,o0,
oname:conc_otype:lst_usecol:sim_time:376.0_obsid:welopt-ly3_variable:ph,6.50242,0.0,conc,,,welopt-ly3,conc,lst,376.0,sim,ph,
oname:conc_otype:lst_usecol:sim_time:376.0_obsid:welopt-ly3_variable:so4,0.000678993,0.0,forecast,,,welopt-ly3,conc,lst,376.0,sim,so4,
oname:conc_otype:lst_usecol:sim_time:376.0_obsid:welopt-ly5_variable:so4,0.000705644,0.0,forecast,,,welopt-ly5,conc,lst,376.0,sim,so4,
oname:conc_otype:lst_usecol:sim_time:376.0_obsid:wp1-f3_variable:o0,1.18901e-09,0.0,conc,,,wp1-f3,conc,lst,376.0,sim,o0,
oname:conc_otype:lst_usecol:sim_time:376.0_obsid:wp1-f3_variable:ph,6.72389,0.0,conc,,,wp1-f3,conc,lst,376.0,sim,ph,
oname:conc_otype:lst_usecol:sim_time:376.0_obsid:wp1-f3_variable:so4,0.000558383,0.0,conc,,,wp1-f3,conc,lst,376.0,sim,so4,
oname:conc_otype:lst_usecol:sim_time:376.0_obsid:wp4-f5_variable:o0,8.30985e-11,0.0,conc,,,wp4-f5,conc,lst,376.0,sim,o0,
oname:conc_otype:lst_usecol:sim_time:376.0_obsid:wp4-f5_variable:ph,6.74226,0.0,conc,,,wp4-f5,conc,lst,376.0,sim,ph,
oname:conc_otype:lst_usecol:sim_time:376.0_obsid:wp4-f5_variable:so4,0.000749622,0.0,conc,,,wp4-f5,conc,lst,376.0,sim,so4,
oname:conc_otype:lst_usecol:sim_time:377.0_obsid:welopt-ly1_variable:so4,8.7732e-05,0.0,forecast,,,welopt-ly1,conc,lst,377.0,sim,so4,
oname:conc_otype:lst_usecol:sim_time:377.0_obsid:welopt-ly3_variable:o0,1.2085e-10,0.0,conc,,,welopt-ly3,conc,lst,377.0,sim,o0,
oname:conc_otype:lst_usecol:sim_time:377.0_obsid:welopt-ly3_variable:ph,6.50242,0.0,conc,,,welopt-ly3,conc,lst,377.0,sim,ph,
oname:conc_otype:lst_usecol:sim_time:377.0_obsid:welopt-ly3_variable:so4,0.000678993,0.0,forecast,,,welopt-ly3,conc,lst,377.0,sim,so4,
oname:conc_otype:lst_usecol:sim_time:377.0_obsid:welopt-ly5_variable:so4,0.000705644,0.0,forecast,,,welopt-ly5,conc,lst,377.0,sim,so4,
oname:conc_otype:lst_usecol:sim_time:377.0_obsid:wp1-f3_variable:o0,1.18901e-09,0.0,conc,,,wp1-f3,conc,lst,377.0,sim,o0,
oname:conc_otype:lst_usecol:sim_time:377.0_obsid:wp1-f3_variable:ph,6.72389,0.0,conc,,,wp1-f3,conc,lst,377.0,sim,ph,
oname:conc_otype:lst_usecol:sim_time:377.0_obsid:wp1-f3_variable:so4,0.000558383,0.0,conc,,,wp1-f3,conc,lst,377.0,sim,so4,
oname:conc_otype:lst_usecol:sim_time:377.0_obsid:wp4-f5_variable:o0,8.30985e-11,0.0,conc,,,wp4-f5,conc,lst,377.0,sim,o0,
oname:conc_otype:lst_usecol:sim_time:377.0_obsid:wp4-f5_variable:ph,6.74226,0.0,conc,,,wp4-f5,conc,lst,377.0,sim,ph,
oname:conc_otype:lst_usecol:sim_time:377.0_obsid:wp4-f5_variable:so4,0.000749622,0.0,conc,,,wp4-f5,conc,lst,377.0,sim,so4,
oname:conc_otype:lst_usecol:sim_time:378.0_obsid:welopt-ly1_variable:so4,8.7732e-05,0.0,forecast,,,welopt-ly1,conc,lst,378.0,sim,so4,
oname:conc_otype:lst_usecol:sim_time:378.0_obsid:welopt-ly3_variable:o0,1.2085e-10,0.0,conc,,,welopt-ly3,conc,lst,378.0,sim,o0,
oname:conc_otype:lst_usecol:sim_time:378.0_obsid:welopt-ly3_variable:ph,6.50242,0.0,conc,,,welopt-ly3,conc,lst,378.0,sim,ph,
oname:conc_otype:lst_usecol:sim_time:378.0_obsid:welopt-ly3_variable:so4,0.000678993,0.0,forecast,,,welopt-ly3,conc,lst,378.0,sim,so4,
oname:conc_otype:lst_usecol:sim_time:378.0_obsid:welopt-ly5_variable:so4,0.000705644,0.0,forecast,,,welopt-ly5,conc,lst,378.0,sim,so4,
oname:conc_otype:lst_usecol:sim_time:378.0_obsid:wp1-f3_variable:o0,1.18901e-09,0.0,conc,,,wp1-f3,conc,lst,378.0,sim,o0,
oname:conc_otype:lst_usecol:sim_time:378.0_obsid:wp1-f3_variable:ph,6.72389,0.0,conc,,,wp1-f3,conc,lst,378.0,sim,ph,
oname:conc_otype:lst_usecol:sim_time:378.0_obsid:wp1-f3_variable:so4,0.000558383,0.0,conc,,,wp1-f3,conc,lst,378.0,sim,so4,
oname:conc_otype:lst_usecol:sim_time:378.0_obsid:wp4-f5_variable:o0,8.30985e-11,0.0,conc,,,wp4-f5,conc,lst,378.0,sim,o0,
oname:conc_otype:lst_usecol:sim_time:378.0_obsid:wp4-f5_variable:ph,6.74226,0.0,conc,,,wp4-f5,conc,lst,378.0,sim,ph,
oname:conc_otype:lst_usecol:sim_time:378.0_obsid:wp4-f5_variable:so4,0.000749622,0.0,conc,,,wp4-f5,conc,lst,378.0,sim,so4,
oname:conc_otype:lst_usecol:sim_time:379.0_obsid:welopt-ly1_variable:so4,8.7732e-05,0.0,forecast,,,welopt-ly1,conc,lst,379.0,sim,so4,
oname:conc_otype:lst_usecol:sim_time:379.0_obsid:welopt-ly3_variable:o0,1.2085e-10,0.0,conc,,,welopt-ly3,conc,lst,379.0,sim,o0,
oname:conc_otype:lst_usecol:sim_time:379.0_obsid:welopt-ly3_variable:ph,6.50242,0.0,conc,,,welopt-ly3,conc,lst,379.0,sim,ph,
oname:conc_otype:lst_usecol:sim_time:379.0_obsid:welopt-ly3_variable:so4,0.000678993,0.0,forecast,,,welopt-ly3,conc,lst,379.0,sim,so4,
oname:conc_otype:lst_usecol:sim_time:379.0_obsid:welopt-ly5_variable:so4,0.000705644,0.0,forecast,,,welopt-ly5,conc,lst,379.0,sim,so4,
oname:conc_otype:lst_usecol:sim_time:379.0_obsid:wp1-f3_variable:o0,1.18901e-09,0.0,conc,,,wp1-f3,conc,lst,379.0,sim,o0,
oname:conc_otype:lst_usecol:sim_time:379.0_obsid:wp1-f3_variable:ph,6.72389,0.0,conc,,,wp1-f3,conc,lst,379.0,sim,ph,
oname:conc_otype:lst_usecol:sim_time:379.0_obsid:wp1-f3_variable:so4,0.000558383,0.0,conc,,,wp1-f3,conc,lst,379.0,sim,so4,
oname:conc_otype:lst_usecol:sim_time:379.0_obsid:wp4-f5_variable:o0,8.30985e-11,0.0,conc,,,wp4-f5,conc,lst,379.0,sim,o0,
oname:conc_otype:lst_usecol:sim_time:379.0_obsid:wp4-f5_variable:ph,6.74226,0.0,conc,,,wp4-f5,conc,lst,379.0,sim,ph,
oname:conc_otype:lst_usecol:sim_time:379.0_obsid:wp4-f5_variable:so4,0.000749622,0.0,conc,,,wp4-f5,conc,lst,379.0,sim,so4,
oname:conc_otype:lst_usecol:sim_time:38.0_obsid:welopt-ly3_variable:o0,0.0,0.0,conc,,,welopt-ly3,conc,lst,38.0,sim,o0,
oname:conc_otype:lst_usecol:sim_time:38.0_obsid:welopt-ly3_variable:ph,6.67491,0.0,conc,,,welopt-ly3,conc,lst,38.0,sim,ph,
oname:conc_otype:lst_usecol:sim_time:38.0_obsid:welopt-ly3_variable:so4,5.51113e-05,0.0,conc,,,welopt-ly3,conc,lst,38.0,sim,so4,
oname:conc_otype:lst_usecol:sim_time:38.0_obsid:wp1-f3_variable:o0,1.42664e-10,3065.696697424829,conc,,,wp1-f3,conc,lst,38.0,sim,o0,0.000326190128606
oname:conc_otype:lst_usecol:sim_time:38.0_obsid:wp1-f3_variable:ph,6.62437,0.6131393394849658,conc,,,wp1-f3,conc,lst,38.0,sim,ph,1.6309506430300091
oname:conc_otype:lst_usecol:sim_time:38.0_obsid:wp1-f3_variable:so4,0.00072884,1226.2786789699317,conc,,,wp1-f3,conc,lst,38.0,sim,so4,0.000815475321515
oname:conc_otype:lst_usecol:sim_time:38.0_obsid:wp4-f5_variable:o0,1.29127e-39,3143.4730673096574,conc,,,wp4-f5,conc,lst,38.0,sim,o0,0.0003181194744117
oname:conc_otype:lst_usecol:sim_time:38.0_obsid:wp4-f5_variable:ph,6.66744,0.6286946134619315,conc,,,wp4-f5,conc,lst,38.0,sim,ph,1.5905973720586868
oname:conc_otype:lst_usecol:sim_time:38.0_obsid:wp4-f5_variable:so4,5.95971e-05,1257.389226923863,conc,,,wp4-f5,conc,lst,38.0,sim,so4,0.0007952986860293
oname:conc_otype:lst_usecol:sim_time:380.0_obsid:welopt-ly1_variable:so4,9.45016e-05,0.0,forecast,,,welopt-ly1,conc,lst,380.0,sim,so4,
oname:conc_otype:lst_usecol:sim_time:380.0_obsid:welopt-ly3_variable:o0,1.07328e-10,0.0,conc,,,welopt-ly3,conc,lst,380.0,sim,o0,
oname:conc_otype:lst_usecol:sim_time:380.0_obsid:welopt-ly3_variable:ph,6.52787,0.0,conc,,,welopt-ly3,conc,lst,380.0,sim,ph,
oname:conc_otype:lst_usecol:sim_time:380.0_obsid:welopt-ly3_variable:so4,0.000682988,0.0,forecast,,,welopt-ly3,conc,lst,380.0,sim,so4,
oname:conc_otype:lst_usecol:sim_time:380.0_obsid:welopt-ly5_variable:so4,0.00069107,0.0,forecast,,,welopt-ly5,conc,lst,380.0,sim,so4,
oname:conc_otype:lst_usecol:sim_time:380.0_obsid:wp1-f3_variable:o0,1.04968e-09,0.0,conc,,,wp1-f3,conc,lst,380.0,sim,o0,
oname:conc_otype:lst_usecol:sim_time:380.0_obsid:wp1-f3_variable:ph,6.7201,0.0,conc,,,wp1-f3,conc,lst,380.0,sim,ph,
oname:conc_otype:lst_usecol:sim_time:380.0_obsid:wp1-f3_variable:so4,0.000552051,0.0,conc,,,wp1-f3,conc,lst,380.0,sim,so4,
oname:conc_otype:lst_usecol:sim_time:380.0_obsid:wp4-f5_variable:o0,6.63744e-11,0.0,conc,,,wp4-f5,conc,lst,380.0,sim,o0,
oname:conc_otype:lst_usecol:sim_time:380.0_obsid:wp4-f5_variable:ph,6.72691,0.0,conc,,,wp4-f5,conc,lst,380.0,sim,ph,
oname:conc_otype:lst_usecol:sim_time:380.0_obsid:wp4-f5_variable:so4,0.000704611,0.0,conc,,,wp4-f5,conc,lst,380.0,sim,so4,
oname:conc_otype:lst_usecol:sim_time:381.0_obsid:welopt-ly1_variable:so4,9.45016e-05,0.0,forecast,,,welopt-ly1,conc,lst,381.0,sim,so4,
oname:conc_otype:lst_usecol:sim_time:381.0_obsid:welopt-ly3_variable:o0,1.07328e-10,0.0,conc,,,welopt-ly3,conc,lst,381.0,sim,o0,
oname:conc_otype:lst_usecol:sim_time:381.0_obsid:welopt-ly3_variable:ph,6.52787,0.0,conc,,,welopt-ly3,conc,lst,381.0,sim,ph,
oname:conc_otype:lst_usecol:sim_time:381.0_obsid:welopt-ly3_variable:so4,0.000682988,0.0,forecast,,,welopt-ly3,conc,lst,381.0,sim,so4,
oname:conc_otype:lst_usecol:sim_time:381.0_obsid:welopt-ly5_variable:so4,0.00069107,0.0,forecast,,,welopt-ly5,conc,lst,381.0,sim,so4,
oname:conc_otype:lst_usecol:sim_time:381.0_obsid:wp1-f3_variable:o0,1.04968e-09,0.0,conc,,,wp1-f3,conc,lst,381.0,sim,o0,
oname:conc_otype:lst_usecol:sim_time:381.0_obsid:wp1-f3_variable:ph,6.7201,0.0,conc,,,wp1-f3,conc,lst,381.0,sim,ph,
oname:conc_otype:lst_usecol:sim_time:381.0_obsid:wp1-f3_variable:so4,0.000552051,0.0,conc,,,wp1-f3,conc,lst,381.0,sim,so4,
oname:conc_otype:lst_usecol:sim_time:381.0_obsid:wp4-f5_variable:o0,6.63744e-11,0.0,conc,,,wp4-f5,conc,lst,381.0,sim,o0,
oname:conc_otype:lst_usecol:sim_time:381.0_obsid:wp4-f5_variable:ph,6.72691,0.0,conc,,,wp4-f5,conc,lst,381.0,sim,ph,
oname:conc_otype:lst_usecol:sim_time:381.0_obsid:wp4-f5_variable:so4,0.000704611,0.0,conc,,,wp4-f5,conc,lst,381.0,sim,so4,
oname:conc_otype:lst_usecol:sim_time:382.0_obsid:welopt-ly1_variable:so4,9.45016e-05,0.0,forecast,,,welopt-ly1,conc,lst,382.0,sim,so4,
oname:conc_otype:lst_usecol:sim_time:382.0_obsid:welopt-ly3_variable:o0,1.07328e-10,0.0,conc,,,welopt-ly3,conc,lst,382.0,sim,o0,
oname:conc_otype:lst_usecol:sim_time:382.0_obsid:welopt-ly3_variable:ph,6.52787,0.0,conc,,,welopt-ly3,conc,lst,382.0,sim,ph,
oname:conc_otype:lst_usecol:sim_time:382.0_obsid:welopt-ly3_variable:so4,0.000682988,0.0,forecast,,,welopt-ly3,conc,lst,382.0,sim,so4,
oname:conc_otype:lst_usecol:sim_time:382.0_obsid:welopt-ly5_variable:so4,0.00069107,0.0,forecast,,,welopt-ly5,conc,lst,382.0,sim,so4,
oname:conc_otype:lst_usecol:sim_time:382.0_obsid:wp1-f3_variable:o0,1.04968e-09,0.0,conc,,,wp1-f3,conc,lst,382.0,sim,o0,
oname:conc_otype:lst_usecol:sim_time:382.0_obsid:wp1-f3_variable:ph,6.7201,0.0,conc,,,wp1-f3,conc,lst,382.0,sim,ph,
oname:conc_otype:lst_usecol:sim_time:382.0_obsid:wp1-f3_variable:so4,0.000552051,0.0,conc,,,wp1-f3,conc,lst,382.0,sim,so4,
oname:conc_otype:lst_usecol:sim_time:382.0_obsid:wp4-f5_variable:o0,6.63744e-11,0.0,conc,,,wp4-f5,conc,lst,382.0,sim,o0,
oname:conc_otype:lst_usecol:sim_time:382.0_obsid:wp4-f5_variable:ph,6.72691,0.0,conc,,,wp4-f5,conc,lst,382.0,sim,ph,
oname:conc_otype:lst_usecol:sim_time:382.0_obsid:wp4-f5_variable:so4,0.000704611,0.0,conc,,,wp4-f5,conc,lst,382.0,sim,so4,
oname:conc_otype:lst_usecol:sim_time:383.0_obsid:welopt-ly1_variable:so4,9.45016e-05,0.0,forecast,,,welopt-ly1,conc,lst,383.0,sim,so4,
oname:conc_otype:lst_usecol:sim_time:383.0_obsid:welopt-ly3_variable:o0,1.07328e-10,0.0,conc,,,welopt-ly3,conc,lst,383.0,sim,o0,
oname:conc_otype:lst_usecol:sim_time:383.0_obsid:welopt-ly3_variable:ph,6.52787,0.0,conc,,,welopt-ly3,conc,lst,383.0,sim,ph,
oname:conc_otype:lst_usecol:sim_time:383.0_obsid:welopt-ly3_variable:so4,0.000682988,0.0,forecast,,,welopt-ly3,conc,lst,383.0,sim,so4,
oname:conc_otype:lst_usecol:sim_time:383.0_obsid:welopt-ly5_variable:so4,0.00069107,0.0,forecast,,,welopt-ly5,conc,lst,383.0,sim,so4,
oname:conc_otype:lst_usecol:sim_time:383.0_obsid:wp1-f3_variable:o0,1.04968e-09,0.0,conc,,,wp1-f3,conc,lst,383.0,sim,o0,
oname:conc_otype:lst_usecol:sim_time:383.0_obsid:wp1-f3_variable:ph,6.7201,0.0,conc,,,wp1-f3,conc,lst,383.0,sim,ph,
oname:conc_otype:lst_usecol:sim_time:383.0_obsid:wp1-f3_variable:so4,0.000552051,0.0,conc,,,wp1-f3,conc,lst,383.0,sim,so4,
oname:conc_otype:lst_usecol:sim_time:383.0_obsid:wp4-f5_variable:o0,6.63744e-11,0.0,conc,,,wp4-f5,conc,lst,383.0,sim,o0,
oname:conc_otype:lst_usecol:sim_time:383.0_obsid:wp4-f5_variable:ph,6.72691,0.0,conc,,,wp4-f5,conc,lst,383.0,sim,ph,
oname:conc_otype:lst_usecol:sim_time:383.0_obsid:wp4-f5_variable:so4,0.000704611,0.0,conc,,,wp4-f5,conc,lst,383.0,sim,so4,
oname:conc_otype:lst_usecol:sim_time:384.0_obsid:welopt-ly1_variable:so4,9.45016e-05,0.0,forecast,,,welopt-ly1,conc,lst,384.0,sim,so4,
oname:conc_otype:lst_usecol:sim_time:384.0_obsid:welopt-ly3_variable:o0,1.07328e-10,0.0,conc,,,welopt-ly3,conc,lst,384.0,sim,o0,
oname:conc_otype:lst_usecol:sim_time:384.0_obsid:welopt-ly3_variable:ph,6.52787,0.0,conc,,,welopt-ly3,conc,lst,384.0,sim,ph,
oname:conc_otype:lst_usecol:sim_time:384.0_obsid:welopt-ly3_variable:so4,0.000682988,0.0,forecast,,,welopt-ly3,conc,lst,384.0,sim,so4,
oname:conc_otype:lst_usecol:sim_time:384.0_obsid:welopt-ly5_variable:so4,0.00069107,0.0,forecast,,,welopt-ly5,conc,lst,384.0,sim,so4,
oname:conc_otype:lst_usecol:sim_time:384.0_obsid:wp1-f3_variable:o0,1.04968e-09,0.0,conc,,,wp1-f3,conc,lst,384.0,sim,o0,
oname:conc_otype:lst_usecol:sim_time:384.0_obsid:wp1-f3_variable:ph,6.7201,0.0,conc,,,wp1-f3,conc,lst,384.0,sim,ph,
oname:conc_otype:lst_usecol:sim_time:384.0_obsid:wp1-f3_variable:so4,0.000552051,0.0,conc,,,wp1-f3,conc,lst,384.0,sim,so4,
oname:conc_otype:lst_usecol:sim_time:384.0_obsid:wp4-f5_variable:o0,6.63744e-11,0.0,conc,,,wp4-f5,conc,lst,384.0,sim,o0,
oname:conc_otype:lst_usecol:sim_time:384.0_obsid:wp4-f5_variable:ph,6.72691,0.0,conc,,,wp4-f5,conc,lst,384.0,sim,ph,
oname:conc_otype:lst_usecol:sim_time:384.0_obsid:wp4-f5_variable:so4,0.000704611,0.0,conc,,,wp4-f5,conc,lst,384.0,sim,so4,
oname:conc_otype:lst_usecol:sim_time:385.0_obsid:welopt-ly1_variable:so4,9.45016e-05,0.0,forecast,,,welopt-ly1,conc,lst,385.0,sim,so4,
oname:conc_otype:lst_usecol:sim_time:385.0_obsid:welopt-ly3_variable:o0,1.07328e-10,0.0,conc,,,welopt-ly3,conc,lst,385.0,sim,o0,
oname:conc_otype:lst_usecol:sim_time:385.0_obsid:welopt-ly3_variable:ph,6.52787,0.0,conc,,,welopt-ly3,conc,lst,385.0,sim,ph,
oname:conc_otype:lst_usecol:sim_time:385.0_obsid:welopt-ly3_variable:so4,0.000682988,0.0,forecast,,,welopt-ly3,conc,lst,385.0,sim,so4,
oname:conc_otype:lst_usecol:sim_time:385.0_obsid:welopt-ly5_variable:so4,0.00069107,0.0,forecast,,,welopt-ly5,conc,lst,385.0,sim,so4,
oname:conc_otype:lst_usecol:sim_time:385.0_obsid:wp1-f3_variable:o0,1.04968e-09,0.0,conc,,,wp1-f3,conc,lst,385.0,sim,o0,
oname:conc_otype:lst_usecol:sim_time:385.0_obsid:wp1-f3_variable:ph,6.7201,0.0,conc,,,wp1-f3,conc,lst,385.0,sim,ph,
oname:conc_otype:lst_usecol:sim_time:385.0_obsid:wp1-f3_variable:so4,0.000552051,0.0,conc,,,wp1-f3,conc,lst,385.0,sim,so4,
oname:conc_otype:lst_usecol:sim_time:385.0_obsid:wp4-f5_variable:o0,6.63744e-11,0.0,conc,,,wp4-f5,conc,lst,385.0,sim,o0,
oname:conc_otype:lst_usecol:sim_time:385.0_obsid:wp4-f5_variable:ph,6.72691,0.0,conc,,,wp4-f5,conc,lst,385.0,sim,ph,
oname:conc_otype:lst_usecol:sim_time:385.0_obsid:wp4-f5_variable:so4,0.000704611,0.0,conc,,,wp4-f5,conc,lst,385.0,sim,so4,
oname:conc_otype:lst_usecol:sim_time:386.0_obsid:welopt-ly1_variable:so4,9.45016e-05,0.0,forecast,,,welopt-ly1,conc,lst,386.0,sim,so4,
oname:conc_otype:lst_usecol:sim_time:386.0_obsid:welopt-ly3_variable:o0,1.07328e-10,0.0,conc,,,welopt-ly3,conc,lst,386.0,sim,o0,
oname:conc_otype:lst_usecol:sim_time:386.0_obsid:welopt-ly3_variable:ph,6.52787,0.0,conc,,,welopt-ly3,conc,lst,386.0,sim,ph,
oname:conc_otype:lst_usecol:sim_time:386.0_obsid:welopt-ly3_variable:so4,0.000682988,0.0,forecast,,,welopt-ly3,conc,lst,386.0,sim,so4,
oname:conc_otype:lst_usecol:sim_time:386.0_obsid:welopt-ly5_variable:so4,0.00069107,0.0,forecast,,,welopt-ly5,conc,lst,386.0,sim,so4,
oname:conc_otype:lst_usecol:sim_time:386.0_obsid:wp1-f3_variable:o0,1.04968e-09,0.0,conc,,,wp1-f3,conc,lst,386.0,sim,o0,
oname:conc_otype:lst_usecol:sim_time:386.0_obsid:wp1-f3_variable:ph,6.7201,0.0,conc,,,wp1-f3,conc,lst,386.0,sim,ph,
oname:conc_otype:lst_usecol:sim_time:386.0_obsid:wp1-f3_variable:so4,0.000552051,0.0,conc,,,wp1-f3,conc,lst,386.0,sim,so4,
oname:conc_otype:lst_usecol:sim_time:386.0_obsid:wp4-f5_variable:o0,6.63744e-11,0.0,conc,,,wp4-f5,conc,lst,386.0,sim,o0,
oname:conc_otype:lst_usecol:sim_time:386.0_obsid:wp4-f5_variable:ph,6.72691,0.0,conc,,,wp4-f5,conc,lst,386.0,sim,ph,
oname:conc_otype:lst_usecol:sim_time:386.0_obsid:wp4-f5_variable:so4,0.000704611,0.0,conc,,,wp4-f5,conc,lst,386.0,sim,so4,
oname:conc_otype:lst_usecol:sim_time:387.0_obsid:welopt-ly1_variable:so4,0.000101369,0.0,forecast,,,welopt-ly1,conc,lst,387.0,sim,so4,
oname:conc_otype:lst_usecol:sim_time:387.0_obsid:welopt-ly3_variable:o0,9.90307e-11,0.0,conc,,,welopt-ly3,conc,lst,387.0,sim,o0,
oname:conc_otype:lst_usecol:sim_time:387.0_obsid:welopt-ly3_variable:ph,6.54097,0.0,conc,,,welopt-ly3,conc,lst,387.0,sim,ph,
oname:conc_otype:lst_usecol:sim_time:387.0_obsid:welopt-ly3_variable:so4,0.000680892,0.0,forecast,,,welopt-ly3,conc,lst,387.0,sim,so4,
oname:conc_otype:lst_usecol:sim_time:387.0_obsid:welopt-ly5_variable:so4,0.000682668,0.0,forecast,,,welopt-ly5,conc,lst,387.0,sim,so4,
oname:conc_otype:lst_usecol:sim_time:387.0_obsid:wp1-f3_variable:o0,1.00613e-09,0.0,conc,,,wp1-f3,conc,lst,387.0,sim,o0,
oname:conc_otype:lst_usecol:sim_time:387.0_obsid:wp1-f3_variable:ph,6.71964,0.0,conc,,,wp1-f3,conc,lst,387.0,sim,ph,
oname:conc_otype:lst_usecol:sim_time:387.0_obsid:wp1-f3_variable:so4,0.000549932,0.0,conc,,,wp1-f3,conc,lst,387.0,sim,so4,
oname:conc_otype:lst_usecol:sim_time:387.0_obsid:wp4-f5_variable:o0,6.31601e-11,0.0,conc,,,wp4-f5,conc,lst,387.0,sim,o0,
oname:conc_otype:lst_usecol:sim_time:387.0_obsid:wp4-f5_variable:ph,6.72107,0.0,conc,,,wp4-f5,conc,lst,387.0,sim,ph,
oname:conc_otype:lst_usecol:sim_time:387.0_obsid:wp4-f5_variable:so4,0.000690061,0.0,conc,,,wp4-f5,conc,lst,387.0,sim,so4,
oname:conc_otype:lst_usecol:sim_time:388.0_obsid:welopt-ly1_variable:so4,0.000101369,0.0,forecast,,,welopt-ly1,conc,lst,388.0,sim,so4,
oname:conc_otype:lst_usecol:sim_time:388.0_obsid:welopt-ly3_variable:o0,9.90307e-11,0.0,conc,,,welopt-ly3,conc,lst,388.0,sim,o0,
oname:conc_otype:lst_usecol:sim_time:388.0_obsid:welopt-ly3_variable:ph,6.54097,0.0,conc,,,welopt-ly3,conc,lst,388.0,sim,ph,
oname:conc_otype:lst_usecol:sim_time:388.0_obsid:welopt-ly3_variable:so4,0.000680892,0.0,forecast,,,welopt-ly3,conc,lst,388.0,sim,so4,
oname:conc_otype:lst_usecol:sim_time:388.0_obsid:welopt-ly5_variable:so4,0.000682668,0.0,forecast,,,welopt-ly5,conc,lst,388.0,sim,so4,
oname:conc_otype:lst_usecol:sim_time:388.0_obsid:wp1-f3_variable:o0,1.00613e-09,0.0,conc,,,wp1-f3,conc,lst,388.0,sim,o0,
oname:conc_otype:lst_usecol:sim_time:388.0_obsid:wp1-f3_variable:ph,6.71964,0.0,conc,,,wp1-f3,conc,lst,388.0,sim,ph,
oname:conc_otype:lst_usecol:sim_time:388.0_obsid:wp1-f3_variable:so4,0.000549932,0.0,conc,,,wp1-f3,conc,lst,388.0,sim,so4,
oname:conc_otype:lst_usecol:sim_time:388.0_obsid:wp4-f5_variable:o0,6.31601e-11,0.0,conc,,,wp4-f5,conc,lst,388.0,sim,o0,
oname:conc_otype:lst_usecol:sim_time:388.0_obsid:wp4-f5_variable:ph,6.72107,0.0,conc,,,wp4-f5,conc,lst,388.0,sim,ph,
oname:conc_otype:lst_usecol:sim_time:388.0_obsid:wp4-f5_variable:so4,0.000690061,0.0,conc,,,wp4-f5,conc,lst,388.0,sim,so4,
oname:conc_otype:lst_usecol:sim_time:389.0_obsid:welopt-ly1_variable:so4,0.000101369,0.0,forecast,,,welopt-ly1,conc,lst,389.0,sim,so4,
oname:conc_otype:lst_usecol:sim_time:389.0_obsid:welopt-ly3_variable:o0,9.90307e-11,0.0,conc,,,welopt-ly3,conc,lst,389.0,sim,o0,
oname:conc_otype:lst_usecol:sim_time:389.0_obsid:welopt-ly3_variable:ph,6.54097,0.0,conc,,,welopt-ly3,conc,lst,389.0,sim,ph,
oname:conc_otype:lst_usecol:sim_time:389.0_obsid:welopt-ly3_variable:so4,0.000680892,0.0,forecast,,,welopt-ly3,conc,lst,389.0,sim,so4,
oname:conc_otype:lst_usecol:sim_time:389.0_obsid:welopt-ly5_variable:so4,0.000682668,0.0,forecast,,,welopt-ly5,conc,lst,389.0,sim,so4,
oname:conc_otype:lst_usecol:sim_time:389.0_obsid:wp1-f3_variable:o0,1.00613e-09,0.0,conc,,,wp1-f3,conc,lst,389.0,sim,o0,
oname:conc_otype:lst_usecol:sim_time:389.0_obsid:wp1-f3_variable:ph,6.71964,0.0,conc,,,wp1-f3,conc,lst,389.0,sim,ph,
oname:conc_otype:lst_usecol:sim_time:389.0_obsid:wp1-f3_variable:so4,0.000549932,0.0,conc,,,wp1-f3,conc,lst,389.0,sim,so4,
oname:conc_otype:lst_usecol:sim_time:389.0_obsid:wp4-f5_variable:o0,6.31601e-11,0.0,conc,,,wp4-f5,conc,lst,389.0,sim,o0,
oname:conc_otype:lst_usecol:sim_time:389.0_obsid:wp4-f5_variable:ph,6.72107,0.0,conc,,,wp4-f5,conc,lst,389.0,sim,ph,
oname:conc_otype:lst_usecol:sim_time:389.0_obsid:wp4-f5_variable:so4,0.000690061,0.0,conc,,,wp4-f5,conc,lst,389.0,sim,so4,
oname:conc_otype:lst_usecol:sim_time:39.0_obsid:welopt-ly3_variable:o0,0.0,0.0,conc,,,welopt-ly3,conc,lst,39.0,sim,o0,
oname:conc_otype:lst_usecol:sim_time:39.0_obsid:welopt-ly3_variable:ph,6.67491,0.0,conc,,,welopt-ly3,conc,lst,39.0,sim,ph,
oname:conc_otype:lst_usecol:sim_time:39.0_obsid:welopt-ly3_variable:so4,5.51113e-05,0.0,conc,,,welopt-ly3,conc,lst,39.0,sim,so4,
oname:conc_otype:lst_usecol:sim_time:39.0_obsid:wp1-f3_variable:o0,1.42664e-10,3065.696697424829,conc,,,wp1-f3,conc,lst,39.0,sim,o0,0.000326190128606
oname:conc_otype:lst_usecol:sim_time:39.0_obsid:wp1-f3_variable:ph,6.62437,0.6131393394849658,conc,,,wp1-f3,conc,lst,39.0,sim,ph,1.6309506430300091
oname:conc_otype:lst_usecol:sim_time:39.0_obsid:wp1-f3_variable:so4,0.00072884,1226.2786789699317,conc,,,wp1-f3,conc,lst,39.0,sim,so4,0.000815475321515
oname:conc_otype:lst_usecol:sim_time:39.0_obsid:wp4-f5_variable:o0,1.29127e-39,3143.4730673096574,conc,,,wp4-f5,conc,lst,39.0,sim,o0,0.0003181194744117
oname:conc_otype:lst_usecol:sim_time:39.0_obsid:wp4-f5_variable:ph,6.66744,0.6286946134619315,conc,,,wp4-f5,conc,lst,39.0,sim,ph,1.5905973720586868
oname:conc_otype:lst_usecol:sim_time:39.0_obsid:wp4-f5_variable:so4,5.95971e-05,1257.389226923863,conc,,,wp4-f5,conc,lst,39.0,sim,so4,0.0007952986860293
oname:conc_otype:lst_usecol:sim_time:390.0_obsid:welopt-ly1_variable:so4,0.000101369,0.0,forecast,,,welopt-ly1,conc,lst,390.0,sim,so4,
oname:conc_otype:lst_usecol:sim_time:390.0_obsid:welopt-ly3_variable:o0,9.90307e-11,0.0,conc,,,welopt-ly3,conc,lst,390.0,sim,o0,
oname:conc_otype:lst_usecol:sim_time:390.0_obsid:welopt-ly3_variable:ph,6.54097,0.0,conc,,,welopt-ly3,conc,lst,390.0,sim,ph,
oname:conc_otype:lst_usecol:sim_time:390.0_obsid:welopt-ly3_variable:so4,0.000680892,0.0,forecast,,,welopt-ly3,conc,lst,390.0,sim,so4,
oname:conc_otype:lst_usecol:sim_time:390.0_obsid:welopt-ly5_variable:so4,0.000682668,0.0,forecast,,,welopt-ly5,conc,lst,390.0,sim,so4,
oname:conc_otype:lst_usecol:sim_time:390.0_obsid:wp1-f3_variable:o0,1.00613e-09,0.0,conc,,,wp1-f3,conc,lst,390.0,sim,o0,
oname:conc_otype:lst_usecol:sim_time:390.0_obsid:wp1-f3_variable:ph,6.71964,0.0,conc,,,wp1-f3,conc,lst,390.0,sim,ph,
oname:conc_otype:lst_usecol:sim_time:390.0_obsid:wp1-f3_variable:so4,0.000549932,0.0,conc,,,wp1-f3,conc,lst,390.0,sim,so4,
oname:conc_otype:lst_usecol:sim_time:390.0_obsid:wp4-f5_variable:o0,6.31601e-11,0.0,conc,,,wp4-f5,conc,lst,390.0,sim,o0,
oname:conc_otype:lst_usecol:sim_time:390.0_obsid:wp4-f5_variable:ph,6.72107,0.0,conc,,,wp4-f5,conc,lst,390.0,sim,ph,
oname:conc_otype:lst_usecol:sim_time:390.0_obsid:wp4-f5_variable:so4,0.000690061,0.0,conc,,,wp4-f5,conc,lst,390.0,sim,so4,
oname:conc_otype:lst_usecol:sim_time:391.0_obsid:welopt-ly1_variable:so4,0.000101369,0.0,forecast,,,welopt-ly1,conc,lst,391.0,sim,so4,
oname:conc_otype:lst_usecol:sim_time:391.0_obsid:welopt-ly3_variable:o0,9.90307e-11,0.0,conc,,,welopt-ly3,conc,lst,391.0,sim,o0,
oname:conc_otype:lst_usecol:sim_time:391.0_obsid:welopt-ly3_variable:ph,6.54097,0.0,conc,,,welopt-ly3,conc,lst,391.0,sim,ph,
oname:conc_otype:lst_usecol:sim_time:391.0_obsid:welopt-ly3_variable:so4,0.000680892,0.0,forecast,,,welopt-ly3,conc,lst,391.0,sim,so4,
oname:conc_otype:lst_usecol:sim_time:391.0_obsid:welopt-ly5_variable:so4,0.000682668,0.0,forecast,,,welopt-ly5,conc,lst,391.0,sim,so4,
oname:conc_otype:lst_usecol:sim_time:391.0_obsid:wp1-f3_variable:o0,1.00613e-09,0.0,conc,,,wp1-f3,conc,lst,391.0,sim,o0,
oname:conc_otype:lst_usecol:sim_time:391.0_obsid:wp1-f3_variable:ph,6.71964,0.0,conc,,,wp1-f3,conc,lst,391.0,sim,ph,
oname:conc_otype:lst_usecol:sim_time:391.0_obsid:wp1-f3_variable:so4,0.000549932,0.0,conc,,,wp1-f3,conc,lst,391.0,sim,so4,
oname:conc_otype:lst_usecol:sim_time:391.0_obsid:wp4-f5_variable:o0,6.31601e-11,0.0,conc,,,wp4-f5,conc,lst,391.0,sim,o0,
oname:conc_otype:lst_usecol:sim_time:391.0_obsid:wp4-f5_variable:ph,6.72107,0.0,conc,,,wp4-f5,conc,lst,391.0,sim,ph,
oname:conc_otype:lst_usecol:sim_time:391.0_obsid:wp4-f5_variable:so4,0.000690061,0.0,conc,,,wp4-f5,conc,lst,391.0,sim,so4,
oname:conc_otype:lst_usecol:sim_time:392.0_obsid:welopt-ly1_variable:so4,0.000101369,0.0,forecast,,,welopt-ly1,conc,lst,392.0,sim,so4,
oname:conc_otype:lst_usecol:sim_time:392.0_obsid:welopt-ly3_variable:o0,9.90307e-11,0.0,conc,,,welopt-ly3,conc,lst,392.0,sim,o0,
oname:conc_otype:lst_usecol:sim_time:392.0_obsid:welopt-ly3_variable:ph,6.54097,0.0,conc,,,welopt-ly3,conc,lst,392.0,sim,ph,
oname:conc_otype:lst_usecol:sim_time:392.0_obsid:welopt-ly3_variable:so4,0.000680892,0.0,forecast,,,welopt-ly3,conc,lst,392.0,sim,so4,
oname:conc_otype:lst_usecol:sim_time:392.0_obsid:welopt-ly5_variable:so4,0.000682668,0.0,forecast,,,welopt-ly5,conc,lst,392.0,sim,so4,
oname:conc_otype:lst_usecol:sim_time:392.0_obsid:wp1-f3_variable:o0,1.00613e-09,0.0,conc,,,wp1-f3,conc,lst,392.0,sim,o0,
oname:conc_otype:lst_usecol:sim_time:392.0_obsid:wp1-f3_variable:ph,6.71964,0.0,conc,,,wp1-f3,conc,lst,392.0,sim,ph,
oname:conc_otype:lst_usecol:sim_time:392.0_obsid:wp1-f3_variable:so4,0.000549932,0.0,conc,,,wp1-f3,conc,lst,392.0,sim,so4,
oname:conc_otype:lst_usecol:sim_time:392.0_obsid:wp4-f5_variable:o0,6.31601e-11,0.0,conc,,,wp4-f5,conc,lst,392.0,sim,o0,
oname:conc_otype:lst_usecol:sim_time:392.0_obsid:wp4-f5_variable:ph,6.72107,0.0,conc,,,wp4-f5,conc,lst,392.0,sim,ph,
oname:conc_otype:lst_usecol:sim_time:392.0_obsid:wp4-f5_variable:so4,0.000690061,0.0,conc,,,wp4-f5,conc,lst,392.0,sim,so4,
oname:conc_otype:lst_usecol:sim_time:393.0_obsid:welopt-ly1_variable:so4,0.000101369,0.0,forecast,,,welopt-ly1,conc,lst,393.0,sim,so4,
oname:conc_otype:lst_usecol:sim_time:393.0_obsid:welopt-ly3_variable:o0,9.90307e-11,0.0,conc,,,welopt-ly3,conc,lst,393.0,sim,o0,
oname:conc_otype:lst_usecol:sim_time:393.0_obsid:welopt-ly3_variable:ph,6.54097,0.0,conc,,,welopt-ly3,conc,lst,393.0,sim,ph,
oname:conc_otype:lst_usecol:sim_time:393.0_obsid:welopt-ly3_variable:so4,0.000680892,0.0,forecast,,,welopt-ly3,conc,lst,393.0,sim,so4,
oname:conc_otype:lst_usecol:sim_time:393.0_obsid:welopt-ly5_variable:so4,0.000682668,0.0,forecast,,,welopt-ly5,conc,lst,393.0,sim,so4,
oname:conc_otype:lst_usecol:sim_time:393.0_obsid:wp1-f3_variable:o0,1.00613e-09,0.0,conc,,,wp1-f3,conc,lst,393.0,sim,o0,
oname:conc_otype:lst_usecol:sim_time:393.0_obsid:wp1-f3_variable:ph,6.71964,0.0,conc,,,wp1-f3,conc,lst,393.0,sim,ph,
oname:conc_otype:lst_usecol:sim_time:393.0_obsid:wp1-f3_variable:so4,0.000549932,0.0,conc,,,wp1-f3,conc,lst,393.0,sim,so4,
oname:conc_otype:lst_usecol:sim_time:393.0_obsid:wp4-f5_variable:o0,6.31601e-11,0.0,conc,,,wp4-f5,conc,lst,393.0,sim,o0,
oname:conc_otype:lst_usecol:sim_time:393.0_obsid:wp4-f5_variable:ph,6.72107,0.0,conc,,,wp4-f5,conc,lst,393.0,sim,ph,
oname:conc_otype:lst_usecol:sim_time:393.0_obsid:wp4-f5_variable:so4,0.000690061,0.0,conc,,,wp4-f5,conc,lst,393.0,sim,so4,
oname:conc_otype:lst_usecol:sim_time:394.0_obsid:welopt-ly1_variable:so4,0.000108371,0.0,forecast,,,welopt-ly1,conc,lst,394.0,sim,so4,
oname:conc_otype:lst_usecol:sim_time:394.0_obsid:welopt-ly3_variable:o0,9.84997e-11,0.0,conc,,,welopt-ly3,conc,lst,394.0,sim,o0,
oname:conc_otype:lst_usecol:sim_time:394.0_obsid:welopt-ly3_variable:ph,6.53321,0.0,conc,,,welopt-ly3,conc,lst,394.0,sim,ph,
oname:conc_otype:lst_usecol:sim_time:394.0_obsid:welopt-ly3_variable:so4,0.000676745,0.0,forecast,,,welopt-ly3,conc,lst,394.0,sim,so4,
oname:conc_otype:lst_usecol:sim_time:394.0_obsid:welopt-ly5_variable:so4,0.000675693,0.0,forecast,,,welopt-ly5,conc,lst,394.0,sim,so4,
oname:conc_otype:lst_usecol:sim_time:394.0_obsid:wp1-f3_variable:o0,8.80713e-10,0.0,conc,,,wp1-f3,conc,lst,394.0,sim,o0,
oname:conc_otype:lst_usecol:sim_time:394.0_obsid:wp1-f3_variable:ph,6.76907,0.0,conc,,,wp1-f3,conc,lst,394.0,sim,ph,
oname:conc_otype:lst_usecol:sim_time:394.0_obsid:wp1-f3_variable:so4,0.00060405,0.0,conc,,,wp1-f3,conc,lst,394.0,sim,so4,
oname:conc_otype:lst_usecol:sim_time:394.0_obsid:wp4-f5_variable:o0,6.384e-11,0.0,conc,,,wp4-f5,conc,lst,394.0,sim,o0,
oname:conc_otype:lst_usecol:sim_time:394.0_obsid:wp4-f5_variable:ph,6.7131,0.0,conc,,,wp4-f5,conc,lst,394.0,sim,ph,
oname:conc_otype:lst_usecol:sim_time:394.0_obsid:wp4-f5_variable:so4,0.000689269,0.0,conc,,,wp4-f5,conc,lst,394.0,sim,so4,
oname:conc_otype:lst_usecol:sim_time:395.0_obsid:welopt-ly1_variable:so4,0.000108371,0.0,forecast,,,welopt-ly1,conc,lst,395.0,sim,so4,
oname:conc_otype:lst_usecol:sim_time:395.0_obsid:welopt-ly3_variable:o0,9.84997e-11,0.0,conc,,,welopt-ly3,conc,lst,395.0,sim,o0,
oname:conc_otype:lst_usecol:sim_time:395.0_obsid:welopt-ly3_variable:ph,6.53321,0.0,conc,,,welopt-ly3,conc,lst,395.0,sim,ph,
oname:conc_otype:lst_usecol:sim_time:395.0_obsid:welopt-ly3_variable:so4,0.000676745,0.0,forecast,,,welopt-ly3,conc,lst,395.0,sim,so4,
oname:conc_otype:lst_usecol:sim_time:395.0_obsid:welopt-ly5_variable:so4,0.000675693,0.0,forecast,,,welopt-ly5,conc,lst,395.0,sim,so4,
oname:conc_otype:lst_usecol:sim_time:395.0_obsid:wp1-f3_variable:o0,8.80713e-10,0.0,conc,,,wp1-f3,conc,lst,395.0,sim,o0,
oname:conc_otype:lst_usecol:sim_time:395.0_obsid:wp1-f3_variable:ph,6.76907,0.0,conc,,,wp1-f3,conc,lst,395.0,sim,ph,
oname:conc_otype:lst_usecol:sim_time:395.0_obsid:wp1-f3_variable:so4,0.00060405,0.0,conc,,,wp1-f3,conc,lst,395.0,sim,so4,
oname:conc_otype:lst_usecol:sim_time:395.0_obsid:wp4-f5_variable:o0,6.384e-11,0.0,conc,,,wp4-f5,conc,lst,395.0,sim,o0,
oname:conc_otype:lst_usecol:sim_time:395.0_obsid:wp4-f5_variable:ph,6.7131,0.0,conc,,,wp4-f5,conc,lst,395.0,sim,ph,
oname:conc_otype:lst_usecol:sim_time:395.0_obsid:wp4-f5_variable:so4,0.000689269,0.0,conc,,,wp4-f5,conc,lst,395.0,sim,so4,
oname:conc_otype:lst_usecol:sim_time:396.0_obsid:welopt-ly1_variable:so4,0.000108371,0.0,forecast,,,welopt-ly1,conc,lst,396.0,sim,so4,
oname:conc_otype:lst_usecol:sim_time:396.0_obsid:welopt-ly3_variable:o0,9.84997e-11,0.0,conc,,,welopt-ly3,conc,lst,396.0,sim,o0,
oname:conc_otype:lst_usecol:sim_time:396.0_obsid:welopt-ly3_variable:ph,6.53321,0.0,conc,,,welopt-ly3,conc,lst,396.0,sim,ph,
oname:conc_otype:lst_usecol:sim_time:396.0_obsid:welopt-ly3_variable:so4,0.000676745,0.0,forecast,,,welopt-ly3,conc,lst,396.0,sim,so4,
oname:conc_otype:lst_usecol:sim_time:396.0_obsid:welopt-ly5_variable:so4,0.000675693,0.0,forecast,,,welopt-ly5,conc,lst,396.0,sim,so4,
oname:conc_otype:lst_usecol:sim_time:396.0_obsid:wp1-f3_variable:o0,8.80713e-10,0.0,conc,,,wp1-f3,conc,lst,396.0,sim,o0,
oname:conc_otype:lst_usecol:sim_time:396.0_obsid:wp1-f3_variable:ph,6.76907,0.0,conc,,,wp1-f3,conc,lst,396.0,sim,ph,
oname:conc_otype:lst_usecol:sim_time:396.0_obsid:wp1-f3_variable:so4,0.00060405,0.0,conc,,,wp1-f3,conc,lst,396.0,sim,so4,
oname:conc_otype:lst_usecol:sim_time:396.0_obsid:wp4-f5_variable:o0,6.384e-11,0.0,conc,,,wp4-f5,conc,lst,396.0,sim,o0,
oname:conc_otype:lst_usecol:sim_time:396.0_obsid:wp4-f5_variable:ph,6.7131,0.0,conc,,,wp4-f5,conc,lst,396.0,sim,ph,
oname:conc_otype:lst_usecol:sim_time:396.0_obsid:wp4-f5_variable:so4,0.000689269,0.0,conc,,,wp4-f5,conc,lst,396.0,sim,so4,
oname:conc_otype:lst_usecol:sim_time:397.0_obsid:welopt-ly1_variable:so4,0.000108371,0.0,forecast,,,welopt-ly1,conc,lst,397.0,sim,so4,
oname:conc_otype:lst_usecol:sim_time:397.0_obsid:welopt-ly3_variable:o0,9.84997e-11,0.0,conc,,,welopt-ly3,conc,lst,397.0,sim,o0,
oname:conc_otype:lst_usecol:sim_time:397.0_obsid:welopt-ly3_variable:ph,6.53321,0.0,conc,,,welopt-ly3,conc,lst,397.0,sim,ph,
oname:conc_otype:lst_usecol:sim_time:397.0_obsid:welopt-ly3_variable:so4,0.000676745,0.0,forecast,,,welopt-ly3,conc,lst,397.0,sim,so4,
oname:conc_otype:lst_usecol:sim_time:397.0_obsid:welopt-ly5_variable:so4,0.000675693,0.0,forecast,,,welopt-ly5,conc,lst,397.0,sim,so4,
oname:conc_otype:lst_usecol:sim_time:397.0_obsid:wp1-f3_variable:o0,8.80713e-10,0.0,conc,,,wp1-f3,conc,lst,397.0,sim,o0,
oname:conc_otype:lst_usecol:sim_time:397.0_obsid:wp1-f3_variable:ph,6.76907,0.0,conc,,,wp1-f3,conc,lst,397.0,sim,ph,
oname:conc_otype:lst_usecol:sim_time:397.0_obsid:wp1-f3_variable:so4,0.00060405,0.0,conc,,,wp1-f3,conc,lst,397.0,sim,so4,
oname:conc_otype:lst_usecol:sim_time:397.0_obsid:wp4-f5_variable:o0,6.384e-11,0.0,conc,,,wp4-f5,conc,lst,397.0,sim,o0,
oname:conc_otype:lst_usecol:sim_time:397.0_obsid:wp4-f5_variable:ph,6.7131,0.0,conc,,,wp4-f5,conc,lst,397.0,sim,ph,
oname:conc_otype:lst_usecol:sim_time:397.0_obsid:wp4-f5_variable:so4,0.000689269,0.0,conc,,,wp4-f5,conc,lst,397.0,sim,so4,
oname:conc_otype:lst_usecol:sim_time:398.0_obsid:welopt-ly1_variable:so4,0.000108371,0.0,forecast,,,welopt-ly1,conc,lst,398.0,sim,so4,
oname:conc_otype:lst_usecol:sim_time:398.0_obsid:welopt-ly3_variable:o0,9.84997e-11,0.0,conc,,,welopt-ly3,conc,lst,398.0,sim,o0,
oname:conc_otype:lst_usecol:sim_time:398.0_obsid:welopt-ly3_variable:ph,6.53321,0.0,conc,,,welopt-ly3,conc,lst,398.0,sim,ph,
oname:conc_otype:lst_usecol:sim_time:398.0_obsid:welopt-ly3_variable:so4,0.000676745,0.0,forecast,,,welopt-ly3,conc,lst,398.0,sim,so4,
oname:conc_otype:lst_usecol:sim_time:398.0_obsid:welopt-ly5_variable:so4,0.000675693,0.0,forecast,,,welopt-ly5,conc,lst,398.0,sim,so4,
oname:conc_otype:lst_usecol:sim_time:398.0_obsid:wp1-f3_variable:o0,8.80713e-10,0.0,conc,,,wp1-f3,conc,lst,398.0,sim,o0,
oname:conc_otype:lst_usecol:sim_time:398.0_obsid:wp1-f3_variable:ph,6.76907,0.0,conc,,,wp1-f3,conc,lst,398.0,sim,ph,
oname:conc_otype:lst_usecol:sim_time:398.0_obsid:wp1-f3_variable:so4,0.00060405,0.0,conc,,,wp1-f3,conc,lst,398.0,sim,so4,
oname:conc_otype:lst_usecol:sim_time:398.0_obsid:wp4-f5_variable:o0,6.384e-11,0.0,conc,,,wp4-f5,conc,lst,398.0,sim,o0,
oname:conc_otype:lst_usecol:sim_time:398.0_obsid:wp4-f5_variable:ph,6.7131,0.0,conc,,,wp4-f5,conc,lst,398.0,sim,ph,
oname:conc_otype:lst_usecol:sim_time:398.0_obsid:wp4-f5_variable:so4,0.000689269,0.0,conc,,,wp4-f5,conc,lst,398.0,sim,so4,
oname:conc_otype:lst_usecol:sim_time:399.0_obsid:welopt-ly1_variable:so4,0.000108371,0.0,forecast,,,welopt-ly1,conc,lst,399.0,sim,so4,
oname:conc_otype:lst_usecol:sim_time:399.0_obsid:welopt-ly3_variable:o0,9.84997e-11,0.0,conc,,,welopt-ly3,conc,lst,399.0,sim,o0,
oname:conc_otype:lst_usecol:sim_time:399.0_obsid:welopt-ly3_variable:ph,6.53321,0.0,conc,,,welopt-ly3,conc,lst,399.0,sim,ph,
oname:conc_otype:lst_usecol:sim_time:399.0_obsid:welopt-ly3_variable:so4,0.000676745,0.0,forecast,,,welopt-ly3,conc,lst,399.0,sim,so4,
oname:conc_otype:lst_usecol:sim_time:399.0_obsid:welopt-ly5_variable:so4,0.000675693,0.0,forecast,,,welopt-ly5,conc,lst,399.0,sim,so4,
oname:conc_otype:lst_usecol:sim_time:399.0_obsid:wp1-f3_variable:o0,8.80713e-10,0.0,conc,,,wp1-f3,conc,lst,399.0,sim,o0,
oname:conc_otype:lst_usecol:sim_time:399.0_obsid:wp1-f3_variable:ph,6.76907,0.0,conc,,,wp1-f3,conc,lst,399.0,sim,ph,
oname:conc_otype:lst_usecol:sim_time:399.0_obsid:wp1-f3_variable:so4,0.00060405,0.0,conc,,,wp1-f3,conc,lst,399.0,sim,so4,
oname:conc_otype:lst_usecol:sim_time:399.0_obsid:wp4-f5_variable:o0,6.384e-11,0.0,conc,,,wp4-f5,conc,lst,399.0,sim,o0,
oname:conc_otype:lst_usecol:sim_time:399.0_obsid:wp4-f5_variable:ph,6.7131,0.0,conc,,,wp4-f5,conc,lst,399.0,sim,ph,
oname:conc_otype:lst_usecol:sim_time:399.0_obsid:wp4-f5_variable:so4,0.000689269,0.0,conc,,,wp4-f5,conc,lst,399.0,sim,so4,
oname:conc_otype:lst_usecol:sim_time:4.0_obsid:welopt-ly3_variable:o0,0.0,0.0,conc,,,welopt-ly3,conc,lst,4.0,sim,o0,
oname:conc_otype:lst_usecol:sim_time:4.0_obsid:welopt-ly3_variable:ph,6.67491,0.0,conc,,,welopt-ly3,conc,lst,4.0,sim,ph,
oname:conc_otype:lst_usecol:sim_time:4.0_obsid:welopt-ly3_variable:so4,5.51205e-05,0.0,conc,,,welopt-ly3,conc,lst,4.0,sim,so4,
oname:conc_otype:lst_usecol:sim_time:4.0_obsid:wp1-f3_variable:o0,0.0,0.0,conc,,,wp1-f3,conc,lst,4.0,sim,o0,0.000326190128606
oname:conc_otype:lst_usecol:sim_time:4.0_obsid:wp1-f3_variable:ph,6.67484,0.6131393394849658,conc,,,wp1-f3,conc,lst,4.0,sim,ph,1.6309506430300091
oname:conc_otype:lst_usecol:sim_time:4.0_obsid:wp1-f3_variable:so4,5.54049e-05,1226.2786789699317,conc,,,wp1-f3,conc,lst,4.0,sim,so4,0.000815475321515
oname:conc_otype:lst_usecol:sim_time:4.0_obsid:wp4-f5_variable:o0,0.0,0.0,conc,,,wp4-f5,conc,lst,4.0,sim,o0,0.0003181194744117
oname:conc_otype:lst_usecol:sim_time:4.0_obsid:wp4-f5_variable:ph,6.67491,0.6286946134619315,conc,,,wp4-f5,conc,lst,4.0,sim,ph,1.5905973720586868
oname:conc_otype:lst_usecol:sim_time:4.0_obsid:wp4-f5_variable:so4,5.51205e-05,1257.389226923863,conc,,,wp4-f5,conc,lst,4.0,sim,so4,0.0007952986860293
oname:conc_otype:lst_usecol:sim_time:40.0_obsid:welopt-ly3_variable:o0,0.0,0.0,conc,,,welopt-ly3,conc,lst,40.0,sim,o0,
oname:conc_otype:lst_usecol:sim_time:40.0_obsid:welopt-ly3_variable:ph,6.67491,0.0,conc,,,welopt-ly3,conc,lst,40.0,sim,ph,
oname:conc_otype:lst_usecol:sim_time:40.0_obsid:welopt-ly3_variable:so4,5.51113e-05,0.0,conc,,,welopt-ly3,conc,lst,40.0,sim,so4,
oname:conc_otype:lst_usecol:sim_time:40.0_obsid:wp1-f3_variable:o0,1.42664e-10,3065.696697424829,conc,,,wp1-f3,conc,lst,40.0,sim,o0,0.000326190128606
oname:conc_otype:lst_usecol:sim_time:40.0_obsid:wp1-f3_variable:ph,6.62437,0.6131393394849658,conc,,,wp1-f3,conc,lst,40.0,sim,ph,1.6309506430300091
oname:conc_otype:lst_usecol:sim_time:40.0_obsid:wp1-f3_variable:so4,0.00072884,1226.2786789699317,conc,,,wp1-f3,conc,lst,40.0,sim,so4,0.000815475321515
oname:conc_otype:lst_usecol:sim_time:40.0_obsid:wp4-f5_variable:o0,1.29127e-39,3143.4730673096574,conc,,,wp4-f5,conc,lst,40.0,sim,o0,0.0003181194744117
oname:conc_otype:lst_usecol:sim_time:40.0_obsid:wp4-f5_variable:ph,6.66744,0.6286946134619315,conc,,,wp4-f5,conc,lst,40.0,sim,ph,1.5905973720586868
oname:conc_otype:lst_usecol:sim_time:40.0_obsid:wp4-f5_variable:so4,5.95971e-05,1257.389226923863,conc,,,wp4-f5,conc,lst,40.0,sim,so4,0.0007952986860293
oname:conc_otype:lst_usecol:sim_time:400.0_obsid:welopt-ly1_variable:so4,0.000108371,0.0,forecast,,,welopt-ly1,conc,lst,400.0,sim,so4,
oname:conc_otype:lst_usecol:sim_time:400.0_obsid:welopt-ly3_variable:o0,9.84997e-11,0.0,conc,,,welopt-ly3,conc,lst,400.0,sim,o0,
oname:conc_otype:lst_usecol:sim_time:400.0_obsid:welopt-ly3_variable:ph,6.53321,0.0,conc,,,welopt-ly3,conc,lst,400.0,sim,ph,
oname:conc_otype:lst_usecol:sim_time:400.0_obsid:welopt-ly3_variable:so4,0.000676745,0.0,forecast,,,welopt-ly3,conc,lst,400.0,sim,so4,
oname:conc_otype:lst_usecol:sim_time:400.0_obsid:welopt-ly5_variable:so4,0.000675693,0.0,forecast,,,welopt-ly5,conc,lst,400.0,sim,so4,
oname:conc_otype:lst_usecol:sim_time:400.0_obsid:wp1-f3_variable:o0,8.80713e-10,0.0,conc,,,wp1-f3,conc,lst,400.0,sim,o0,
oname:conc_otype:lst_usecol:sim_time:400.0_obsid:wp1-f3_variable:ph,6.76907,0.0,conc,,,wp1-f3,conc,lst,400.0,sim,ph,
oname:conc_otype:lst_usecol:sim_time:400.0_obsid:wp1-f3_variable:so4,0.00060405,0.0,conc,,,wp1-f3,conc,lst,400.0,sim,so4,
oname:conc_otype:lst_usecol:sim_time:400.0_obsid:wp4-f5_variable:o0,6.384e-11,0.0,conc,,,wp4-f5,conc,lst,400.0,sim,o0,
oname:conc_otype:lst_usecol:sim_time:400.0_obsid:wp4-f5_variable:ph,6.7131,0.0,conc,,,wp4-f5,conc,lst,400.0,sim,ph,
oname:conc_otype:lst_usecol:sim_time:400.0_obsid:wp4-f5_variable:so4,0.000689269,0.0,conc,,,wp4-f5,conc,lst,400.0,sim,so4,
oname:conc_otype:lst_usecol:sim_time:401.0_obsid:welopt-ly1_variable:so4,0.000115505,0.0,forecast,,,welopt-ly1,conc,lst,401.0,sim,so4,
oname:conc_otype:lst_usecol:sim_time:401.0_obsid:welopt-ly3_variable:o0,9.5605e-11,0.0,conc,,,welopt-ly3,conc,lst,401.0,sim,o0,
oname:conc_otype:lst_usecol:sim_time:401.0_obsid:welopt-ly3_variable:ph,6.53591,0.0,conc,,,welopt-ly3,conc,lst,401.0,sim,ph,
oname:conc_otype:lst_usecol:sim_time:401.0_obsid:welopt-ly3_variable:so4,0.000674417,0.0,forecast,,,welopt-ly3,conc,lst,401.0,sim,so4,
oname:conc_otype:lst_usecol:sim_time:401.0_obsid:welopt-ly5_variable:so4,0.00072789,0.0,forecast,,,welopt-ly5,conc,lst,401.0,sim,so4,
oname:conc_otype:lst_usecol:sim_time:401.0_obsid:wp1-f3_variable:o0,5.48838e-10,0.0,conc,,,wp1-f3,conc,lst,401.0,sim,o0,
oname:conc_otype:lst_usecol:sim_time:401.0_obsid:wp1-f3_variable:ph,6.87472,0.0,conc,,,wp1-f3,conc,lst,401.0,sim,ph,
oname:conc_otype:lst_usecol:sim_time:401.0_obsid:wp1-f3_variable:so4,0.00073074,0.0,conc,,,wp1-f3,conc,lst,401.0,sim,so4,
oname:conc_otype:lst_usecol:sim_time:401.0_obsid:wp4-f5_variable:o0,3.78626e-11,0.0,conc,,,wp4-f5,conc,lst,401.0,sim,o0,
oname:conc_otype:lst_usecol:sim_time:401.0_obsid:wp4-f5_variable:ph,6.77793,0.0,conc,,,wp4-f5,conc,lst,401.0,sim,ph,
oname:conc_otype:lst_usecol:sim_time:401.0_obsid:wp4-f5_variable:so4,0.000761923,0.0,conc,,,wp4-f5,conc,lst,401.0,sim,so4,
oname:conc_otype:lst_usecol:sim_time:402.0_obsid:welopt-ly1_variable:so4,0.000115505,0.0,forecast,,,welopt-ly1,conc,lst,402.0,sim,so4,
oname:conc_otype:lst_usecol:sim_time:402.0_obsid:welopt-ly3_variable:o0,9.5605e-11,0.0,conc,,,welopt-ly3,conc,lst,402.0,sim,o0,
oname:conc_otype:lst_usecol:sim_time:402.0_obsid:welopt-ly3_variable:ph,6.53591,0.0,conc,,,welopt-ly3,conc,lst,402.0,sim,ph,
oname:conc_otype:lst_usecol:sim_time:402.0_obsid:welopt-ly3_variable:so4,0.000674417,0.0,forecast,,,welopt-ly3,conc,lst,402.0,sim,so4,
oname:conc_otype:lst_usecol:sim_time:402.0_obsid:welopt-ly5_variable:so4,0.00072789,0.0,forecast,,,welopt-ly5,conc,lst,402.0,sim,so4,
oname:conc_otype:lst_usecol:sim_time:402.0_obsid:wp1-f3_variable:o0,5.48838e-10,0.0,conc,,,wp1-f3,conc,lst,402.0,sim,o0,
oname:conc_otype:lst_usecol:sim_time:402.0_obsid:wp1-f3_variable:ph,6.87472,0.0,conc,,,wp1-f3,conc,lst,402.0,sim,ph,
oname:conc_otype:lst_usecol:sim_time:402.0_obsid:wp1-f3_variable:so4,0.00073074,0.0,conc,,,wp1-f3,conc,lst,402.0,sim,so4,
oname:conc_otype:lst_usecol:sim_time:402.0_obsid:wp4-f5_variable:o0,3.78626e-11,0.0,conc,,,wp4-f5,conc,lst,402.0,sim,o0,
oname:conc_otype:lst_usecol:sim_time:402.0_obsid:wp4-f5_variable:ph,6.77793,0.0,conc,,,wp4-f5,conc,lst,402.0,sim,ph,
oname:conc_otype:lst_usecol:sim_time:402.0_obsid:wp4-f5_variable:so4,0.000761923,0.0,conc,,,wp4-f5,conc,lst,402.0,sim,so4,
oname:conc_otype:lst_usecol:sim_time:403.0_obsid:welopt-ly1_variable:so4,0.000115505,0.0,forecast,,,welopt-ly1,conc,lst,403.0,sim,so4,
oname:conc_otype:lst_usecol:sim_time:403.0_obsid:welopt-ly3_variable:o0,9.5605e-11,0.0,conc,,,welopt-ly3,conc,lst,403.0,sim,o0,
oname:conc_otype:lst_usecol:sim_time:403.0_obsid:welopt-ly3_variable:ph,6.53591,0.0,conc,,,welopt-ly3,conc,lst,403.0,sim,ph,
oname:conc_otype:lst_usecol:sim_time:403.0_obsid:welopt-ly3_variable:so4,0.000674417,0.0,forecast,,,welopt-ly3,conc,lst,403.0,sim,so4,
oname:conc_otype:lst_usecol:sim_time:403.0_obsid:welopt-ly5_variable:so4,0.00072789,0.0,forecast,,,welopt-ly5,conc,lst,403.0,sim,so4,
oname:conc_otype:lst_usecol:sim_time:403.0_obsid:wp1-f3_variable:o0,5.48838e-10,0.0,conc,,,wp1-f3,conc,lst,403.0,sim,o0,
oname:conc_otype:lst_usecol:sim_time:403.0_obsid:wp1-f3_variable:ph,6.87472,0.0,conc,,,wp1-f3,conc,lst,403.0,sim,ph,
oname:conc_otype:lst_usecol:sim_time:403.0_obsid:wp1-f3_variable:so4,0.00073074,0.0,conc,,,wp1-f3,conc,lst,403.0,sim,so4,
oname:conc_otype:lst_usecol:sim_time:403.0_obsid:wp4-f5_variable:o0,3.78626e-11,0.0,conc,,,wp4-f5,conc,lst,403.0,sim,o0,
oname:conc_otype:lst_usecol:sim_time:403.0_obsid:wp4-f5_variable:ph,6.77793,0.0,conc,,,wp4-f5,conc,lst,403.0,sim,ph,
oname:conc_otype:lst_usecol:sim_time:403.0_obsid:wp4-f5_variable:so4,0.000761923,0.0,conc,,,wp4-f5,conc,lst,403.0,sim,so4,
oname:conc_otype:lst_usecol:sim_time:404.0_obsid:welopt-ly1_variable:so4,0.000115505,0.0,forecast,,,welopt-ly1,conc,lst,404.0,sim,so4,
oname:conc_otype:lst_usecol:sim_time:404.0_obsid:welopt-ly3_variable:o0,9.5605e-11,0.0,conc,,,welopt-ly3,conc,lst,404.0,sim,o0,
oname:conc_otype:lst_usecol:sim_time:404.0_obsid:welopt-ly3_variable:ph,6.53591,0.0,conc,,,welopt-ly3,conc,lst,404.0,sim,ph,
oname:conc_otype:lst_usecol:sim_time:404.0_obsid:welopt-ly3_variable:so4,0.000674417,0.0,forecast,,,welopt-ly3,conc,lst,404.0,sim,so4,
oname:conc_otype:lst_usecol:sim_time:404.0_obsid:welopt-ly5_variable:so4,0.00072789,0.0,forecast,,,welopt-ly5,conc,lst,404.0,sim,so4,
oname:conc_otype:lst_usecol:sim_time:404.0_obsid:wp1-f3_variable:o0,5.48838e-10,0.0,conc,,,wp1-f3,conc,lst,404.0,sim,o0,
oname:conc_otype:lst_usecol:sim_time:404.0_obsid:wp1-f3_variable:ph,6.87472,0.0,conc,,,wp1-f3,conc,lst,404.0,sim,ph,
oname:conc_otype:lst_usecol:sim_time:404.0_obsid:wp1-f3_variable:so4,0.00073074,0.0,conc,,,wp1-f3,conc,lst,404.0,sim,so4,
oname:conc_otype:lst_usecol:sim_time:404.0_obsid:wp4-f5_variable:o0,3.78626e-11,0.0,conc,,,wp4-f5,conc,lst,404.0,sim,o0,
oname:conc_otype:lst_usecol:sim_time:404.0_obsid:wp4-f5_variable:ph,6.77793,0.0,conc,,,wp4-f5,conc,lst,404.0,sim,ph,
oname:conc_otype:lst_usecol:sim_time:404.0_obsid:wp4-f5_variable:so4,0.000761923,0.0,conc,,,wp4-f5,conc,lst,404.0,sim,so4,
oname:conc_otype:lst_usecol:sim_time:405.0_obsid:welopt-ly1_variable:so4,0.000115505,0.0,forecast,,,welopt-ly1,conc,lst,405.0,sim,so4,
oname:conc_otype:lst_usecol:sim_time:405.0_obsid:welopt-ly3_variable:o0,9.5605e-11,0.0,conc,,,welopt-ly3,conc,lst,405.0,sim,o0,
oname:conc_otype:lst_usecol:sim_time:405.0_obsid:welopt-ly3_variable:ph,6.53591,0.0,conc,,,welopt-ly3,conc,lst,405.0,sim,ph,
oname:conc_otype:lst_usecol:sim_time:405.0_obsid:welopt-ly3_variable:so4,0.000674417,0.0,forecast,,,welopt-ly3,conc,lst,405.0,sim,so4,
oname:conc_otype:lst_usecol:sim_time:405.0_obsid:welopt-ly5_variable:so4,0.00072789,0.0,forecast,,,welopt-ly5,conc,lst,405.0,sim,so4,
oname:conc_otype:lst_usecol:sim_time:405.0_obsid:wp1-f3_variable:o0,5.48838e-10,0.0,conc,,,wp1-f3,conc,lst,405.0,sim,o0,
oname:conc_otype:lst_usecol:sim_time:405.0_obsid:wp1-f3_variable:ph,6.87472,0.0,conc,,,wp1-f3,conc,lst,405.0,sim,ph,
oname:conc_otype:lst_usecol:sim_time:405.0_obsid:wp1-f3_variable:so4,0.00073074,0.0,conc,,,wp1-f3,conc,lst,405.0,sim,so4,
oname:conc_otype:lst_usecol:sim_time:405.0_obsid:wp4-f5_variable:o0,3.78626e-11,0.0,conc,,,wp4-f5,conc,lst,405.0,sim,o0,
oname:conc_otype:lst_usecol:sim_time:405.0_obsid:wp4-f5_variable:ph,6.77793,0.0,conc,,,wp4-f5,conc,lst,405.0,sim,ph,
oname:conc_otype:lst_usecol:sim_time:405.0_obsid:wp4-f5_variable:so4,0.000761923,0.0,conc,,,wp4-f5,conc,lst,405.0,sim,so4,
oname:conc_otype:lst_usecol:sim_time:406.0_obsid:welopt-ly1_variable:so4,0.000115505,0.0,forecast,,,welopt-ly1,conc,lst,406.0,sim,so4,
oname:conc_otype:lst_usecol:sim_time:406.0_obsid:welopt-ly3_variable:o0,9.5605e-11,0.0,conc,,,welopt-ly3,conc,lst,406.0,sim,o0,
oname:conc_otype:lst_usecol:sim_time:406.0_obsid:welopt-ly3_variable:ph,6.53591,0.0,conc,,,welopt-ly3,conc,lst,406.0,sim,ph,
oname:conc_otype:lst_usecol:sim_time:406.0_obsid:welopt-ly3_variable:so4,0.000674417,0.0,forecast,,,welopt-ly3,conc,lst,406.0,sim,so4,
oname:conc_otype:lst_usecol:sim_time:406.0_obsid:welopt-ly5_variable:so4,0.00072789,0.0,forecast,,,welopt-ly5,conc,lst,406.0,sim,so4,
oname:conc_otype:lst_usecol:sim_time:406.0_obsid:wp1-f3_variable:o0,5.48838e-10,0.0,conc,,,wp1-f3,conc,lst,406.0,sim,o0,
oname:conc_otype:lst_usecol:sim_time:406.0_obsid:wp1-f3_variable:ph,6.87472,0.0,conc,,,wp1-f3,conc,lst,406.0,sim,ph,
oname:conc_otype:lst_usecol:sim_time:406.0_obsid:wp1-f3_variable:so4,0.00073074,0.0,conc,,,wp1-f3,conc,lst,406.0,sim,so4,
oname:conc_otype:lst_usecol:sim_time:406.0_obsid:wp4-f5_variable:o0,3.78626e-11,0.0,conc,,,wp4-f5,conc,lst,406.0,sim,o0,
oname:conc_otype:lst_usecol:sim_time:406.0_obsid:wp4-f5_variable:ph,6.77793,0.0,conc,,,wp4-f5,conc,lst,406.0,sim,ph,
oname:conc_otype:lst_usecol:sim_time:406.0_obsid:wp4-f5_variable:so4,0.000761923,0.0,conc,,,wp4-f5,conc,lst,406.0,sim,so4,
oname:conc_otype:lst_usecol:sim_time:407.0_obsid:welopt-ly1_variable:so4,0.000115505,0.0,forecast,,,welopt-ly1,conc,lst,407.0,sim,so4,
oname:conc_otype:lst_usecol:sim_time:407.0_obsid:welopt-ly3_variable:o0,9.5605e-11,0.0,conc,,,welopt-ly3,conc,lst,407.0,sim,o0,
oname:conc_otype:lst_usecol:sim_time:407.0_obsid:welopt-ly3_variable:ph,6.53591,0.0,conc,,,welopt-ly3,conc,lst,407.0,sim,ph,
oname:conc_otype:lst_usecol:sim_time:407.0_obsid:welopt-ly3_variable:so4,0.000674417,0.0,forecast,,,welopt-ly3,conc,lst,407.0,sim,so4,
oname:conc_otype:lst_usecol:sim_time:407.0_obsid:welopt-ly5_variable:so4,0.00072789,0.0,forecast,,,welopt-ly5,conc,lst,407.0,sim,so4,
oname:conc_otype:lst_usecol:sim_time:407.0_obsid:wp1-f3_variable:o0,5.48838e-10,0.0,conc,,,wp1-f3,conc,lst,407.0,sim,o0,
oname:conc_otype:lst_usecol:sim_time:407.0_obsid:wp1-f3_variable:ph,6.87472,0.0,conc,,,wp1-f3,conc,lst,407.0,sim,ph,
oname:conc_otype:lst_usecol:sim_time:407.0_obsid:wp1-f3_variable:so4,0.00073074,0.0,conc,,,wp1-f3,conc,lst,407.0,sim,so4,
oname:conc_otype:lst_usecol:sim_time:407.0_obsid:wp4-f5_variable:o0,3.78626e-11,0.0,conc,,,wp4-f5,conc,lst,407.0,sim,o0,
oname:conc_otype:lst_usecol:sim_time:407.0_obsid:wp4-f5_variable:ph,6.77793,0.0,conc,,,wp4-f5,conc,lst,407.0,sim,ph,
oname:conc_otype:lst_usecol:sim_time:407.0_obsid:wp4-f5_variable:so4,0.000761923,0.0,conc,,,wp4-f5,conc,lst,407.0,sim,so4,
oname:conc_otype:lst_usecol:sim_time:408.0_obsid:welopt-ly1_variable:so4,0.000122762,0.0,forecast,,,welopt-ly1,conc,lst,408.0,sim,so4,
oname:conc_otype:lst_usecol:sim_time:408.0_obsid:welopt-ly3_variable:o0,7.76566e-11,0.0,conc,,,welopt-ly3,conc,lst,408.0,sim,o0,
oname:conc_otype:lst_usecol:sim_time:408.0_obsid:welopt-ly3_variable:ph,6.5683,0.0,conc,,,welopt-ly3,conc,lst,408.0,sim,ph,
oname:conc_otype:lst_usecol:sim_time:408.0_obsid:welopt-ly3_variable:so4,0.000686184,0.0,forecast,,,welopt-ly3,conc,lst,408.0,sim,so4,
oname:conc_otype:lst_usecol:sim_time:408.0_obsid:welopt-ly5_variable:so4,0.000772969,0.0,forecast,,,welopt-ly5,conc,lst,408.0,sim,so4,
oname:conc_otype:lst_usecol:sim_time:408.0_obsid:wp1-f3_variable:o0,4.73947e-10,0.0,conc,,,wp1-f3,conc,lst,408.0,sim,o0,
oname:conc_otype:lst_usecol:sim_time:408.0_obsid:wp1-f3_variable:ph,6.90533,0.0,conc,,,wp1-f3,conc,lst,408.0,sim,ph,
oname:conc_otype:lst_usecol:sim_time:408.0_obsid:wp1-f3_variable:so4,0.000753117,0.0,conc,,,wp1-f3,conc,lst,408.0,sim,so4,
oname:conc_otype:lst_usecol:sim_time:408.0_obsid:wp4-f5_variable:o0,3.01095e-11,0.0,conc,,,wp4-f5,conc,lst,408.0,sim,o0,
oname:conc_otype:lst_usecol:sim_time:408.0_obsid:wp4-f5_variable:ph,6.87152,0.0,conc,,,wp4-f5,conc,lst,408.0,sim,ph,
oname:conc_otype:lst_usecol:sim_time:408.0_obsid:wp4-f5_variable:so4,0.000860066,0.0,conc,,,wp4-f5,conc,lst,408.0,sim,so4,
oname:conc_otype:lst_usecol:sim_time:409.0_obsid:welopt-ly1_variable:so4,0.000122762,0.0,forecast,,,welopt-ly1,conc,lst,409.0,sim,so4,
oname:conc_otype:lst_usecol:sim_time:409.0_obsid:welopt-ly3_variable:o0,7.76566e-11,0.0,conc,,,welopt-ly3,conc,lst,409.0,sim,o0,
oname:conc_otype:lst_usecol:sim_time:409.0_obsid:welopt-ly3_variable:ph,6.5683,0.0,conc,,,welopt-ly3,conc,lst,409.0,sim,ph,
oname:conc_otype:lst_usecol:sim_time:409.0_obsid:welopt-ly3_variable:so4,0.000686184,0.0,forecast,,,welopt-ly3,conc,lst,409.0,sim,so4,
oname:conc_otype:lst_usecol:sim_time:409.0_obsid:welopt-ly5_variable:so4,0.000772969,0.0,forecast,,,welopt-ly5,conc,lst,409.0,sim,so4,
oname:conc_otype:lst_usecol:sim_time:409.0_obsid:wp1-f3_variable:o0,4.73947e-10,0.0,conc,,,wp1-f3,conc,lst,409.0,sim,o0,
oname:conc_otype:lst_usecol:sim_time:409.0_obsid:wp1-f3_variable:ph,6.90533,0.0,conc,,,wp1-f3,conc,lst,409.0,sim,ph,
oname:conc_otype:lst_usecol:sim_time:409.0_obsid:wp1-f3_variable:so4,0.000753117,0.0,conc,,,wp1-f3,conc,lst,409.0,sim,so4,
oname:conc_otype:lst_usecol:sim_time:409.0_obsid:wp4-f5_variable:o0,3.01095e-11,0.0,conc,,,wp4-f5,conc,lst,409.0,sim,o0,
oname:conc_otype:lst_usecol:sim_time:409.0_obsid:wp4-f5_variable:ph,6.87152,0.0,conc,,,wp4-f5,conc,lst,409.0,sim,ph,
oname:conc_otype:lst_usecol:sim_time:409.0_obsid:wp4-f5_variable:so4,0.000860066,0.0,conc,,,wp4-f5,conc,lst,409.0,sim,so4,
oname:conc_otype:lst_usecol:sim_time:41.0_obsid:welopt-ly3_variable:o0,0.0,0.0,conc,,,welopt-ly3,conc,lst,41.0,sim,o0,
oname:conc_otype:lst_usecol:sim_time:41.0_obsid:welopt-ly3_variable:ph,6.67491,0.0,conc,,,welopt-ly3,conc,lst,41.0,sim,ph,
oname:conc_otype:lst_usecol:sim_time:41.0_obsid:welopt-ly3_variable:so4,5.51113e-05,0.0,conc,,,welopt-ly3,conc,lst,41.0,sim,so4,
oname:conc_otype:lst_usecol:sim_time:41.0_obsid:wp1-f3_variable:o0,1.42664e-10,3065.696697424829,conc,,,wp1-f3,conc,lst,41.0,sim,o0,0.000326190128606
oname:conc_otype:lst_usecol:sim_time:41.0_obsid:wp1-f3_variable:ph,6.62437,0.6131393394849658,conc,,,wp1-f3,conc,lst,41.0,sim,ph,1.6309506430300091
oname:conc_otype:lst_usecol:sim_time:41.0_obsid:wp1-f3_variable:so4,0.00072884,1226.2786789699317,conc,,,wp1-f3,conc,lst,41.0,sim,so4,0.000815475321515
oname:conc_otype:lst_usecol:sim_time:41.0_obsid:wp4-f5_variable:o0,1.29127e-39,3143.4730673096574,conc,,,wp4-f5,conc,lst,41.0,sim,o0,0.0003181194744117
oname:conc_otype:lst_usecol:sim_time:41.0_obsid:wp4-f5_variable:ph,6.66744,0.6286946134619315,conc,,,wp4-f5,conc,lst,41.0,sim,ph,1.5905973720586868
oname:conc_otype:lst_usecol:sim_time:41.0_obsid:wp4-f5_variable:so4,5.95971e-05,1257.389226923863,conc,,,wp4-f5,conc,lst,41.0,sim,so4,0.0007952986860293
oname:conc_otype:lst_usecol:sim_time:410.0_obsid:welopt-ly1_variable:so4,0.000122762,0.0,forecast,,,welopt-ly1,conc,lst,410.0,sim,so4,
oname:conc_otype:lst_usecol:sim_time:410.0_obsid:welopt-ly3_variable:o0,7.76566e-11,0.0,conc,,,welopt-ly3,conc,lst,410.0,sim,o0,
oname:conc_otype:lst_usecol:sim_time:410.0_obsid:welopt-ly3_variable:ph,6.5683,0.0,conc,,,welopt-ly3,conc,lst,410.0,sim,ph,
oname:conc_otype:lst_usecol:sim_time:410.0_obsid:welopt-ly3_variable:so4,0.000686184,0.0,forecast,,,welopt-ly3,conc,lst,410.0,sim,so4,
oname:conc_otype:lst_usecol:sim_time:410.0_obsid:welopt-ly5_variable:so4,0.000772969,0.0,forecast,,,welopt-ly5,conc,lst,410.0,sim,so4,
oname:conc_otype:lst_usecol:sim_time:410.0_obsid:wp1-f3_variable:o0,4.73947e-10,0.0,conc,,,wp1-f3,conc,lst,410.0,sim,o0,
oname:conc_otype:lst_usecol:sim_time:410.0_obsid:wp1-f3_variable:ph,6.90533,0.0,conc,,,wp1-f3,conc,lst,410.0,sim,ph,
oname:conc_otype:lst_usecol:sim_time:410.0_obsid:wp1-f3_variable:so4,0.000753117,0.0,conc,,,wp1-f3,conc,lst,410.0,sim,so4,
oname:conc_otype:lst_usecol:sim_time:410.0_obsid:wp4-f5_variable:o0,3.01095e-11,0.0,conc,,,wp4-f5,conc,lst,410.0,sim,o0,
oname:conc_otype:lst_usecol:sim_time:410.0_obsid:wp4-f5_variable:ph,6.87152,0.0,conc,,,wp4-f5,conc,lst,410.0,sim,ph,
oname:conc_otype:lst_usecol:sim_time:410.0_obsid:wp4-f5_variable:so4,0.000860066,0.0,conc,,,wp4-f5,conc,lst,410.0,sim,so4,
oname:conc_otype:lst_usecol:sim_time:411.0_obsid:welopt-ly1_variable:so4,0.000122762,0.0,forecast,,,welopt-ly1,conc,lst,411.0,sim,so4,
oname:conc_otype:lst_usecol:sim_time:411.0_obsid:welopt-ly3_variable:o0,7.76566e-11,0.0,conc,,,welopt-ly3,conc,lst,411.0,sim,o0,
oname:conc_otype:lst_usecol:sim_time:411.0_obsid:welopt-ly3_variable:ph,6.5683,0.0,conc,,,welopt-ly3,conc,lst,411.0,sim,ph,
oname:conc_otype:lst_usecol:sim_time:411.0_obsid:welopt-ly3_variable:so4,0.000686184,0.0,forecast,,,welopt-ly3,conc,lst,411.0,sim,so4,
oname:conc_otype:lst_usecol:sim_time:411.0_obsid:welopt-ly5_variable:so4,0.000772969,0.0,forecast,,,welopt-ly5,conc,lst,411.0,sim,so4,
oname:conc_otype:lst_usecol:sim_time:411.0_obsid:wp1-f3_variable:o0,4.73947e-10,0.0,conc,,,wp1-f3,conc,lst,411.0,sim,o0,
oname:conc_otype:lst_usecol:sim_time:411.0_obsid:wp1-f3_variable:ph,6.90533,0.0,conc,,,wp1-f3,conc,lst,411.0,sim,ph,
oname:conc_otype:lst_usecol:sim_time:411.0_obsid:wp1-f3_variable:so4,0.000753117,0.0,conc,,,wp1-f3,conc,lst,411.0,sim,so4,
oname:conc_otype:lst_usecol:sim_time:411.0_obsid:wp4-f5_variable:o0,3.01095e-11,0.0,conc,,,wp4-f5,conc,lst,411.0,sim,o0,
oname:conc_otype:lst_usecol:sim_time:411.0_obsid:wp4-f5_variable:ph,6.87152,0.0,conc,,,wp4-f5,conc,lst,411.0,sim,ph,
oname:conc_otype:lst_usecol:sim_time:411.0_obsid:wp4-f5_variable:so4,0.000860066,0.0,conc,,,wp4-f5,conc,lst,411.0,sim,so4,
oname:conc_otype:lst_usecol:sim_time:412.0_obsid:welopt-ly1_variable:so4,0.000122762,0.0,forecast,,,welopt-ly1,conc,lst,412.0,sim,so4,
oname:conc_otype:lst_usecol:sim_time:412.0_obsid:welopt-ly3_variable:o0,7.76566e-11,0.0,conc,,,welopt-ly3,conc,lst,412.0,sim,o0,
oname:conc_otype:lst_usecol:sim_time:412.0_obsid:welopt-ly3_variable:ph,6.5683,0.0,conc,,,welopt-ly3,conc,lst,412.0,sim,ph,
oname:conc_otype:lst_usecol:sim_time:412.0_obsid:welopt-ly3_variable:so4,0.000686184,0.0,forecast,,,welopt-ly3,conc,lst,412.0,sim,so4,
oname:conc_otype:lst_usecol:sim_time:412.0_obsid:welopt-ly5_variable:so4,0.000772969,0.0,forecast,,,welopt-ly5,conc,lst,412.0,sim,so4,
oname:conc_otype:lst_usecol:sim_time:412.0_obsid:wp1-f3_variable:o0,4.73947e-10,0.0,conc,,,wp1-f3,conc,lst,412.0,sim,o0,
oname:conc_otype:lst_usecol:sim_time:412.0_obsid:wp1-f3_variable:ph,6.90533,0.0,conc,,,wp1-f3,conc,lst,412.0,sim,ph,
oname:conc_otype:lst_usecol:sim_time:412.0_obsid:wp1-f3_variable:so4,0.000753117,0.0,conc,,,wp1-f3,conc,lst,412.0,sim,so4,
oname:conc_otype:lst_usecol:sim_time:412.0_obsid:wp4-f5_variable:o0,3.01095e-11,0.0,conc,,,wp4-f5,conc,lst,412.0,sim,o0,
oname:conc_otype:lst_usecol:sim_time:412.0_obsid:wp4-f5_variable:ph,6.87152,0.0,conc,,,wp4-f5,conc,lst,412.0,sim,ph,
oname:conc_otype:lst_usecol:sim_time:412.0_obsid:wp4-f5_variable:so4,0.000860066,0.0,conc,,,wp4-f5,conc,lst,412.0,sim,so4,
oname:conc_otype:lst_usecol:sim_time:413.0_obsid:welopt-ly1_variable:so4,0.000122762,0.0,forecast,,,welopt-ly1,conc,lst,413.0,sim,so4,
oname:conc_otype:lst_usecol:sim_time:413.0_obsid:welopt-ly3_variable:o0,7.76566e-11,0.0,conc,,,welopt-ly3,conc,lst,413.0,sim,o0,
oname:conc_otype:lst_usecol:sim_time:413.0_obsid:welopt-ly3_variable:ph,6.5683,0.0,conc,,,welopt-ly3,conc,lst,413.0,sim,ph,
oname:conc_otype:lst_usecol:sim_time:413.0_obsid:welopt-ly3_variable:so4,0.000686184,0.0,forecast,,,welopt-ly3,conc,lst,413.0,sim,so4,
oname:conc_otype:lst_usecol:sim_time:413.0_obsid:welopt-ly5_variable:so4,0.000772969,0.0,forecast,,,welopt-ly5,conc,lst,413.0,sim,so4,
oname:conc_otype:lst_usecol:sim_time:413.0_obsid:wp1-f3_variable:o0,4.73947e-10,0.0,conc,,,wp1-f3,conc,lst,413.0,sim,o0,
oname:conc_otype:lst_usecol:sim_time:413.0_obsid:wp1-f3_variable:ph,6.90533,0.0,conc,,,wp1-f3,conc,lst,413.0,sim,ph,
oname:conc_otype:lst_usecol:sim_time:413.0_obsid:wp1-f3_variable:so4,0.000753117,0.0,conc,,,wp1-f3,conc,lst,413.0,sim,so4,
oname:conc_otype:lst_usecol:sim_time:413.0_obsid:wp4-f5_variable:o0,3.01095e-11,0.0,conc,,,wp4-f5,conc,lst,413.0,sim,o0,
oname:conc_otype:lst_usecol:sim_time:413.0_obsid:wp4-f5_variable:ph,6.87152,0.0,conc,,,wp4-f5,conc,lst,413.0,sim,ph,
oname:conc_otype:lst_usecol:sim_time:413.0_obsid:wp4-f5_variable:so4,0.000860066,0.0,conc,,,wp4-f5,conc,lst,413.0,sim,so4,
oname:conc_otype:lst_usecol:sim_time:414.0_obsid:welopt-ly1_variable:so4,0.000122762,0.0,forecast,,,welopt-ly1,conc,lst,414.0,sim,so4,
oname:conc_otype:lst_usecol:sim_time:414.0_obsid:welopt-ly3_variable:o0,7.76566e-11,0.0,conc,,,welopt-ly3,conc,lst,414.0,sim,o0,
oname:conc_otype:lst_usecol:sim_time:414.0_obsid:welopt-ly3_variable:ph,6.5683,0.0,conc,,,welopt-ly3,conc,lst,414.0,sim,ph,
oname:conc_otype:lst_usecol:sim_time:414.0_obsid:welopt-ly3_variable:so4,0.000686184,0.0,forecast,,,welopt-ly3,conc,lst,414.0,sim,so4,
oname:conc_otype:lst_usecol:sim_time:414.0_obsid:welopt-ly5_variable:so4,0.000772969,0.0,forecast,,,welopt-ly5,conc,lst,414.0,sim,so4,
oname:conc_otype:lst_usecol:sim_time:414.0_obsid:wp1-f3_variable:o0,4.73947e-10,0.0,conc,,,wp1-f3,conc,lst,414.0,sim,o0,
oname:conc_otype:lst_usecol:sim_time:414.0_obsid:wp1-f3_variable:ph,6.90533,0.0,conc,,,wp1-f3,conc,lst,414.0,sim,ph,
oname:conc_otype:lst_usecol:sim_time:414.0_obsid:wp1-f3_variable:so4,0.000753117,0.0,conc,,,wp1-f3,conc,lst,414.0,sim,so4,
oname:conc_otype:lst_usecol:sim_time:414.0_obsid:wp4-f5_variable:o0,3.01095e-11,0.0,conc,,,wp4-f5,conc,lst,414.0,sim,o0,
oname:conc_otype:lst_usecol:sim_time:414.0_obsid:wp4-f5_variable:ph,6.87152,0.0,conc,,,wp4-f5,conc,lst,414.0,sim,ph,
oname:conc_otype:lst_usecol:sim_time:414.0_obsid:wp4-f5_variable:so4,0.000860066,0.0,conc,,,wp4-f5,conc,lst,414.0,sim,so4,
oname:conc_otype:lst_usecol:sim_time:415.0_obsid:welopt-ly1_variable:so4,0.000130073,0.0,forecast,,,welopt-ly1,conc,lst,415.0,sim,so4,
oname:conc_otype:lst_usecol:sim_time:415.0_obsid:welopt-ly3_variable:o0,4.37684e-11,0.0,conc,,,welopt-ly3,conc,lst,415.0,sim,o0,
oname:conc_otype:lst_usecol:sim_time:415.0_obsid:welopt-ly3_variable:ph,6.6748,0.0,conc,,,welopt-ly3,conc,lst,415.0,sim,ph,
oname:conc_otype:lst_usecol:sim_time:415.0_obsid:welopt-ly3_variable:so4,0.000703563,0.0,forecast,,,welopt-ly3,conc,lst,415.0,sim,so4,
oname:conc_otype:lst_usecol:sim_time:415.0_obsid:welopt-ly5_variable:so4,0.000800403,0.0,forecast,,,welopt-ly5,conc,lst,415.0,sim,so4,
oname:conc_otype:lst_usecol:sim_time:415.0_obsid:wp1-f3_variable:o0,4.26767e-10,0.0,conc,,,wp1-f3,conc,lst,415.0,sim,o0,
oname:conc_otype:lst_usecol:sim_time:415.0_obsid:wp1-f3_variable:ph,6.92878,0.0,conc,,,wp1-f3,conc,lst,415.0,sim,ph,
oname:conc_otype:lst_usecol:sim_time:415.0_obsid:wp1-f3_variable:so4,0.000759777,0.0,conc,,,wp1-f3,conc,lst,415.0,sim,so4,
oname:conc_otype:lst_usecol:sim_time:415.0_obsid:wp4-f5_variable:o0,1.73781e-11,0.0,conc,,,wp4-f5,conc,lst,415.0,sim,o0,
oname:conc_otype:lst_usecol:sim_time:415.0_obsid:wp4-f5_variable:ph,6.97015,0.0,conc,,,wp4-f5,conc,lst,415.0,sim,ph,
oname:conc_otype:lst_usecol:sim_time:415.0_obsid:wp4-f5_variable:so4,0.000897919,0.0,conc,,,wp4-f5,conc,lst,415.0,sim,so4,
oname:conc_otype:lst_usecol:sim_time:416.0_obsid:welopt-ly1_variable:so4,0.000130073,0.0,forecast,,,welopt-ly1,conc,lst,416.0,sim,so4,
oname:conc_otype:lst_usecol:sim_time:416.0_obsid:welopt-ly3_variable:o0,4.37684e-11,0.0,conc,,,welopt-ly3,conc,lst,416.0,sim,o0,
oname:conc_otype:lst_usecol:sim_time:416.0_obsid:welopt-ly3_variable:ph,6.6748,0.0,conc,,,welopt-ly3,conc,lst,416.0,sim,ph,
oname:conc_otype:lst_usecol:sim_time:416.0_obsid:welopt-ly3_variable:so4,0.000703563,0.0,forecast,,,welopt-ly3,conc,lst,416.0,sim,so4,
oname:conc_otype:lst_usecol:sim_time:416.0_obsid:welopt-ly5_variable:so4,0.000800403,0.0,forecast,,,welopt-ly5,conc,lst,416.0,sim,so4,
oname:conc_otype:lst_usecol:sim_time:416.0_obsid:wp1-f3_variable:o0,4.26767e-10,0.0,conc,,,wp1-f3,conc,lst,416.0,sim,o0,
oname:conc_otype:lst_usecol:sim_time:416.0_obsid:wp1-f3_variable:ph,6.92878,0.0,conc,,,wp1-f3,conc,lst,416.0,sim,ph,
oname:conc_otype:lst_usecol:sim_time:416.0_obsid:wp1-f3_variable:so4,0.000759777,0.0,conc,,,wp1-f3,conc,lst,416.0,sim,so4,
oname:conc_otype:lst_usecol:sim_time:416.0_obsid:wp4-f5_variable:o0,1.73781e-11,0.0,conc,,,wp4-f5,conc,lst,416.0,sim,o0,
oname:conc_otype:lst_usecol:sim_time:416.0_obsid:wp4-f5_variable:ph,6.97015,0.0,conc,,,wp4-f5,conc,lst,416.0,sim,ph,
oname:conc_otype:lst_usecol:sim_time:416.0_obsid:wp4-f5_variable:so4,0.000897919,0.0,conc,,,wp4-f5,conc,lst,416.0,sim,so4,
oname:conc_otype:lst_usecol:sim_time:417.0_obsid:welopt-ly1_variable:so4,0.000130073,0.0,forecast,,,welopt-ly1,conc,lst,417.0,sim,so4,
oname:conc_otype:lst_usecol:sim_time:417.0_obsid:welopt-ly3_variable:o0,4.37684e-11,0.0,conc,,,welopt-ly3,conc,lst,417.0,sim,o0,
oname:conc_otype:lst_usecol:sim_time:417.0_obsid:welopt-ly3_variable:ph,6.6748,0.0,conc,,,welopt-ly3,conc,lst,417.0,sim,ph,
oname:conc_otype:lst_usecol:sim_time:417.0_obsid:welopt-ly3_variable:so4,0.000703563,0.0,forecast,,,welopt-ly3,conc,lst,417.0,sim,so4,
oname:conc_otype:lst_usecol:sim_time:417.0_obsid:welopt-ly5_variable:so4,0.000800403,0.0,forecast,,,welopt-ly5,conc,lst,417.0,sim,so4,
oname:conc_otype:lst_usecol:sim_time:417.0_obsid:wp1-f3_variable:o0,4.26767e-10,0.0,conc,,,wp1-f3,conc,lst,417.0,sim,o0,
oname:conc_otype:lst_usecol:sim_time:417.0_obsid:wp1-f3_variable:ph,6.92878,0.0,conc,,,wp1-f3,conc,lst,417.0,sim,ph,
oname:conc_otype:lst_usecol:sim_time:417.0_obsid:wp1-f3_variable:so4,0.000759777,0.0,conc,,,wp1-f3,conc,lst,417.0,sim,so4,
oname:conc_otype:lst_usecol:sim_time:417.0_obsid:wp4-f5_variable:o0,1.73781e-11,0.0,conc,,,wp4-f5,conc,lst,417.0,sim,o0,
oname:conc_otype:lst_usecol:sim_time:417.0_obsid:wp4-f5_variable:ph,6.97015,0.0,conc,,,wp4-f5,conc,lst,417.0,sim,ph,
oname:conc_otype:lst_usecol:sim_time:417.0_obsid:wp4-f5_variable:so4,0.000897919,0.0,conc,,,wp4-f5,conc,lst,417.0,sim,so4,
oname:conc_otype:lst_usecol:sim_time:418.0_obsid:welopt-ly1_variable:so4,0.000130073,0.0,forecast,,,welopt-ly1,conc,lst,418.0,sim,so4,
oname:conc_otype:lst_usecol:sim_time:418.0_obsid:welopt-ly3_variable:o0,4.37684e-11,0.0,conc,,,welopt-ly3,conc,lst,418.0,sim,o0,
oname:conc_otype:lst_usecol:sim_time:418.0_obsid:welopt-ly3_variable:ph,6.6748,0.0,conc,,,welopt-ly3,conc,lst,418.0,sim,ph,
oname:conc_otype:lst_usecol:sim_time:418.0_obsid:welopt-ly3_variable:so4,0.000703563,0.0,forecast,,,welopt-ly3,conc,lst,418.0,sim,so4,
oname:conc_otype:lst_usecol:sim_time:418.0_obsid:welopt-ly5_variable:so4,0.000800403,0.0,forecast,,,welopt-ly5,conc,lst,418.0,sim,so4,
oname:conc_otype:lst_usecol:sim_time:418.0_obsid:wp1-f3_variable:o0,4.26767e-10,0.0,conc,,,wp1-f3,conc,lst,418.0,sim,o0,
oname:conc_otype:lst_usecol:sim_time:418.0_obsid:wp1-f3_variable:ph,6.92878,0.0,conc,,,wp1-f3,conc,lst,418.0,sim,ph,
oname:conc_otype:lst_usecol:sim_time:418.0_obsid:wp1-f3_variable:so4,0.000759777,0.0,conc,,,wp1-f3,conc,lst,418.0,sim,so4,
oname:conc_otype:lst_usecol:sim_time:418.0_obsid:wp4-f5_variable:o0,1.73781e-11,0.0,conc,,,wp4-f5,conc,lst,418.0,sim,o0,
oname:conc_otype:lst_usecol:sim_time:418.0_obsid:wp4-f5_variable:ph,6.97015,0.0,conc,,,wp4-f5,conc,lst,418.0,sim,ph,
oname:conc_otype:lst_usecol:sim_time:418.0_obsid:wp4-f5_variable:so4,0.000897919,0.0,conc,,,wp4-f5,conc,lst,418.0,sim,so4,
oname:conc_otype:lst_usecol:sim_time:419.046_obsid:wp1-f3_variable:o0,4.26767e-10,0.0,conc,,,wp1-f3,conc,lst,419.046,sim,o0,
oname:conc_otype:lst_usecol:sim_time:419.046_obsid:wp1-f3_variable:ph,6.92878,0.0,conc,,,wp1-f3,conc,lst,419.046,sim,ph,
oname:conc_otype:lst_usecol:sim_time:419.046_obsid:wp1-f3_variable:so4,0.000759777,0.0,conc,,,wp1-f3,conc,lst,419.046,sim,so4,
oname:conc_otype:lst_usecol:sim_time:419.0_obsid:welopt-ly1_variable:so4,0.000130073,0.0,forecast,,,welopt-ly1,conc,lst,419.0,sim,so4,
oname:conc_otype:lst_usecol:sim_time:419.0_obsid:welopt-ly3_variable:o0,4.37684e-11,0.0,conc,,,welopt-ly3,conc,lst,419.0,sim,o0,
oname:conc_otype:lst_usecol:sim_time:419.0_obsid:welopt-ly3_variable:ph,6.6748,0.0,conc,,,welopt-ly3,conc,lst,419.0,sim,ph,
oname:conc_otype:lst_usecol:sim_time:419.0_obsid:welopt-ly3_variable:so4,0.000703563,0.0,forecast,,,welopt-ly3,conc,lst,419.0,sim,so4,
oname:conc_otype:lst_usecol:sim_time:419.0_obsid:welopt-ly5_variable:so4,0.000800403,0.0,forecast,,,welopt-ly5,conc,lst,419.0,sim,so4,
oname:conc_otype:lst_usecol:sim_time:419.0_obsid:wp1-f3_variable:o0,4.26767e-10,0.0,conc,,,wp1-f3,conc,lst,419.0,sim,o0,
oname:conc_otype:lst_usecol:sim_time:419.0_obsid:wp1-f3_variable:ph,6.92878,0.0,conc,,,wp1-f3,conc,lst,419.0,sim,ph,
oname:conc_otype:lst_usecol:sim_time:419.0_obsid:wp1-f3_variable:so4,0.000759777,0.0,conc,,,wp1-f3,conc,lst,419.0,sim,so4,
oname:conc_otype:lst_usecol:sim_time:419.0_obsid:wp4-f5_variable:o0,1.73781e-11,0.0,conc,,,wp4-f5,conc,lst,419.0,sim,o0,
oname:conc_otype:lst_usecol:sim_time:419.0_obsid:wp4-f5_variable:ph,6.97015,0.0,conc,,,wp4-f5,conc,lst,419.0,sim,ph,
oname:conc_otype:lst_usecol:sim_time:419.0_obsid:wp4-f5_variable:so4,0.000897919,0.0,conc,,,wp4-f5,conc,lst,419.0,sim,so4,
oname:conc_otype:lst_usecol:sim_time:42.0604_obsid:wp1-f3_variable:o0,1.42664e-10,3065.696697424829,conc,,,wp1-f3,conc,lst,42.0604,sim,o0,0.000326190128606
oname:conc_otype:lst_usecol:sim_time:42.0604_obsid:wp1-f3_variable:ph,6.62437,0.6131393394849658,conc,,,wp1-f3,conc,lst,42.0604,sim,ph,1.6309506430300091
oname:conc_otype:lst_usecol:sim_time:42.0604_obsid:wp1-f3_variable:so4,0.00072884,1226.2786789699317,conc,,,wp1-f3,conc,lst,42.0604,sim,so4,0.000815475321515
oname:conc_otype:lst_usecol:sim_time:42.0_obsid:welopt-ly3_variable:o0,0.0,0.0,conc,,,welopt-ly3,conc,lst,42.0,sim,o0,
oname:conc_otype:lst_usecol:sim_time:42.0_obsid:welopt-ly3_variable:ph,6.67491,0.0,conc,,,welopt-ly3,conc,lst,42.0,sim,ph,
oname:conc_otype:lst_usecol:sim_time:42.0_obsid:welopt-ly3_variable:so4,5.51113e-05,0.0,conc,,,welopt-ly3,conc,lst,42.0,sim,so4,
oname:conc_otype:lst_usecol:sim_time:42.0_obsid:wp1-f3_variable:o0,1.42664e-10,3065.696697424829,conc,,,wp1-f3,conc,lst,42.0,sim,o0,0.000326190128606
oname:conc_otype:lst_usecol:sim_time:42.0_obsid:wp1-f3_variable:ph,6.62437,0.6131393394849658,conc,,,wp1-f3,conc,lst,42.0,sim,ph,1.6309506430300091
oname:conc_otype:lst_usecol:sim_time:42.0_obsid:wp1-f3_variable:so4,0.00072884,1226.2786789699317,conc,,,wp1-f3,conc,lst,42.0,sim,so4,0.000815475321515
oname:conc_otype:lst_usecol:sim_time:42.0_obsid:wp4-f5_variable:o0,1.29127e-39,3143.4730673096574,conc,,,wp4-f5,conc,lst,42.0,sim,o0,0.0003181194744117
oname:conc_otype:lst_usecol:sim_time:42.0_obsid:wp4-f5_variable:ph,6.66744,0.6286946134619315,conc,,,wp4-f5,conc,lst,42.0,sim,ph,1.5905973720586868
oname:conc_otype:lst_usecol:sim_time:42.0_obsid:wp4-f5_variable:so4,5.95971e-05,1257.389226923863,conc,,,wp4-f5,conc,lst,42.0,sim,so4,0.0007952986860293
oname:conc_otype:lst_usecol:sim_time:420.0_obsid:welopt-ly1_variable:so4,0.000130073,0.0,forecast,,,welopt-ly1,conc,lst,420.0,sim,so4,
oname:conc_otype:lst_usecol:sim_time:420.0_obsid:welopt-ly3_variable:o0,4.37684e-11,0.0,conc,,,welopt-ly3,conc,lst,420.0,sim,o0,
oname:conc_otype:lst_usecol:sim_time:420.0_obsid:welopt-ly3_variable:ph,6.6748,0.0,conc,,,welopt-ly3,conc,lst,420.0,sim,ph,
oname:conc_otype:lst_usecol:sim_time:420.0_obsid:welopt-ly3_variable:so4,0.000703563,0.0,forecast,,,welopt-ly3,conc,lst,420.0,sim,so4,
oname:conc_otype:lst_usecol:sim_time:420.0_obsid:welopt-ly5_variable:so4,0.000800403,0.0,forecast,,,welopt-ly5,conc,lst,420.0,sim,so4,
oname:conc_otype:lst_usecol:sim_time:420.0_obsid:wp1-f3_variable:o0,4.26767e-10,0.0,conc,,,wp1-f3,conc,lst,420.0,sim,o0,
oname:conc_otype:lst_usecol:sim_time:420.0_obsid:wp1-f3_variable:ph,6.92878,0.0,conc,,,wp1-f3,conc,lst,420.0,sim,ph,
oname:conc_otype:lst_usecol:sim_time:420.0_obsid:wp1-f3_variable:so4,0.000759777,0.0,conc,,,wp1-f3,conc,lst,420.0,sim,so4,
oname:conc_otype:lst_usecol:sim_time:420.0_obsid:wp4-f5_variable:o0,1.73781e-11,0.0,conc,,,wp4-f5,conc,lst,420.0,sim,o0,
oname:conc_otype:lst_usecol:sim_time:420.0_obsid:wp4-f5_variable:ph,6.97015,0.0,conc,,,wp4-f5,conc,lst,420.0,sim,ph,
oname:conc_otype:lst_usecol:sim_time:420.0_obsid:wp4-f5_variable:so4,0.000897919,0.0,conc,,,wp4-f5,conc,lst,420.0,sim,so4,
oname:conc_otype:lst_usecol:sim_time:421.0_obsid:welopt-ly1_variable:so4,0.000130073,0.0,forecast,,,welopt-ly1,conc,lst,421.0,sim,so4,
oname:conc_otype:lst_usecol:sim_time:421.0_obsid:welopt-ly3_variable:o0,4.37684e-11,0.0,conc,,,welopt-ly3,conc,lst,421.0,sim,o0,
oname:conc_otype:lst_usecol:sim_time:421.0_obsid:welopt-ly3_variable:ph,6.6748,0.0,conc,,,welopt-ly3,conc,lst,421.0,sim,ph,
oname:conc_otype:lst_usecol:sim_time:421.0_obsid:welopt-ly3_variable:so4,0.000703563,0.0,forecast,,,welopt-ly3,conc,lst,421.0,sim,so4,
oname:conc_otype:lst_usecol:sim_time:421.0_obsid:welopt-ly5_variable:so4,0.000800403,0.0,forecast,,,welopt-ly5,conc,lst,421.0,sim,so4,
oname:conc_otype:lst_usecol:sim_time:421.0_obsid:wp1-f3_variable:o0,4.26767e-10,0.0,conc,,,wp1-f3,conc,lst,421.0,sim,o0,
oname:conc_otype:lst_usecol:sim_time:421.0_obsid:wp1-f3_variable:ph,6.92878,0.0,conc,,,wp1-f3,conc,lst,421.0,sim,ph,
oname:conc_otype:lst_usecol:sim_time:421.0_obsid:wp1-f3_variable:so4,0.000759777,0.0,conc,,,wp1-f3,conc,lst,421.0,sim,so4,
oname:conc_otype:lst_usecol:sim_time:421.0_obsid:wp4-f5_variable:o0,1.73781e-11,0.0,conc,,,wp4-f5,conc,lst,421.0,sim,o0,
oname:conc_otype:lst_usecol:sim_time:421.0_obsid:wp4-f5_variable:ph,6.97015,0.0,conc,,,wp4-f5,conc,lst,421.0,sim,ph,
oname:conc_otype:lst_usecol:sim_time:421.0_obsid:wp4-f5_variable:so4,0.000897919,0.0,conc,,,wp4-f5,conc,lst,421.0,sim,so4,
oname:conc_otype:lst_usecol:sim_time:422.0_obsid:welopt-ly1_variable:so4,0.000137329,0.0,forecast,,,welopt-ly1,conc,lst,422.0,sim,so4,
oname:conc_otype:lst_usecol:sim_time:422.0_obsid:welopt-ly3_variable:o0,3.48731e-11,0.0,conc,,,welopt-ly3,conc,lst,422.0,sim,o0,
oname:conc_otype:lst_usecol:sim_time:422.0_obsid:welopt-ly3_variable:ph,6.71303,0.0,conc,,,welopt-ly3,conc,lst,422.0,sim,ph,
oname:conc_otype:lst_usecol:sim_time:422.0_obsid:welopt-ly3_variable:so4,0.000725863,0.0,forecast,,,welopt-ly3,conc,lst,422.0,sim,so4,
oname:conc_otype:lst_usecol:sim_time:422.0_obsid:welopt-ly5_variable:so4,0.00082428,0.0,forecast,,,welopt-ly5,conc,lst,422.0,sim,so4,
oname:conc_otype:lst_usecol:sim_time:422.0_obsid:wp1-f3_variable:o0,8.67181e-10,0.0,conc,,,wp1-f3,conc,lst,422.0,sim,o0,
oname:conc_otype:lst_usecol:sim_time:422.0_obsid:wp1-f3_variable:ph,6.8663,0.0,conc,,,wp1-f3,conc,lst,422.0,sim,ph,
oname:conc_otype:lst_usecol:sim_time:422.0_obsid:wp1-f3_variable:so4,0.000779388,0.0,conc,,,wp1-f3,conc,lst,422.0,sim,so4,
oname:conc_otype:lst_usecol:sim_time:422.0_obsid:wp4-f5_variable:o0,1.38854e-11,0.0,conc,,,wp4-f5,conc,lst,422.0,sim,o0,
oname:conc_otype:lst_usecol:sim_time:422.0_obsid:wp4-f5_variable:ph,7.0095,0.0,conc,,,wp4-f5,conc,lst,422.0,sim,ph,
oname:conc_otype:lst_usecol:sim_time:422.0_obsid:wp4-f5_variable:so4,0.00090873,0.0,conc,,,wp4-f5,conc,lst,422.0,sim,so4,
oname:conc_otype:lst_usecol:sim_time:423.0_obsid:welopt-ly1_variable:so4,0.000137329,0.0,forecast,,,welopt-ly1,conc,lst,423.0,sim,so4,
oname:conc_otype:lst_usecol:sim_time:423.0_obsid:welopt-ly3_variable:o0,3.48731e-11,0.0,conc,,,welopt-ly3,conc,lst,423.0,sim,o0,
oname:conc_otype:lst_usecol:sim_time:423.0_obsid:welopt-ly3_variable:ph,6.71303,0.0,conc,,,welopt-ly3,conc,lst,423.0,sim,ph,
oname:conc_otype:lst_usecol:sim_time:423.0_obsid:welopt-ly3_variable:so4,0.000725863,0.0,forecast,,,welopt-ly3,conc,lst,423.0,sim,so4,
oname:conc_otype:lst_usecol:sim_time:423.0_obsid:welopt-ly5_variable:so4,0.00082428,0.0,forecast,,,welopt-ly5,conc,lst,423.0,sim,so4,
oname:conc_otype:lst_usecol:sim_time:423.0_obsid:wp1-f3_variable:o0,8.67181e-10,0.0,conc,,,wp1-f3,conc,lst,423.0,sim,o0,
oname:conc_otype:lst_usecol:sim_time:423.0_obsid:wp1-f3_variable:ph,6.8663,0.0,conc,,,wp1-f3,conc,lst,423.0,sim,ph,
oname:conc_otype:lst_usecol:sim_time:423.0_obsid:wp1-f3_variable:so4,0.000779388,0.0,conc,,,wp1-f3,conc,lst,423.0,sim,so4,
oname:conc_otype:lst_usecol:sim_time:423.0_obsid:wp4-f5_variable:o0,1.38854e-11,0.0,conc,,,wp4-f5,conc,lst,423.0,sim,o0,
oname:conc_otype:lst_usecol:sim_time:423.0_obsid:wp4-f5_variable:ph,7.0095,0.0,conc,,,wp4-f5,conc,lst,423.0,sim,ph,
oname:conc_otype:lst_usecol:sim_time:423.0_obsid:wp4-f5_variable:so4,0.00090873,0.0,conc,,,wp4-f5,conc,lst,423.0,sim,so4,
oname:conc_otype:lst_usecol:sim_time:424.0_obsid:welopt-ly1_variable:so4,0.000137329,0.0,forecast,,,welopt-ly1,conc,lst,424.0,sim,so4,
oname:conc_otype:lst_usecol:sim_time:424.0_obsid:welopt-ly3_variable:o0,3.48731e-11,0.0,conc,,,welopt-ly3,conc,lst,424.0,sim,o0,
oname:conc_otype:lst_usecol:sim_time:424.0_obsid:welopt-ly3_variable:ph,6.71303,0.0,conc,,,welopt-ly3,conc,lst,424.0,sim,ph,
oname:conc_otype:lst_usecol:sim_time:424.0_obsid:welopt-ly3_variable:so4,0.000725863,0.0,forecast,,,welopt-ly3,conc,lst,424.0,sim,so4,
oname:conc_otype:lst_usecol:sim_time:424.0_obsid:welopt-ly5_variable:so4,0.00082428,0.0,forecast,,,welopt-ly5,conc,lst,424.0,sim,so4,
oname:conc_otype:lst_usecol:sim_time:424.0_obsid:wp1-f3_variable:o0,8.67181e-10,0.0,conc,,,wp1-f3,conc,lst,424.0,sim,o0,
oname:conc_otype:lst_usecol:sim_time:424.0_obsid:wp1-f3_variable:ph,6.8663,0.0,conc,,,wp1-f3,conc,lst,424.0,sim,ph,
oname:conc_otype:lst_usecol:sim_time:424.0_obsid:wp1-f3_variable:so4,0.000779388,0.0,conc,,,wp1-f3,conc,lst,424.0,sim,so4,
oname:conc_otype:lst_usecol:sim_time:424.0_obsid:wp4-f5_variable:o0,1.38854e-11,0.0,conc,,,wp4-f5,conc,lst,424.0,sim,o0,
oname:conc_otype:lst_usecol:sim_time:424.0_obsid:wp4-f5_variable:ph,7.0095,0.0,conc,,,wp4-f5,conc,lst,424.0,sim,ph,
oname:conc_otype:lst_usecol:sim_time:424.0_obsid:wp4-f5_variable:so4,0.00090873,0.0,conc,,,wp4-f5,conc,lst,424.0,sim,so4,
oname:conc_otype:lst_usecol:sim_time:425.0_obsid:welopt-ly1_variable:so4,0.000137329,0.0,forecast,,,welopt-ly1,conc,lst,425.0,sim,so4,
oname:conc_otype:lst_usecol:sim_time:425.0_obsid:welopt-ly3_variable:o0,3.48731e-11,0.0,conc,,,welopt-ly3,conc,lst,425.0,sim,o0,
oname:conc_otype:lst_usecol:sim_time:425.0_obsid:welopt-ly3_variable:ph,6.71303,0.0,conc,,,welopt-ly3,conc,lst,425.0,sim,ph,
oname:conc_otype:lst_usecol:sim_time:425.0_obsid:welopt-ly3_variable:so4,0.000725863,0.0,forecast,,,welopt-ly3,conc,lst,425.0,sim,so4,
oname:conc_otype:lst_usecol:sim_time:425.0_obsid:welopt-ly5_variable:so4,0.00082428,0.0,forecast,,,welopt-ly5,conc,lst,425.0,sim,so4,
oname:conc_otype:lst_usecol:sim_time:425.0_obsid:wp1-f3_variable:o0,8.67181e-10,0.0,conc,,,wp1-f3,conc,lst,425.0,sim,o0,
oname:conc_otype:lst_usecol:sim_time:425.0_obsid:wp1-f3_variable:ph,6.8663,0.0,conc,,,wp1-f3,conc,lst,425.0,sim,ph,
oname:conc_otype:lst_usecol:sim_time:425.0_obsid:wp1-f3_variable:so4,0.000779388,0.0,conc,,,wp1-f3,conc,lst,425.0,sim,so4,
oname:conc_otype:lst_usecol:sim_time:425.0_obsid:wp4-f5_variable:o0,1.38854e-11,0.0,conc,,,wp4-f5,conc,lst,425.0,sim,o0,
oname:conc_otype:lst_usecol:sim_time:425.0_obsid:wp4-f5_variable:ph,7.0095,0.0,conc,,,wp4-f5,conc,lst,425.0,sim,ph,
oname:conc_otype:lst_usecol:sim_time:425.0_obsid:wp4-f5_variable:so4,0.00090873,0.0,conc,,,wp4-f5,conc,lst,425.0,sim,so4,
oname:conc_otype:lst_usecol:sim_time:426.0_obsid:welopt-ly1_variable:so4,0.000137329,0.0,forecast,,,welopt-ly1,conc,lst,426.0,sim,so4,
oname:conc_otype:lst_usecol:sim_time:426.0_obsid:welopt-ly3_variable:o0,3.48731e-11,0.0,conc,,,welopt-ly3,conc,lst,426.0,sim,o0,
oname:conc_otype:lst_usecol:sim_time:426.0_obsid:welopt-ly3_variable:ph,6.71303,0.0,conc,,,welopt-ly3,conc,lst,426.0,sim,ph,
oname:conc_otype:lst_usecol:sim_time:426.0_obsid:welopt-ly3_variable:so4,0.000725863,0.0,forecast,,,welopt-ly3,conc,lst,426.0,sim,so4,
oname:conc_otype:lst_usecol:sim_time:426.0_obsid:welopt-ly5_variable:so4,0.00082428,0.0,forecast,,,welopt-ly5,conc,lst,426.0,sim,so4,
oname:conc_otype:lst_usecol:sim_time:426.0_obsid:wp1-f3_variable:o0,8.67181e-10,0.0,conc,,,wp1-f3,conc,lst,426.0,sim,o0,
oname:conc_otype:lst_usecol:sim_time:426.0_obsid:wp1-f3_variable:ph,6.8663,0.0,conc,,,wp1-f3,conc,lst,426.0,sim,ph,
oname:conc_otype:lst_usecol:sim_time:426.0_obsid:wp1-f3_variable:so4,0.000779388,0.0,conc,,,wp1-f3,conc,lst,426.0,sim,so4,
oname:conc_otype:lst_usecol:sim_time:426.0_obsid:wp4-f5_variable:o0,1.38854e-11,0.0,conc,,,wp4-f5,conc,lst,426.0,sim,o0,
oname:conc_otype:lst_usecol:sim_time:426.0_obsid:wp4-f5_variable:ph,7.0095,0.0,conc,,,wp4-f5,conc,lst,426.0,sim,ph,
oname:conc_otype:lst_usecol:sim_time:426.0_obsid:wp4-f5_variable:so4,0.00090873,0.0,conc,,,wp4-f5,conc,lst,426.0,sim,so4,
oname:conc_otype:lst_usecol:sim_time:427.0_obsid:welopt-ly1_variable:so4,0.000137329,0.0,forecast,,,welopt-ly1,conc,lst,427.0,sim,so4,
oname:conc_otype:lst_usecol:sim_time:427.0_obsid:welopt-ly3_variable:o0,3.48731e-11,0.0,conc,,,welopt-ly3,conc,lst,427.0,sim,o0,
oname:conc_otype:lst_usecol:sim_time:427.0_obsid:welopt-ly3_variable:ph,6.71303,0.0,conc,,,welopt-ly3,conc,lst,427.0,sim,ph,
oname:conc_otype:lst_usecol:sim_time:427.0_obsid:welopt-ly3_variable:so4,0.000725863,0.0,forecast,,,welopt-ly3,conc,lst,427.0,sim,so4,
oname:conc_otype:lst_usecol:sim_time:427.0_obsid:welopt-ly5_variable:so4,0.00082428,0.0,forecast,,,welopt-ly5,conc,lst,427.0,sim,so4,
oname:conc_otype:lst_usecol:sim_time:427.0_obsid:wp1-f3_variable:o0,8.67181e-10,0.0,conc,,,wp1-f3,conc,lst,427.0,sim,o0,
oname:conc_otype:lst_usecol:sim_time:427.0_obsid:wp1-f3_variable:ph,6.8663,0.0,conc,,,wp1-f3,conc,lst,427.0,sim,ph,
oname:conc_otype:lst_usecol:sim_time:427.0_obsid:wp1-f3_variable:so4,0.000779388,0.0,conc,,,wp1-f3,conc,lst,427.0,sim,so4,
oname:conc_otype:lst_usecol:sim_time:427.0_obsid:wp4-f5_variable:o0,1.38854e-11,0.0,conc,,,wp4-f5,conc,lst,427.0,sim,o0,
oname:conc_otype:lst_usecol:sim_time:427.0_obsid:wp4-f5_variable:ph,7.0095,0.0,conc,,,wp4-f5,conc,lst,427.0,sim,ph,
oname:conc_otype:lst_usecol:sim_time:427.0_obsid:wp4-f5_variable:so4,0.00090873,0.0,conc,,,wp4-f5,conc,lst,427.0,sim,so4,
oname:conc_otype:lst_usecol:sim_time:428.0_obsid:welopt-ly1_variable:so4,0.000137329,0.0,forecast,,,welopt-ly1,conc,lst,428.0,sim,so4,
oname:conc_otype:lst_usecol:sim_time:428.0_obsid:welopt-ly3_variable:o0,3.48731e-11,0.0,conc,,,welopt-ly3,conc,lst,428.0,sim,o0,
oname:conc_otype:lst_usecol:sim_time:428.0_obsid:welopt-ly3_variable:ph,6.71303,0.0,conc,,,welopt-ly3,conc,lst,428.0,sim,ph,
oname:conc_otype:lst_usecol:sim_time:428.0_obsid:welopt-ly3_variable:so4,0.000725863,0.0,forecast,,,welopt-ly3,conc,lst,428.0,sim,so4,
oname:conc_otype:lst_usecol:sim_time:428.0_obsid:welopt-ly5_variable:so4,0.00082428,0.0,forecast,,,welopt-ly5,conc,lst,428.0,sim,so4,
oname:conc_otype:lst_usecol:sim_time:428.0_obsid:wp1-f3_variable:o0,8.67181e-10,0.0,conc,,,wp1-f3,conc,lst,428.0,sim,o0,
oname:conc_otype:lst_usecol:sim_time:428.0_obsid:wp1-f3_variable:ph,6.8663,0.0,conc,,,wp1-f3,conc,lst,428.0,sim,ph,
oname:conc_otype:lst_usecol:sim_time:428.0_obsid:wp1-f3_variable:so4,0.000779388,0.0,conc,,,wp1-f3,conc,lst,428.0,sim,so4,
oname:conc_otype:lst_usecol:sim_time:428.0_obsid:wp4-f5_variable:o0,1.38854e-11,0.0,conc,,,wp4-f5,conc,lst,428.0,sim,o0,
oname:conc_otype:lst_usecol:sim_time:428.0_obsid:wp4-f5_variable:ph,7.0095,0.0,conc,,,wp4-f5,conc,lst,428.0,sim,ph,
oname:conc_otype:lst_usecol:sim_time:428.0_obsid:wp4-f5_variable:so4,0.00090873,0.0,conc,,,wp4-f5,conc,lst,428.0,sim,so4,
oname:conc_otype:lst_usecol:sim_time:429.0_obsid:welopt-ly1_variable:so4,0.000144446,0.0,forecast,,,welopt-ly1,conc,lst,429.0,sim,so4,
oname:conc_otype:lst_usecol:sim_time:429.0_obsid:welopt-ly3_variable:o0,2.9497e-11,0.0,conc,,,welopt-ly3,conc,lst,429.0,sim,o0,
oname:conc_otype:lst_usecol:sim_time:429.0_obsid:welopt-ly3_variable:ph,6.74242,0.0,conc,,,welopt-ly3,conc,lst,429.0,sim,ph,
oname:conc_otype:lst_usecol:sim_time:429.0_obsid:welopt-ly3_variable:so4,0.000749849,0.0,forecast,,,welopt-ly3,conc,lst,429.0,sim,so4,
oname:conc_otype:lst_usecol:sim_time:429.0_obsid:welopt-ly5_variable:so4,0.000866969,0.0,forecast,,,welopt-ly5,conc,lst,429.0,sim,so4,
oname:conc_otype:lst_usecol:sim_time:429.0_obsid:wp1-f3_variable:o0,6.5647e-05,0.0,conc,,,wp1-f3,conc,lst,429.0,sim,o0,
oname:conc_otype:lst_usecol:sim_time:429.0_obsid:wp1-f3_variable:ph,6.80562,0.0,conc,,,wp1-f3,conc,lst,429.0,sim,ph,
oname:conc_otype:lst_usecol:sim_time:429.0_obsid:wp1-f3_variable:so4,0.000813014,0.0,conc,,,wp1-f3,conc,lst,429.0,sim,so4,
oname:conc_otype:lst_usecol:sim_time:429.0_obsid:wp4-f5_variable:o0,4.0453e-11,0.0,conc,,,wp4-f5,conc,lst,429.0,sim,o0,
oname:conc_otype:lst_usecol:sim_time:429.0_obsid:wp4-f5_variable:ph,6.86171,0.0,conc,,,wp4-f5,conc,lst,429.0,sim,ph,
oname:conc_otype:lst_usecol:sim_time:429.0_obsid:wp4-f5_variable:so4,0.000946317,0.0,conc,,,wp4-f5,conc,lst,429.0,sim,so4,
oname:conc_otype:lst_usecol:sim_time:43.0_obsid:welopt-ly3_variable:o0,0.0,0.0,conc,,,welopt-ly3,conc,lst,43.0,sim,o0,
oname:conc_otype:lst_usecol:sim_time:43.0_obsid:welopt-ly3_variable:ph,6.67491,0.0,conc,,,welopt-ly3,conc,lst,43.0,sim,ph,
oname:conc_otype:lst_usecol:sim_time:43.0_obsid:welopt-ly3_variable:so4,5.51113e-05,0.0,conc,,,welopt-ly3,conc,lst,43.0,sim,so4,
oname:conc_otype:lst_usecol:sim_time:43.0_obsid:wp1-f3_variable:o0,1.42664e-10,3065.696697424829,conc,,,wp1-f3,conc,lst,43.0,sim,o0,0.000326190128606
oname:conc_otype:lst_usecol:sim_time:43.0_obsid:wp1-f3_variable:ph,6.62437,0.6131393394849658,conc,,,wp1-f3,conc,lst,43.0,sim,ph,1.6309506430300091
oname:conc_otype:lst_usecol:sim_time:43.0_obsid:wp1-f3_variable:so4,0.00072884,1226.2786789699317,conc,,,wp1-f3,conc,lst,43.0,sim,so4,0.000815475321515
oname:conc_otype:lst_usecol:sim_time:43.0_obsid:wp4-f5_variable:o0,1.29127e-39,3143.4730673096574,conc,,,wp4-f5,conc,lst,43.0,sim,o0,0.0003181194744117
oname:conc_otype:lst_usecol:sim_time:43.0_obsid:wp4-f5_variable:ph,6.66744,0.6286946134619315,conc,,,wp4-f5,conc,lst,43.0,sim,ph,1.5905973720586868
oname:conc_otype:lst_usecol:sim_time:43.0_obsid:wp4-f5_variable:so4,5.95971e-05,1257.389226923863,conc,,,wp4-f5,conc,lst,43.0,sim,so4,0.0007952986860293
oname:conc_otype:lst_usecol:sim_time:430.0_obsid:welopt-ly1_variable:so4,0.000144446,0.0,forecast,,,welopt-ly1,conc,lst,430.0,sim,so4,
oname:conc_otype:lst_usecol:sim_time:430.0_obsid:welopt-ly3_variable:o0,2.9497e-11,0.0,conc,,,welopt-ly3,conc,lst,430.0,sim,o0,
oname:conc_otype:lst_usecol:sim_time:430.0_obsid:welopt-ly3_variable:ph,6.74242,0.0,conc,,,welopt-ly3,conc,lst,430.0,sim,ph,
oname:conc_otype:lst_usecol:sim_time:430.0_obsid:welopt-ly3_variable:so4,0.000749849,0.0,forecast,,,welopt-ly3,conc,lst,430.0,sim,so4,
oname:conc_otype:lst_usecol:sim_time:430.0_obsid:welopt-ly5_variable:so4,0.000866969,0.0,forecast,,,welopt-ly5,conc,lst,430.0,sim,so4,
oname:conc_otype:lst_usecol:sim_time:430.0_obsid:wp1-f3_variable:o0,6.5647e-05,0.0,conc,,,wp1-f3,conc,lst,430.0,sim,o0,
oname:conc_otype:lst_usecol:sim_time:430.0_obsid:wp1-f3_variable:ph,6.80562,0.0,conc,,,wp1-f3,conc,lst,430.0,sim,ph,
oname:conc_otype:lst_usecol:sim_time:430.0_obsid:wp1-f3_variable:so4,0.000813014,0.0,conc,,,wp1-f3,conc,lst,430.0,sim,so4,
oname:conc_otype:lst_usecol:sim_time:430.0_obsid:wp4-f5_variable:o0,4.0453e-11,0.0,conc,,,wp4-f5,conc,lst,430.0,sim,o0,
oname:conc_otype:lst_usecol:sim_time:430.0_obsid:wp4-f5_variable:ph,6.86171,0.0,conc,,,wp4-f5,conc,lst,430.0,sim,ph,
oname:conc_otype:lst_usecol:sim_time:430.0_obsid:wp4-f5_variable:so4,0.000946317,0.0,conc,,,wp4-f5,conc,lst,430.0,sim,so4,
oname:conc_otype:lst_usecol:sim_time:431.0_obsid:welopt-ly1_variable:so4,0.000144446,0.0,forecast,,,welopt-ly1,conc,lst,431.0,sim,so4,
oname:conc_otype:lst_usecol:sim_time:431.0_obsid:welopt-ly3_variable:o0,2.9497e-11,0.0,conc,,,welopt-ly3,conc,lst,431.0,sim,o0,
oname:conc_otype:lst_usecol:sim_time:431.0_obsid:welopt-ly3_variable:ph,6.74242,0.0,conc,,,welopt-ly3,conc,lst,431.0,sim,ph,
oname:conc_otype:lst_usecol:sim_time:431.0_obsid:welopt-ly3_variable:so4,0.000749849,0.0,forecast,,,welopt-ly3,conc,lst,431.0,sim,so4,
oname:conc_otype:lst_usecol:sim_time:431.0_obsid:welopt-ly5_variable:so4,0.000866969,0.0,forecast,,,welopt-ly5,conc,lst,431.0,sim,so4,
oname:conc_otype:lst_usecol:sim_time:431.0_obsid:wp1-f3_variable:o0,6.5647e-05,0.0,conc,,,wp1-f3,conc,lst,431.0,sim,o0,
oname:conc_otype:lst_usecol:sim_time:431.0_obsid:wp1-f3_variable:ph,6.80562,0.0,conc,,,wp1-f3,conc,lst,431.0,sim,ph,
oname:conc_otype:lst_usecol:sim_time:431.0_obsid:wp1-f3_variable:so4,0.000813014,0.0,conc,,,wp1-f3,conc,lst,431.0,sim,so4,
oname:conc_otype:lst_usecol:sim_time:431.0_obsid:wp4-f5_variable:o0,4.0453e-11,0.0,conc,,,wp4-f5,conc,lst,431.0,sim,o0,
oname:conc_otype:lst_usecol:sim_time:431.0_obsid:wp4-f5_variable:ph,6.86171,0.0,conc,,,wp4-f5,conc,lst,431.0,sim,ph,
oname:conc_otype:lst_usecol:sim_time:431.0_obsid:wp4-f5_variable:so4,0.000946317,0.0,conc,,,wp4-f5,conc,lst,431.0,sim,so4,
oname:conc_otype:lst_usecol:sim_time:432.0_obsid:welopt-ly1_variable:so4,0.000144446,0.0,forecast,,,welopt-ly1,conc,lst,432.0,sim,so4,
oname:conc_otype:lst_usecol:sim_time:432.0_obsid:welopt-ly3_variable:o0,2.9497e-11,0.0,conc,,,welopt-ly3,conc,lst,432.0,sim,o0,
oname:conc_otype:lst_usecol:sim_time:432.0_obsid:welopt-ly3_variable:ph,6.74242,0.0,conc,,,welopt-ly3,conc,lst,432.0,sim,ph,
oname:conc_otype:lst_usecol:sim_time:432.0_obsid:welopt-ly3_variable:so4,0.000749849,0.0,forecast,,,welopt-ly3,conc,lst,432.0,sim,so4,
oname:conc_otype:lst_usecol:sim_time:432.0_obsid:welopt-ly5_variable:so4,0.000866969,0.0,forecast,,,welopt-ly5,conc,lst,432.0,sim,so4,
oname:conc_otype:lst_usecol:sim_time:432.0_obsid:wp1-f3_variable:o0,6.5647e-05,0.0,conc,,,wp1-f3,conc,lst,432.0,sim,o0,
oname:conc_otype:lst_usecol:sim_time:432.0_obsid:wp1-f3_variable:ph,6.80562,0.0,conc,,,wp1-f3,conc,lst,432.0,sim,ph,
oname:conc_otype:lst_usecol:sim_time:432.0_obsid:wp1-f3_variable:so4,0.000813014,0.0,conc,,,wp1-f3,conc,lst,432.0,sim,so4,
oname:conc_otype:lst_usecol:sim_time:432.0_obsid:wp4-f5_variable:o0,4.0453e-11,0.0,conc,,,wp4-f5,conc,lst,432.0,sim,o0,
oname:conc_otype:lst_usecol:sim_time:432.0_obsid:wp4-f5_variable:ph,6.86171,0.0,conc,,,wp4-f5,conc,lst,432.0,sim,ph,
oname:conc_otype:lst_usecol:sim_time:432.0_obsid:wp4-f5_variable:so4,0.000946317,0.0,conc,,,wp4-f5,conc,lst,432.0,sim,so4,
oname:conc_otype:lst_usecol:sim_time:433.0_obsid:welopt-ly1_variable:so4,0.000144446,0.0,forecast,,,welopt-ly1,conc,lst,433.0,sim,so4,
oname:conc_otype:lst_usecol:sim_time:433.0_obsid:welopt-ly3_variable:o0,2.9497e-11,0.0,conc,,,welopt-ly3,conc,lst,433.0,sim,o0,
oname:conc_otype:lst_usecol:sim_time:433.0_obsid:welopt-ly3_variable:ph,6.74242,0.0,conc,,,welopt-ly3,conc,lst,433.0,sim,ph,
oname:conc_otype:lst_usecol:sim_time:433.0_obsid:welopt-ly3_variable:so4,0.000749849,0.0,forecast,,,welopt-ly3,conc,lst,433.0,sim,so4,
oname:conc_otype:lst_usecol:sim_time:433.0_obsid:welopt-ly5_variable:so4,0.000866969,0.0,forecast,,,welopt-ly5,conc,lst,433.0,sim,so4,
oname:conc_otype:lst_usecol:sim_time:433.0_obsid:wp1-f3_variable:o0,6.5647e-05,0.0,conc,,,wp1-f3,conc,lst,433.0,sim,o0,
oname:conc_otype:lst_usecol:sim_time:433.0_obsid:wp1-f3_variable:ph,6.80562,0.0,conc,,,wp1-f3,conc,lst,433.0,sim,ph,
oname:conc_otype:lst_usecol:sim_time:433.0_obsid:wp1-f3_variable:so4,0.000813014,0.0,conc,,,wp1-f3,conc,lst,433.0,sim,so4,
oname:conc_otype:lst_usecol:sim_time:433.0_obsid:wp4-f5_variable:o0,4.0453e-11,0.0,conc,,,wp4-f5,conc,lst,433.0,sim,o0,
oname:conc_otype:lst_usecol:sim_time:433.0_obsid:wp4-f5_variable:ph,6.86171,0.0,conc,,,wp4-f5,conc,lst,433.0,sim,ph,
oname:conc_otype:lst_usecol:sim_time:433.0_obsid:wp4-f5_variable:so4,0.000946317,0.0,conc,,,wp4-f5,conc,lst,433.0,sim,so4,
oname:conc_otype:lst_usecol:sim_time:434.0_obsid:welopt-ly1_variable:so4,0.000144446,0.0,forecast,,,welopt-ly1,conc,lst,434.0,sim,so4,
oname:conc_otype:lst_usecol:sim_time:434.0_obsid:welopt-ly3_variable:o0,2.9497e-11,0.0,conc,,,welopt-ly3,conc,lst,434.0,sim,o0,
oname:conc_otype:lst_usecol:sim_time:434.0_obsid:welopt-ly3_variable:ph,6.74242,0.0,conc,,,welopt-ly3,conc,lst,434.0,sim,ph,
oname:conc_otype:lst_usecol:sim_time:434.0_obsid:welopt-ly3_variable:so4,0.000749849,0.0,forecast,,,welopt-ly3,conc,lst,434.0,sim,so4,
oname:conc_otype:lst_usecol:sim_time:434.0_obsid:welopt-ly5_variable:so4,0.000866969,0.0,forecast,,,welopt-ly5,conc,lst,434.0,sim,so4,
oname:conc_otype:lst_usecol:sim_time:434.0_obsid:wp1-f3_variable:o0,6.5647e-05,0.0,conc,,,wp1-f3,conc,lst,434.0,sim,o0,
oname:conc_otype:lst_usecol:sim_time:434.0_obsid:wp1-f3_variable:ph,6.80562,0.0,conc,,,wp1-f3,conc,lst,434.0,sim,ph,
oname:conc_otype:lst_usecol:sim_time:434.0_obsid:wp1-f3_variable:so4,0.000813014,0.0,conc,,,wp1-f3,conc,lst,434.0,sim,so4,
oname:conc_otype:lst_usecol:sim_time:434.0_obsid:wp4-f5_variable:o0,4.0453e-11,0.0,conc,,,wp4-f5,conc,lst,434.0,sim,o0,
oname:conc_otype:lst_usecol:sim_time:434.0_obsid:wp4-f5_variable:ph,6.86171,0.0,conc,,,wp4-f5,conc,lst,434.0,sim,ph,
oname:conc_otype:lst_usecol:sim_time:434.0_obsid:wp4-f5_variable:so4,0.000946317,0.0,conc,,,wp4-f5,conc,lst,434.0,sim,so4,
oname:conc_otype:lst_usecol:sim_time:435.0_obsid:welopt-ly1_variable:so4,0.000144446,0.0,forecast,,,welopt-ly1,conc,lst,435.0,sim,so4,
oname:conc_otype:lst_usecol:sim_time:435.0_obsid:welopt-ly3_variable:o0,2.9497e-11,0.0,conc,,,welopt-ly3,conc,lst,435.0,sim,o0,
oname:conc_otype:lst_usecol:sim_time:435.0_obsid:welopt-ly3_variable:ph,6.74242,0.0,conc,,,welopt-ly3,conc,lst,435.0,sim,ph,
oname:conc_otype:lst_usecol:sim_time:435.0_obsid:welopt-ly3_variable:so4,0.000749849,0.0,forecast,,,welopt-ly3,conc,lst,435.0,sim,so4,
oname:conc_otype:lst_usecol:sim_time:435.0_obsid:welopt-ly5_variable:so4,0.000866969,0.0,forecast,,,welopt-ly5,conc,lst,435.0,sim,so4,
oname:conc_otype:lst_usecol:sim_time:435.0_obsid:wp1-f3_variable:o0,6.5647e-05,0.0,conc,,,wp1-f3,conc,lst,435.0,sim,o0,
oname:conc_otype:lst_usecol:sim_time:435.0_obsid:wp1-f3_variable:ph,6.80562,0.0,conc,,,wp1-f3,conc,lst,435.0,sim,ph,
oname:conc_otype:lst_usecol:sim_time:435.0_obsid:wp1-f3_variable:so4,0.000813014,0.0,conc,,,wp1-f3,conc,lst,435.0,sim,so4,
oname:conc_otype:lst_usecol:sim_time:435.0_obsid:wp4-f5_variable:o0,4.0453e-11,0.0,conc,,,wp4-f5,conc,lst,435.0,sim,o0,
oname:conc_otype:lst_usecol:sim_time:435.0_obsid:wp4-f5_variable:ph,6.86171,0.0,conc,,,wp4-f5,conc,lst,435.0,sim,ph,
oname:conc_otype:lst_usecol:sim_time:435.0_obsid:wp4-f5_variable:so4,0.000946317,0.0,conc,,,wp4-f5,conc,lst,435.0,sim,so4,
oname:conc_otype:lst_usecol:sim_time:436.0_obsid:welopt-ly1_variable:so4,0.000151408,0.0,forecast,,,welopt-ly1,conc,lst,436.0,sim,so4,
oname:conc_otype:lst_usecol:sim_time:436.0_obsid:welopt-ly3_variable:o0,3.09652e-11,0.0,conc,,,welopt-ly3,conc,lst,436.0,sim,o0,
oname:conc_otype:lst_usecol:sim_time:436.0_obsid:welopt-ly3_variable:ph,6.75333,0.0,conc,,,welopt-ly3,conc,lst,436.0,sim,ph,
oname:conc_otype:lst_usecol:sim_time:436.0_obsid:welopt-ly3_variable:so4,0.000775521,0.0,forecast,,,welopt-ly3,conc,lst,436.0,sim,so4,
oname:conc_otype:lst_usecol:sim_time:436.0_obsid:welopt-ly5_variable:so4,0.000894972,0.0,forecast,,,welopt-ly5,conc,lst,436.0,sim,so4,
oname:conc_otype:lst_usecol:sim_time:436.0_obsid:wp1-f3_variable:o0,7.48108e-05,0.0,conc,,,wp1-f3,conc,lst,436.0,sim,o0,
oname:conc_otype:lst_usecol:sim_time:436.0_obsid:wp1-f3_variable:ph,6.80041,0.0,conc,,,wp1-f3,conc,lst,436.0,sim,ph,
oname:conc_otype:lst_usecol:sim_time:436.0_obsid:wp1-f3_variable:so4,0.000818551,0.0,conc,,,wp1-f3,conc,lst,436.0,sim,so4,
oname:conc_otype:lst_usecol:sim_time:436.0_obsid:wp4-f5_variable:o0,6.14092e-11,0.0,conc,,,wp4-f5,conc,lst,436.0,sim,o0,
oname:conc_otype:lst_usecol:sim_time:436.0_obsid:wp4-f5_variable:ph,6.79156,0.0,conc,,,wp4-f5,conc,lst,436.0,sim,ph,
oname:conc_otype:lst_usecol:sim_time:436.0_obsid:wp4-f5_variable:so4,0.000979866,0.0,conc,,,wp4-f5,conc,lst,436.0,sim,so4,
oname:conc_otype:lst_usecol:sim_time:437.0_obsid:welopt-ly1_variable:so4,0.000151408,0.0,forecast,,,welopt-ly1,conc,lst,437.0,sim,so4,
oname:conc_otype:lst_usecol:sim_time:437.0_obsid:welopt-ly3_variable:o0,3.09652e-11,0.0,conc,,,welopt-ly3,conc,lst,437.0,sim,o0,
oname:conc_otype:lst_usecol:sim_time:437.0_obsid:welopt-ly3_variable:ph,6.75333,0.0,conc,,,welopt-ly3,conc,lst,437.0,sim,ph,
oname:conc_otype:lst_usecol:sim_time:437.0_obsid:welopt-ly3_variable:so4,0.000775521,0.0,forecast,,,welopt-ly3,conc,lst,437.0,sim,so4,
oname:conc_otype:lst_usecol:sim_time:437.0_obsid:welopt-ly5_variable:so4,0.000894972,0.0,forecast,,,welopt-ly5,conc,lst,437.0,sim,so4,
oname:conc_otype:lst_usecol:sim_time:437.0_obsid:wp1-f3_variable:o0,7.48108e-05,0.0,conc,,,wp1-f3,conc,lst,437.0,sim,o0,
oname:conc_otype:lst_usecol:sim_time:437.0_obsid:wp1-f3_variable:ph,6.80041,0.0,conc,,,wp1-f3,conc,lst,437.0,sim,ph,
oname:conc_otype:lst_usecol:sim_time:437.0_obsid:wp1-f3_variable:so4,0.000818551,0.0,conc,,,wp1-f3,conc,lst,437.0,sim,so4,
oname:conc_otype:lst_usecol:sim_time:437.0_obsid:wp4-f5_variable:o0,6.14092e-11,0.0,conc,,,wp4-f5,conc,lst,437.0,sim,o0,
oname:conc_otype:lst_usecol:sim_time:437.0_obsid:wp4-f5_variable:ph,6.79156,0.0,conc,,,wp4-f5,conc,lst,437.0,sim,ph,
oname:conc_otype:lst_usecol:sim_time:437.0_obsid:wp4-f5_variable:so4,0.000979866,0.0,conc,,,wp4-f5,conc,lst,437.0,sim,so4,
oname:conc_otype:lst_usecol:sim_time:438.0_obsid:welopt-ly1_variable:so4,0.000151408,0.0,forecast,,,welopt-ly1,conc,lst,438.0,sim,so4,
oname:conc_otype:lst_usecol:sim_time:438.0_obsid:welopt-ly3_variable:o0,3.09652e-11,0.0,conc,,,welopt-ly3,conc,lst,438.0,sim,o0,
oname:conc_otype:lst_usecol:sim_time:438.0_obsid:welopt-ly3_variable:ph,6.75333,0.0,conc,,,welopt-ly3,conc,lst,438.0,sim,ph,
oname:conc_otype:lst_usecol:sim_time:438.0_obsid:welopt-ly3_variable:so4,0.000775521,0.0,forecast,,,welopt-ly3,conc,lst,438.0,sim,so4,
oname:conc_otype:lst_usecol:sim_time:438.0_obsid:welopt-ly5_variable:so4,0.000894972,0.0,forecast,,,welopt-ly5,conc,lst,438.0,sim,so4,
oname:conc_otype:lst_usecol:sim_time:438.0_obsid:wp1-f3_variable:o0,7.48108e-05,0.0,conc,,,wp1-f3,conc,lst,438.0,sim,o0,
oname:conc_otype:lst_usecol:sim_time:438.0_obsid:wp1-f3_variable:ph,6.80041,0.0,conc,,,wp1-f3,conc,lst,438.0,sim,ph,
oname:conc_otype:lst_usecol:sim_time:438.0_obsid:wp1-f3_variable:so4,0.000818551,0.0,conc,,,wp1-f3,conc,lst,438.0,sim,so4,
oname:conc_otype:lst_usecol:sim_time:438.0_obsid:wp4-f5_variable:o0,6.14092e-11,0.0,conc,,,wp4-f5,conc,lst,438.0,sim,o0,
oname:conc_otype:lst_usecol:sim_time:438.0_obsid:wp4-f5_variable:ph,6.79156,0.0,conc,,,wp4-f5,conc,lst,438.0,sim,ph,
oname:conc_otype:lst_usecol:sim_time:438.0_obsid:wp4-f5_variable:so4,0.000979866,0.0,conc,,,wp4-f5,conc,lst,438.0,sim,so4,
oname:conc_otype:lst_usecol:sim_time:439.0_obsid:welopt-ly1_variable:so4,0.000151408,0.0,forecast,,,welopt-ly1,conc,lst,439.0,sim,so4,
oname:conc_otype:lst_usecol:sim_time:439.0_obsid:welopt-ly3_variable:o0,3.09652e-11,0.0,conc,,,welopt-ly3,conc,lst,439.0,sim,o0,
oname:conc_otype:lst_usecol:sim_time:439.0_obsid:welopt-ly3_variable:ph,6.75333,0.0,conc,,,welopt-ly3,conc,lst,439.0,sim,ph,
oname:conc_otype:lst_usecol:sim_time:439.0_obsid:welopt-ly3_variable:so4,0.000775521,0.0,forecast,,,welopt-ly3,conc,lst,439.0,sim,so4,
oname:conc_otype:lst_usecol:sim_time:439.0_obsid:welopt-ly5_variable:so4,0.000894972,0.0,forecast,,,welopt-ly5,conc,lst,439.0,sim,so4,
oname:conc_otype:lst_usecol:sim_time:439.0_obsid:wp1-f3_variable:o0,7.48108e-05,0.0,conc,,,wp1-f3,conc,lst,439.0,sim,o0,
oname:conc_otype:lst_usecol:sim_time:439.0_obsid:wp1-f3_variable:ph,6.80041,0.0,conc,,,wp1-f3,conc,lst,439.0,sim,ph,
oname:conc_otype:lst_usecol:sim_time:439.0_obsid:wp1-f3_variable:so4,0.000818551,0.0,conc,,,wp1-f3,conc,lst,439.0,sim,so4,
oname:conc_otype:lst_usecol:sim_time:439.0_obsid:wp4-f5_variable:o0,6.14092e-11,0.0,conc,,,wp4-f5,conc,lst,439.0,sim,o0,
oname:conc_otype:lst_usecol:sim_time:439.0_obsid:wp4-f5_variable:ph,6.79156,0.0,conc,,,wp4-f5,conc,lst,439.0,sim,ph,
oname:conc_otype:lst_usecol:sim_time:439.0_obsid:wp4-f5_variable:so4,0.000979866,0.0,conc,,,wp4-f5,conc,lst,439.0,sim,so4,
oname:conc_otype:lst_usecol:sim_time:44.0_obsid:welopt-ly3_variable:o0,0.0,0.0,conc,,,welopt-ly3,conc,lst,44.0,sim,o0,
oname:conc_otype:lst_usecol:sim_time:44.0_obsid:welopt-ly3_variable:ph,6.67491,0.0,conc,,,welopt-ly3,conc,lst,44.0,sim,ph,
oname:conc_otype:lst_usecol:sim_time:44.0_obsid:welopt-ly3_variable:so4,5.51095e-05,0.0,conc,,,welopt-ly3,conc,lst,44.0,sim,so4,
oname:conc_otype:lst_usecol:sim_time:44.0_obsid:wp1-f3_variable:o0,1.70044e-10,3065.696697424829,conc,,,wp1-f3,conc,lst,44.0,sim,o0,0.000326190128606
oname:conc_otype:lst_usecol:sim_time:44.0_obsid:wp1-f3_variable:ph,6.74821,0.6131393394849658,conc,,,wp1-f3,conc,lst,44.0,sim,ph,1.6309506430300091
oname:conc_otype:lst_usecol:sim_time:44.0_obsid:wp1-f3_variable:so4,0.000755916,1226.2786789699317,conc,,,wp1-f3,conc,lst,44.0,sim,so4,0.000815475321515
oname:conc_otype:lst_usecol:sim_time:44.0_obsid:wp4-f5_variable:o0,6.01727e-38,3143.4730673096574,conc,,,wp4-f5,conc,lst,44.0,sim,o0,0.0003181194744117
oname:conc_otype:lst_usecol:sim_time:44.0_obsid:wp4-f5_variable:ph,6.65754,0.6286946134619315,conc,,,wp4-f5,conc,lst,44.0,sim,ph,1.5905973720586868
oname:conc_otype:lst_usecol:sim_time:44.0_obsid:wp4-f5_variable:so4,6.97739e-05,1257.389226923863,conc,,,wp4-f5,conc,lst,44.0,sim,so4,0.0007952986860293
oname:conc_otype:lst_usecol:sim_time:440.0_obsid:welopt-ly1_variable:so4,0.000151408,0.0,forecast,,,welopt-ly1,conc,lst,440.0,sim,so4,
oname:conc_otype:lst_usecol:sim_time:440.0_obsid:welopt-ly3_variable:o0,3.09652e-11,0.0,conc,,,welopt-ly3,conc,lst,440.0,sim,o0,
oname:conc_otype:lst_usecol:sim_time:440.0_obsid:welopt-ly3_variable:ph,6.75333,0.0,conc,,,welopt-ly3,conc,lst,440.0,sim,ph,
oname:conc_otype:lst_usecol:sim_time:440.0_obsid:welopt-ly3_variable:so4,0.000775521,0.0,forecast,,,welopt-ly3,conc,lst,440.0,sim,so4,
oname:conc_otype:lst_usecol:sim_time:440.0_obsid:welopt-ly5_variable:so4,0.000894972,0.0,forecast,,,welopt-ly5,conc,lst,440.0,sim,so4,
oname:conc_otype:lst_usecol:sim_time:440.0_obsid:wp1-f3_variable:o0,7.48108e-05,0.0,conc,,,wp1-f3,conc,lst,440.0,sim,o0,
oname:conc_otype:lst_usecol:sim_time:440.0_obsid:wp1-f3_variable:ph,6.80041,0.0,conc,,,wp1-f3,conc,lst,440.0,sim,ph,
oname:conc_otype:lst_usecol:sim_time:440.0_obsid:wp1-f3_variable:so4,0.000818551,0.0,conc,,,wp1-f3,conc,lst,440.0,sim,so4,
oname:conc_otype:lst_usecol:sim_time:440.0_obsid:wp4-f5_variable:o0,6.14092e-11,0.0,conc,,,wp4-f5,conc,lst,440.0,sim,o0,
oname:conc_otype:lst_usecol:sim_time:440.0_obsid:wp4-f5_variable:ph,6.79156,0.0,conc,,,wp4-f5,conc,lst,440.0,sim,ph,
oname:conc_otype:lst_usecol:sim_time:440.0_obsid:wp4-f5_variable:so4,0.000979866,0.0,conc,,,wp4-f5,conc,lst,440.0,sim,so4,
oname:conc_otype:lst_usecol:sim_time:441.0_obsid:welopt-ly1_variable:so4,0.000151408,0.0,forecast,,,welopt-ly1,conc,lst,441.0,sim,so4,
oname:conc_otype:lst_usecol:sim_time:441.0_obsid:welopt-ly3_variable:o0,3.09652e-11,0.0,conc,,,welopt-ly3,conc,lst,441.0,sim,o0,
oname:conc_otype:lst_usecol:sim_time:441.0_obsid:welopt-ly3_variable:ph,6.75333,0.0,conc,,,welopt-ly3,conc,lst,441.0,sim,ph,
oname:conc_otype:lst_usecol:sim_time:441.0_obsid:welopt-ly3_variable:so4,0.000775521,0.0,forecast,,,welopt-ly3,conc,lst,441.0,sim,so4,
oname:conc_otype:lst_usecol:sim_time:441.0_obsid:welopt-ly5_variable:so4,0.000894972,0.0,forecast,,,welopt-ly5,conc,lst,441.0,sim,so4,
oname:conc_otype:lst_usecol:sim_time:441.0_obsid:wp1-f3_variable:o0,7.48108e-05,0.0,conc,,,wp1-f3,conc,lst,441.0,sim,o0,
oname:conc_otype:lst_usecol:sim_time:441.0_obsid:wp1-f3_variable:ph,6.80041,0.0,conc,,,wp1-f3,conc,lst,441.0,sim,ph,
oname:conc_otype:lst_usecol:sim_time:441.0_obsid:wp1-f3_variable:so4,0.000818551,0.0,conc,,,wp1-f3,conc,lst,441.0,sim,so4,
oname:conc_otype:lst_usecol:sim_time:441.0_obsid:wp4-f5_variable:o0,6.14092e-11,0.0,conc,,,wp4-f5,conc,lst,441.0,sim,o0,
oname:conc_otype:lst_usecol:sim_time:441.0_obsid:wp4-f5_variable:ph,6.79156,0.0,conc,,,wp4-f5,conc,lst,441.0,sim,ph,
oname:conc_otype:lst_usecol:sim_time:441.0_obsid:wp4-f5_variable:so4,0.000979866,0.0,conc,,,wp4-f5,conc,lst,441.0,sim,so4,
oname:conc_otype:lst_usecol:sim_time:442.0_obsid:welopt-ly1_variable:so4,0.000151408,0.0,forecast,,,welopt-ly1,conc,lst,442.0,sim,so4,
oname:conc_otype:lst_usecol:sim_time:442.0_obsid:welopt-ly3_variable:o0,3.09652e-11,0.0,conc,,,welopt-ly3,conc,lst,442.0,sim,o0,
oname:conc_otype:lst_usecol:sim_time:442.0_obsid:welopt-ly3_variable:ph,6.75333,0.0,conc,,,welopt-ly3,conc,lst,442.0,sim,ph,
oname:conc_otype:lst_usecol:sim_time:442.0_obsid:welopt-ly3_variable:so4,0.000775521,0.0,forecast,,,welopt-ly3,conc,lst,442.0,sim,so4,
oname:conc_otype:lst_usecol:sim_time:442.0_obsid:welopt-ly5_variable:so4,0.000894972,0.0,forecast,,,welopt-ly5,conc,lst,442.0,sim,so4,
oname:conc_otype:lst_usecol:sim_time:442.0_obsid:wp1-f3_variable:o0,7.48108e-05,0.0,conc,,,wp1-f3,conc,lst,442.0,sim,o0,
oname:conc_otype:lst_usecol:sim_time:442.0_obsid:wp1-f3_variable:ph,6.80041,0.0,conc,,,wp1-f3,conc,lst,442.0,sim,ph,
oname:conc_otype:lst_usecol:sim_time:442.0_obsid:wp1-f3_variable:so4,0.000818551,0.0,conc,,,wp1-f3,conc,lst,442.0,sim,so4,
oname:conc_otype:lst_usecol:sim_time:442.0_obsid:wp4-f5_variable:o0,6.14092e-11,0.0,conc,,,wp4-f5,conc,lst,442.0,sim,o0,
oname:conc_otype:lst_usecol:sim_time:442.0_obsid:wp4-f5_variable:ph,6.79156,0.0,conc,,,wp4-f5,conc,lst,442.0,sim,ph,
oname:conc_otype:lst_usecol:sim_time:442.0_obsid:wp4-f5_variable:so4,0.000979866,0.0,conc,,,wp4-f5,conc,lst,442.0,sim,so4,
oname:conc_otype:lst_usecol:sim_time:443.0_obsid:welopt-ly1_variable:so4,0.000158186,0.0,forecast,,,welopt-ly1,conc,lst,443.0,sim,so4,
oname:conc_otype:lst_usecol:sim_time:443.0_obsid:welopt-ly3_variable:o0,4.33371e-11,0.0,conc,,,welopt-ly3,conc,lst,443.0,sim,o0,
oname:conc_otype:lst_usecol:sim_time:443.0_obsid:welopt-ly3_variable:ph,6.73324,0.0,conc,,,welopt-ly3,conc,lst,443.0,sim,ph,
oname:conc_otype:lst_usecol:sim_time:443.0_obsid:welopt-ly3_variable:so4,0.000801613,0.0,forecast,,,welopt-ly3,conc,lst,443.0,sim,so4,
oname:conc_otype:lst_usecol:sim_time:443.0_obsid:welopt-ly5_variable:so4,0.000908769,0.0,forecast,,,welopt-ly5,conc,lst,443.0,sim,so4,
oname:conc_otype:lst_usecol:sim_time:443.0_obsid:wp1-f3_variable:o0,7.5183e-05,0.0,conc,,,wp1-f3,conc,lst,443.0,sim,o0,
oname:conc_otype:lst_usecol:sim_time:443.0_obsid:wp1-f3_variable:ph,6.80146,0.0,conc,,,wp1-f3,conc,lst,443.0,sim,ph,
oname:conc_otype:lst_usecol:sim_time:443.0_obsid:wp1-f3_variable:so4,0.000818935,0.0,conc,,,wp1-f3,conc,lst,443.0,sim,so4,
oname:conc_otype:lst_usecol:sim_time:443.0_obsid:wp4-f5_variable:o0,6.21625e-11,0.0,conc,,,wp4-f5,conc,lst,443.0,sim,o0,
oname:conc_otype:lst_usecol:sim_time:443.0_obsid:wp4-f5_variable:ph,6.79717,0.0,conc,,,wp4-f5,conc,lst,443.0,sim,ph,
oname:conc_otype:lst_usecol:sim_time:443.0_obsid:wp4-f5_variable:so4,0.000981617,0.0,conc,,,wp4-f5,conc,lst,443.0,sim,so4,
oname:conc_otype:lst_usecol:sim_time:444.0_obsid:welopt-ly1_variable:so4,0.000158186,0.0,forecast,,,welopt-ly1,conc,lst,444.0,sim,so4,
oname:conc_otype:lst_usecol:sim_time:444.0_obsid:welopt-ly3_variable:o0,4.33371e-11,0.0,conc,,,welopt-ly3,conc,lst,444.0,sim,o0,
oname:conc_otype:lst_usecol:sim_time:444.0_obsid:welopt-ly3_variable:ph,6.73324,0.0,conc,,,welopt-ly3,conc,lst,444.0,sim,ph,
oname:conc_otype:lst_usecol:sim_time:444.0_obsid:welopt-ly3_variable:so4,0.000801613,0.0,forecast,,,welopt-ly3,conc,lst,444.0,sim,so4,
oname:conc_otype:lst_usecol:sim_time:444.0_obsid:welopt-ly5_variable:so4,0.000908769,0.0,forecast,,,welopt-ly5,conc,lst,444.0,sim,so4,
oname:conc_otype:lst_usecol:sim_time:444.0_obsid:wp1-f3_variable:o0,7.5183e-05,0.0,conc,,,wp1-f3,conc,lst,444.0,sim,o0,
oname:conc_otype:lst_usecol:sim_time:444.0_obsid:wp1-f3_variable:ph,6.80146,0.0,conc,,,wp1-f3,conc,lst,444.0,sim,ph,
oname:conc_otype:lst_usecol:sim_time:444.0_obsid:wp1-f3_variable:so4,0.000818935,0.0,conc,,,wp1-f3,conc,lst,444.0,sim,so4,
oname:conc_otype:lst_usecol:sim_time:444.0_obsid:wp4-f5_variable:o0,6.21625e-11,0.0,conc,,,wp4-f5,conc,lst,444.0,sim,o0,
oname:conc_otype:lst_usecol:sim_time:444.0_obsid:wp4-f5_variable:ph,6.79717,0.0,conc,,,wp4-f5,conc,lst,444.0,sim,ph,
oname:conc_otype:lst_usecol:sim_time:444.0_obsid:wp4-f5_variable:so4,0.000981617,0.0,conc,,,wp4-f5,conc,lst,444.0,sim,so4,
oname:conc_otype:lst_usecol:sim_time:445.0_obsid:welopt-ly1_variable:so4,0.000158186,0.0,forecast,,,welopt-ly1,conc,lst,445.0,sim,so4,
oname:conc_otype:lst_usecol:sim_time:445.0_obsid:welopt-ly3_variable:o0,4.33371e-11,0.0,conc,,,welopt-ly3,conc,lst,445.0,sim,o0,
oname:conc_otype:lst_usecol:sim_time:445.0_obsid:welopt-ly3_variable:ph,6.73324,0.0,conc,,,welopt-ly3,conc,lst,445.0,sim,ph,
oname:conc_otype:lst_usecol:sim_time:445.0_obsid:welopt-ly3_variable:so4,0.000801613,0.0,forecast,,,welopt-ly3,conc,lst,445.0,sim,so4,
oname:conc_otype:lst_usecol:sim_time:445.0_obsid:welopt-ly5_variable:so4,0.000908769,0.0,forecast,,,welopt-ly5,conc,lst,445.0,sim,so4,
oname:conc_otype:lst_usecol:sim_time:445.0_obsid:wp1-f3_variable:o0,7.5183e-05,0.0,conc,,,wp1-f3,conc,lst,445.0,sim,o0,
oname:conc_otype:lst_usecol:sim_time:445.0_obsid:wp1-f3_variable:ph,6.80146,0.0,conc,,,wp1-f3,conc,lst,445.0,sim,ph,
oname:conc_otype:lst_usecol:sim_time:445.0_obsid:wp1-f3_variable:so4,0.000818935,0.0,conc,,,wp1-f3,conc,lst,445.0,sim,so4,
oname:conc_otype:lst_usecol:sim_time:445.0_obsid:wp4-f5_variable:o0,6.21625e-11,0.0,conc,,,wp4-f5,conc,lst,445.0,sim,o0,
oname:conc_otype:lst_usecol:sim_time:445.0_obsid:wp4-f5_variable:ph,6.79717,0.0,conc,,,wp4-f5,conc,lst,445.0,sim,ph,
oname:conc_otype:lst_usecol:sim_time:445.0_obsid:wp4-f5_variable:so4,0.000981617,0.0,conc,,,wp4-f5,conc,lst,445.0,sim,so4,
oname:conc_otype:lst_usecol:sim_time:446.0_obsid:welopt-ly1_variable:so4,0.000158186,0.0,forecast,,,welopt-ly1,conc,lst,446.0,sim,so4,
oname:conc_otype:lst_usecol:sim_time:446.0_obsid:welopt-ly3_variable:o0,4.33371e-11,0.0,conc,,,welopt-ly3,conc,lst,446.0,sim,o0,
oname:conc_otype:lst_usecol:sim_time:446.0_obsid:welopt-ly3_variable:ph,6.73324,0.0,conc,,,welopt-ly3,conc,lst,446.0,sim,ph,
oname:conc_otype:lst_usecol:sim_time:446.0_obsid:welopt-ly3_variable:so4,0.000801613,0.0,forecast,,,welopt-ly3,conc,lst,446.0,sim,so4,
oname:conc_otype:lst_usecol:sim_time:446.0_obsid:welopt-ly5_variable:so4,0.000908769,0.0,forecast,,,welopt-ly5,conc,lst,446.0,sim,so4,
oname:conc_otype:lst_usecol:sim_time:446.0_obsid:wp1-f3_variable:o0,7.5183e-05,0.0,conc,,,wp1-f3,conc,lst,446.0,sim,o0,
oname:conc_otype:lst_usecol:sim_time:446.0_obsid:wp1-f3_variable:ph,6.80146,0.0,conc,,,wp1-f3,conc,lst,446.0,sim,ph,
oname:conc_otype:lst_usecol:sim_time:446.0_obsid:wp1-f3_variable:so4,0.000818935,0.0,conc,,,wp1-f3,conc,lst,446.0,sim,so4,
oname:conc_otype:lst_usecol:sim_time:446.0_obsid:wp4-f5_variable:o0,6.21625e-11,0.0,conc,,,wp4-f5,conc,lst,446.0,sim,o0,
oname:conc_otype:lst_usecol:sim_time:446.0_obsid:wp4-f5_variable:ph,6.79717,0.0,conc,,,wp4-f5,conc,lst,446.0,sim,ph,
oname:conc_otype:lst_usecol:sim_time:446.0_obsid:wp4-f5_variable:so4,0.000981617,0.0,conc,,,wp4-f5,conc,lst,446.0,sim,so4,
oname:conc_otype:lst_usecol:sim_time:447.0_obsid:welopt-ly1_variable:so4,0.000158186,0.0,forecast,,,welopt-ly1,conc,lst,447.0,sim,so4,
oname:conc_otype:lst_usecol:sim_time:447.0_obsid:welopt-ly3_variable:o0,4.33371e-11,0.0,conc,,,welopt-ly3,conc,lst,447.0,sim,o0,
oname:conc_otype:lst_usecol:sim_time:447.0_obsid:welopt-ly3_variable:ph,6.73324,0.0,conc,,,welopt-ly3,conc,lst,447.0,sim,ph,
oname:conc_otype:lst_usecol:sim_time:447.0_obsid:welopt-ly3_variable:so4,0.000801613,0.0,forecast,,,welopt-ly3,conc,lst,447.0,sim,so4,
oname:conc_otype:lst_usecol:sim_time:447.0_obsid:welopt-ly5_variable:so4,0.000908769,0.0,forecast,,,welopt-ly5,conc,lst,447.0,sim,so4,
oname:conc_otype:lst_usecol:sim_time:447.0_obsid:wp1-f3_variable:o0,7.5183e-05,0.0,conc,,,wp1-f3,conc,lst,447.0,sim,o0,
oname:conc_otype:lst_usecol:sim_time:447.0_obsid:wp1-f3_variable:ph,6.80146,0.0,conc,,,wp1-f3,conc,lst,447.0,sim,ph,
oname:conc_otype:lst_usecol:sim_time:447.0_obsid:wp1-f3_variable:so4,0.000818935,0.0,conc,,,wp1-f3,conc,lst,447.0,sim,so4,
oname:conc_otype:lst_usecol:sim_time:447.0_obsid:wp4-f5_variable:o0,6.21625e-11,0.0,conc,,,wp4-f5,conc,lst,447.0,sim,o0,
oname:conc_otype:lst_usecol:sim_time:447.0_obsid:wp4-f5_variable:ph,6.79717,0.0,conc,,,wp4-f5,conc,lst,447.0,sim,ph,
oname:conc_otype:lst_usecol:sim_time:447.0_obsid:wp4-f5_variable:so4,0.000981617,0.0,conc,,,wp4-f5,conc,lst,447.0,sim,so4,
oname:conc_otype:lst_usecol:sim_time:448.0_obsid:welopt-ly1_variable:so4,0.000158186,0.0,forecast,,,welopt-ly1,conc,lst,448.0,sim,so4,
oname:conc_otype:lst_usecol:sim_time:448.0_obsid:welopt-ly3_variable:o0,4.33371e-11,0.0,conc,,,welopt-ly3,conc,lst,448.0,sim,o0,
oname:conc_otype:lst_usecol:sim_time:448.0_obsid:welopt-ly3_variable:ph,6.73324,0.0,conc,,,welopt-ly3,conc,lst,448.0,sim,ph,
oname:conc_otype:lst_usecol:sim_time:448.0_obsid:welopt-ly3_variable:so4,0.000801613,0.0,forecast,,,welopt-ly3,conc,lst,448.0,sim,so4,
oname:conc_otype:lst_usecol:sim_time:448.0_obsid:welopt-ly5_variable:so4,0.000908769,0.0,forecast,,,welopt-ly5,conc,lst,448.0,sim,so4,
oname:conc_otype:lst_usecol:sim_time:448.0_obsid:wp1-f3_variable:o0,7.5183e-05,0.0,conc,,,wp1-f3,conc,lst,448.0,sim,o0,
oname:conc_otype:lst_usecol:sim_time:448.0_obsid:wp1-f3_variable:ph,6.80146,0.0,conc,,,wp1-f3,conc,lst,448.0,sim,ph,
oname:conc_otype:lst_usecol:sim_time:448.0_obsid:wp1-f3_variable:so4,0.000818935,0.0,conc,,,wp1-f3,conc,lst,448.0,sim,so4,
oname:conc_otype:lst_usecol:sim_time:448.0_obsid:wp4-f5_variable:o0,6.21625e-11,0.0,conc,,,wp4-f5,conc,lst,448.0,sim,o0,
oname:conc_otype:lst_usecol:sim_time:448.0_obsid:wp4-f5_variable:ph,6.79717,0.0,conc,,,wp4-f5,conc,lst,448.0,sim,ph,
oname:conc_otype:lst_usecol:sim_time:448.0_obsid:wp4-f5_variable:so4,0.000981617,0.0,conc,,,wp4-f5,conc,lst,448.0,sim,so4,
oname:conc_otype:lst_usecol:sim_time:449.0_obsid:welopt-ly1_variable:so4,0.000158186,0.0,forecast,,,welopt-ly1,conc,lst,449.0,sim,so4,
oname:conc_otype:lst_usecol:sim_time:449.0_obsid:welopt-ly3_variable:o0,4.33371e-11,0.0,conc,,,welopt-ly3,conc,lst,449.0,sim,o0,
oname:conc_otype:lst_usecol:sim_time:449.0_obsid:welopt-ly3_variable:ph,6.73324,0.0,conc,,,welopt-ly3,conc,lst,449.0,sim,ph,
oname:conc_otype:lst_usecol:sim_time:449.0_obsid:welopt-ly3_variable:so4,0.000801613,0.0,forecast,,,welopt-ly3,conc,lst,449.0,sim,so4,
oname:conc_otype:lst_usecol:sim_time:449.0_obsid:welopt-ly5_variable:so4,0.000908769,0.0,forecast,,,welopt-ly5,conc,lst,449.0,sim,so4,
oname:conc_otype:lst_usecol:sim_time:449.0_obsid:wp1-f3_variable:o0,7.5183e-05,0.0,conc,,,wp1-f3,conc,lst,449.0,sim,o0,
oname:conc_otype:lst_usecol:sim_time:449.0_obsid:wp1-f3_variable:ph,6.80146,0.0,conc,,,wp1-f3,conc,lst,449.0,sim,ph,
oname:conc_otype:lst_usecol:sim_time:449.0_obsid:wp1-f3_variable:so4,0.000818935,0.0,conc,,,wp1-f3,conc,lst,449.0,sim,so4,
oname:conc_otype:lst_usecol:sim_time:449.0_obsid:wp4-f5_variable:o0,6.21625e-11,0.0,conc,,,wp4-f5,conc,lst,449.0,sim,o0,
oname:conc_otype:lst_usecol:sim_time:449.0_obsid:wp4-f5_variable:ph,6.79717,0.0,conc,,,wp4-f5,conc,lst,449.0,sim,ph,
oname:conc_otype:lst_usecol:sim_time:449.0_obsid:wp4-f5_variable:so4,0.000981617,0.0,conc,,,wp4-f5,conc,lst,449.0,sim,so4,
oname:conc_otype:lst_usecol:sim_time:45.0_obsid:welopt-ly3_variable:o0,0.0,0.0,conc,,,welopt-ly3,conc,lst,45.0,sim,o0,
oname:conc_otype:lst_usecol:sim_time:45.0_obsid:welopt-ly3_variable:ph,6.67491,0.0,conc,,,welopt-ly3,conc,lst,45.0,sim,ph,
oname:conc_otype:lst_usecol:sim_time:45.0_obsid:welopt-ly3_variable:so4,5.51095e-05,0.0,conc,,,welopt-ly3,conc,lst,45.0,sim,so4,
oname:conc_otype:lst_usecol:sim_time:45.0_obsid:wp1-f3_variable:o0,1.70044e-10,3065.696697424829,conc,,,wp1-f3,conc,lst,45.0,sim,o0,0.000326190128606
oname:conc_otype:lst_usecol:sim_time:45.0_obsid:wp1-f3_variable:ph,6.74821,0.6131393394849658,conc,,,wp1-f3,conc,lst,45.0,sim,ph,1.6309506430300091
oname:conc_otype:lst_usecol:sim_time:45.0_obsid:wp1-f3_variable:so4,0.000755916,1226.2786789699317,conc,,,wp1-f3,conc,lst,45.0,sim,so4,0.000815475321515
oname:conc_otype:lst_usecol:sim_time:45.0_obsid:wp4-f5_variable:o0,6.01727e-38,3143.4730673096574,conc,,,wp4-f5,conc,lst,45.0,sim,o0,0.0003181194744117
oname:conc_otype:lst_usecol:sim_time:45.0_obsid:wp4-f5_variable:ph,6.65754,0.6286946134619315,conc,,,wp4-f5,conc,lst,45.0,sim,ph,1.5905973720586868
oname:conc_otype:lst_usecol:sim_time:45.0_obsid:wp4-f5_variable:so4,6.97739e-05,1257.389226923863,conc,,,wp4-f5,conc,lst,45.0,sim,so4,0.0007952986860293
oname:conc_otype:lst_usecol:sim_time:450.0_obsid:welopt-ly1_variable:so4,0.000164958,0.0,forecast,,,welopt-ly1,conc,lst,450.0,sim,so4,
oname:conc_otype:lst_usecol:sim_time:450.0_obsid:welopt-ly3_variable:o0,4.79288e-11,0.0,conc,,,welopt-ly3,conc,lst,450.0,sim,o0,
oname:conc_otype:lst_usecol:sim_time:450.0_obsid:welopt-ly3_variable:ph,6.72383,0.0,conc,,,welopt-ly3,conc,lst,450.0,sim,ph,
oname:conc_otype:lst_usecol:sim_time:450.0_obsid:welopt-ly3_variable:so4,0.000824712,0.0,forecast,,,welopt-ly3,conc,lst,450.0,sim,so4,
oname:conc_otype:lst_usecol:sim_time:450.0_obsid:welopt-ly5_variable:so4,0.000919474,0.0,forecast,,,welopt-ly5,conc,lst,450.0,sim,so4,
oname:conc_otype:lst_usecol:sim_time:450.0_obsid:wp1-f3_variable:o0,7.93145e-05,0.0,conc,,,wp1-f3,conc,lst,450.0,sim,o0,
oname:conc_otype:lst_usecol:sim_time:450.0_obsid:wp1-f3_variable:ph,6.80137,0.0,conc,,,wp1-f3,conc,lst,450.0,sim,ph,
oname:conc_otype:lst_usecol:sim_time:450.0_obsid:wp1-f3_variable:so4,0.00081785,0.0,conc,,,wp1-f3,conc,lst,450.0,sim,so4,
oname:conc_otype:lst_usecol:sim_time:450.0_obsid:wp4-f5_variable:o0,7.43127e-11,0.0,conc,,,wp4-f5,conc,lst,450.0,sim,o0,
oname:conc_otype:lst_usecol:sim_time:450.0_obsid:wp4-f5_variable:ph,6.78964,0.0,conc,,,wp4-f5,conc,lst,450.0,sim,ph,
oname:conc_otype:lst_usecol:sim_time:450.0_obsid:wp4-f5_variable:so4,0.000977612,0.0,conc,,,wp4-f5,conc,lst,450.0,sim,so4,
oname:conc_otype:lst_usecol:sim_time:451.0_obsid:welopt-ly1_variable:so4,0.000164958,0.0,forecast,,,welopt-ly1,conc,lst,451.0,sim,so4,
oname:conc_otype:lst_usecol:sim_time:451.0_obsid:welopt-ly3_variable:o0,4.79288e-11,0.0,conc,,,welopt-ly3,conc,lst,451.0,sim,o0,
oname:conc_otype:lst_usecol:sim_time:451.0_obsid:welopt-ly3_variable:ph,6.72383,0.0,conc,,,welopt-ly3,conc,lst,451.0,sim,ph,
oname:conc_otype:lst_usecol:sim_time:451.0_obsid:welopt-ly3_variable:so4,0.000824712,0.0,forecast,,,welopt-ly3,conc,lst,451.0,sim,so4,
oname:conc_otype:lst_usecol:sim_time:451.0_obsid:welopt-ly5_variable:so4,0.000919474,0.0,forecast,,,welopt-ly5,conc,lst,451.0,sim,so4,
oname:conc_otype:lst_usecol:sim_time:451.0_obsid:wp1-f3_variable:o0,7.93145e-05,0.0,conc,,,wp1-f3,conc,lst,451.0,sim,o0,
oname:conc_otype:lst_usecol:sim_time:451.0_obsid:wp1-f3_variable:ph,6.80137,0.0,conc,,,wp1-f3,conc,lst,451.0,sim,ph,
oname:conc_otype:lst_usecol:sim_time:451.0_obsid:wp1-f3_variable:so4,0.00081785,0.0,conc,,,wp1-f3,conc,lst,451.0,sim,so4,
oname:conc_otype:lst_usecol:sim_time:451.0_obsid:wp4-f5_variable:o0,7.43127e-11,0.0,conc,,,wp4-f5,conc,lst,451.0,sim,o0,
oname:conc_otype:lst_usecol:sim_time:451.0_obsid:wp4-f5_variable:ph,6.78964,0.0,conc,,,wp4-f5,conc,lst,451.0,sim,ph,
oname:conc_otype:lst_usecol:sim_time:451.0_obsid:wp4-f5_variable:so4,0.000977612,0.0,conc,,,wp4-f5,conc,lst,451.0,sim,so4,
oname:conc_otype:lst_usecol:sim_time:452.0_obsid:welopt-ly1_variable:so4,0.000164958,0.0,forecast,,,welopt-ly1,conc,lst,452.0,sim,so4,
oname:conc_otype:lst_usecol:sim_time:452.0_obsid:welopt-ly3_variable:o0,4.79288e-11,0.0,conc,,,welopt-ly3,conc,lst,452.0,sim,o0,
oname:conc_otype:lst_usecol:sim_time:452.0_obsid:welopt-ly3_variable:ph,6.72383,0.0,conc,,,welopt-ly3,conc,lst,452.0,sim,ph,
oname:conc_otype:lst_usecol:sim_time:452.0_obsid:welopt-ly3_variable:so4,0.000824712,0.0,forecast,,,welopt-ly3,conc,lst,452.0,sim,so4,
oname:conc_otype:lst_usecol:sim_time:452.0_obsid:welopt-ly5_variable:so4,0.000919474,0.0,forecast,,,welopt-ly5,conc,lst,452.0,sim,so4,
oname:conc_otype:lst_usecol:sim_time:452.0_obsid:wp1-f3_variable:o0,7.93145e-05,0.0,conc,,,wp1-f3,conc,lst,452.0,sim,o0,
oname:conc_otype:lst_usecol:sim_time:452.0_obsid:wp1-f3_variable:ph,6.80137,0.0,conc,,,wp1-f3,conc,lst,452.0,sim,ph,
oname:conc_otype:lst_usecol:sim_time:452.0_obsid:wp1-f3_variable:so4,0.00081785,0.0,conc,,,wp1-f3,conc,lst,452.0,sim,so4,
oname:conc_otype:lst_usecol:sim_time:452.0_obsid:wp4-f5_variable:o0,7.43127e-11,0.0,conc,,,wp4-f5,conc,lst,452.0,sim,o0,
oname:conc_otype:lst_usecol:sim_time:452.0_obsid:wp4-f5_variable:ph,6.78964,0.0,conc,,,wp4-f5,conc,lst,452.0,sim,ph,
oname:conc_otype:lst_usecol:sim_time:452.0_obsid:wp4-f5_variable:so4,0.000977612,0.0,conc,,,wp4-f5,conc,lst,452.0,sim,so4,
oname:conc_otype:lst_usecol:sim_time:453.0_obsid:welopt-ly1_variable:so4,0.000164958,0.0,forecast,,,welopt-ly1,conc,lst,453.0,sim,so4,
oname:conc_otype:lst_usecol:sim_time:453.0_obsid:welopt-ly3_variable:o0,4.79288e-11,0.0,conc,,,welopt-ly3,conc,lst,453.0,sim,o0,
oname:conc_otype:lst_usecol:sim_time:453.0_obsid:welopt-ly3_variable:ph,6.72383,0.0,conc,,,welopt-ly3,conc,lst,453.0,sim,ph,
oname:conc_otype:lst_usecol:sim_time:453.0_obsid:welopt-ly3_variable:so4,0.000824712,0.0,forecast,,,welopt-ly3,conc,lst,453.0,sim,so4,
oname:conc_otype:lst_usecol:sim_time:453.0_obsid:welopt-ly5_variable:so4,0.000919474,0.0,forecast,,,welopt-ly5,conc,lst,453.0,sim,so4,
oname:conc_otype:lst_usecol:sim_time:453.0_obsid:wp1-f3_variable:o0,7.93145e-05,0.0,conc,,,wp1-f3,conc,lst,453.0,sim,o0,
oname:conc_otype:lst_usecol:sim_time:453.0_obsid:wp1-f3_variable:ph,6.80137,0.0,conc,,,wp1-f3,conc,lst,453.0,sim,ph,
oname:conc_otype:lst_usecol:sim_time:453.0_obsid:wp1-f3_variable:so4,0.00081785,0.0,conc,,,wp1-f3,conc,lst,453.0,sim,so4,
oname:conc_otype:lst_usecol:sim_time:453.0_obsid:wp4-f5_variable:o0,7.43127e-11,0.0,conc,,,wp4-f5,conc,lst,453.0,sim,o0,
oname:conc_otype:lst_usecol:sim_time:453.0_obsid:wp4-f5_variable:ph,6.78964,0.0,conc,,,wp4-f5,conc,lst,453.0,sim,ph,
oname:conc_otype:lst_usecol:sim_time:453.0_obsid:wp4-f5_variable:so4,0.000977612,0.0,conc,,,wp4-f5,conc,lst,453.0,sim,so4,
oname:conc_otype:lst_usecol:sim_time:454.0_obsid:welopt-ly1_variable:so4,0.000164958,0.0,forecast,,,welopt-ly1,conc,lst,454.0,sim,so4,
oname:conc_otype:lst_usecol:sim_time:454.0_obsid:welopt-ly3_variable:o0,4.79288e-11,0.0,conc,,,welopt-ly3,conc,lst,454.0,sim,o0,
oname:conc_otype:lst_usecol:sim_time:454.0_obsid:welopt-ly3_variable:ph,6.72383,0.0,conc,,,welopt-ly3,conc,lst,454.0,sim,ph,
oname:conc_otype:lst_usecol:sim_time:454.0_obsid:welopt-ly3_variable:so4,0.000824712,0.0,forecast,,,welopt-ly3,conc,lst,454.0,sim,so4,
oname:conc_otype:lst_usecol:sim_time:454.0_obsid:welopt-ly5_variable:so4,0.000919474,0.0,forecast,,,welopt-ly5,conc,lst,454.0,sim,so4,
oname:conc_otype:lst_usecol:sim_time:454.0_obsid:wp1-f3_variable:o0,7.93145e-05,0.0,conc,,,wp1-f3,conc,lst,454.0,sim,o0,
oname:conc_otype:lst_usecol:sim_time:454.0_obsid:wp1-f3_variable:ph,6.80137,0.0,conc,,,wp1-f3,conc,lst,454.0,sim,ph,
oname:conc_otype:lst_usecol:sim_time:454.0_obsid:wp1-f3_variable:so4,0.00081785,0.0,conc,,,wp1-f3,conc,lst,454.0,sim,so4,
oname:conc_otype:lst_usecol:sim_time:454.0_obsid:wp4-f5_variable:o0,7.43127e-11,0.0,conc,,,wp4-f5,conc,lst,454.0,sim,o0,
oname:conc_otype:lst_usecol:sim_time:454.0_obsid:wp4-f5_variable:ph,6.78964,0.0,conc,,,wp4-f5,conc,lst,454.0,sim,ph,
oname:conc_otype:lst_usecol:sim_time:454.0_obsid:wp4-f5_variable:so4,0.000977612,0.0,conc,,,wp4-f5,conc,lst,454.0,sim,so4,
oname:conc_otype:lst_usecol:sim_time:455.0_obsid:welopt-ly1_variable:so4,0.000164958,0.0,forecast,,,welopt-ly1,conc,lst,455.0,sim,so4,
oname:conc_otype:lst_usecol:sim_time:455.0_obsid:welopt-ly3_variable:o0,4.79288e-11,0.0,conc,,,welopt-ly3,conc,lst,455.0,sim,o0,
oname:conc_otype:lst_usecol:sim_time:455.0_obsid:welopt-ly3_variable:ph,6.72383,0.0,conc,,,welopt-ly3,conc,lst,455.0,sim,ph,
oname:conc_otype:lst_usecol:sim_time:455.0_obsid:welopt-ly3_variable:so4,0.000824712,0.0,forecast,,,welopt-ly3,conc,lst,455.0,sim,so4,
oname:conc_otype:lst_usecol:sim_time:455.0_obsid:welopt-ly5_variable:so4,0.000919474,0.0,forecast,,,welopt-ly5,conc,lst,455.0,sim,so4,
oname:conc_otype:lst_usecol:sim_time:455.0_obsid:wp1-f3_variable:o0,7.93145e-05,0.0,conc,,,wp1-f3,conc,lst,455.0,sim,o0,
oname:conc_otype:lst_usecol:sim_time:455.0_obsid:wp1-f3_variable:ph,6.80137,0.0,conc,,,wp1-f3,conc,lst,455.0,sim,ph,
oname:conc_otype:lst_usecol:sim_time:455.0_obsid:wp1-f3_variable:so4,0.00081785,0.0,conc,,,wp1-f3,conc,lst,455.0,sim,so4,
oname:conc_otype:lst_usecol:sim_time:455.0_obsid:wp4-f5_variable:o0,7.43127e-11,0.0,conc,,,wp4-f5,conc,lst,455.0,sim,o0,
oname:conc_otype:lst_usecol:sim_time:455.0_obsid:wp4-f5_variable:ph,6.78964,0.0,conc,,,wp4-f5,conc,lst,455.0,sim,ph,
oname:conc_otype:lst_usecol:sim_time:455.0_obsid:wp4-f5_variable:so4,0.000977612,0.0,conc,,,wp4-f5,conc,lst,455.0,sim,so4,
oname:conc_otype:lst_usecol:sim_time:456.0_obsid:welopt-ly1_variable:so4,0.000164958,0.0,forecast,,,welopt-ly1,conc,lst,456.0,sim,so4,
oname:conc_otype:lst_usecol:sim_time:456.0_obsid:welopt-ly3_variable:o0,4.79288e-11,0.0,conc,,,welopt-ly3,conc,lst,456.0,sim,o0,
oname:conc_otype:lst_usecol:sim_time:456.0_obsid:welopt-ly3_variable:ph,6.72383,0.0,conc,,,welopt-ly3,conc,lst,456.0,sim,ph,
oname:conc_otype:lst_usecol:sim_time:456.0_obsid:welopt-ly3_variable:so4,0.000824712,0.0,forecast,,,welopt-ly3,conc,lst,456.0,sim,so4,
oname:conc_otype:lst_usecol:sim_time:456.0_obsid:welopt-ly5_variable:so4,0.000919474,0.0,forecast,,,welopt-ly5,conc,lst,456.0,sim,so4,
oname:conc_otype:lst_usecol:sim_time:456.0_obsid:wp1-f3_variable:o0,7.93145e-05,0.0,conc,,,wp1-f3,conc,lst,456.0,sim,o0,
oname:conc_otype:lst_usecol:sim_time:456.0_obsid:wp1-f3_variable:ph,6.80137,0.0,conc,,,wp1-f3,conc,lst,456.0,sim,ph,
oname:conc_otype:lst_usecol:sim_time:456.0_obsid:wp1-f3_variable:so4,0.00081785,0.0,conc,,,wp1-f3,conc,lst,456.0,sim,so4,
oname:conc_otype:lst_usecol:sim_time:456.0_obsid:wp4-f5_variable:o0,7.43127e-11,0.0,conc,,,wp4-f5,conc,lst,456.0,sim,o0,
oname:conc_otype:lst_usecol:sim_time:456.0_obsid:wp4-f5_variable:ph,6.78964,0.0,conc,,,wp4-f5,conc,lst,456.0,sim,ph,
oname:conc_otype:lst_usecol:sim_time:456.0_obsid:wp4-f5_variable:so4,0.000977612,0.0,conc,,,wp4-f5,conc,lst,456.0,sim,so4,
oname:conc_otype:lst_usecol:sim_time:457.0_obsid:welopt-ly1_variable:so4,0.000171789,0.0,forecast,,,welopt-ly1,conc,lst,457.0,sim,so4,
oname:conc_otype:lst_usecol:sim_time:457.0_obsid:welopt-ly3_variable:o0,4.7359e-11,0.0,conc,,,welopt-ly3,conc,lst,457.0,sim,o0,
oname:conc_otype:lst_usecol:sim_time:457.0_obsid:welopt-ly3_variable:ph,6.72737,0.0,conc,,,welopt-ly3,conc,lst,457.0,sim,ph,
oname:conc_otype:lst_usecol:sim_time:457.0_obsid:welopt-ly3_variable:so4,0.000843934,0.0,forecast,,,welopt-ly3,conc,lst,457.0,sim,so4,
oname:conc_otype:lst_usecol:sim_time:457.0_obsid:welopt-ly5_variable:so4,0.000928085,0.0,forecast,,,welopt-ly5,conc,lst,457.0,sim,so4,
oname:conc_otype:lst_usecol:sim_time:457.0_obsid:wp1-f3_variable:o0,0.00011085,0.0,conc,,,wp1-f3,conc,lst,457.0,sim,o0,
oname:conc_otype:lst_usecol:sim_time:457.0_obsid:wp1-f3_variable:ph,6.80272,0.0,conc,,,wp1-f3,conc,lst,457.0,sim,ph,
oname:conc_otype:lst_usecol:sim_time:457.0_obsid:wp1-f3_variable:so4,0.000793795,0.0,conc,,,wp1-f3,conc,lst,457.0,sim,so4,
oname:conc_otype:lst_usecol:sim_time:457.0_obsid:wp4-f5_variable:o0,8.70677e-11,0.0,conc,,,wp4-f5,conc,lst,457.0,sim,o0,
oname:conc_otype:lst_usecol:sim_time:457.0_obsid:wp4-f5_variable:ph,6.77393,0.0,conc,,,wp4-f5,conc,lst,457.0,sim,ph,
oname:conc_otype:lst_usecol:sim_time:457.0_obsid:wp4-f5_variable:so4,0.000973533,0.0,conc,,,wp4-f5,conc,lst,457.0,sim,so4,
oname:conc_otype:lst_usecol:sim_time:458.0_obsid:welopt-ly1_variable:so4,0.000171789,0.0,forecast,,,welopt-ly1,conc,lst,458.0,sim,so4,
oname:conc_otype:lst_usecol:sim_time:458.0_obsid:welopt-ly3_variable:o0,4.7359e-11,0.0,conc,,,welopt-ly3,conc,lst,458.0,sim,o0,
oname:conc_otype:lst_usecol:sim_time:458.0_obsid:welopt-ly3_variable:ph,6.72737,0.0,conc,,,welopt-ly3,conc,lst,458.0,sim,ph,
oname:conc_otype:lst_usecol:sim_time:458.0_obsid:welopt-ly3_variable:so4,0.000843934,0.0,forecast,,,welopt-ly3,conc,lst,458.0,sim,so4,
oname:conc_otype:lst_usecol:sim_time:458.0_obsid:welopt-ly5_variable:so4,0.000928085,0.0,forecast,,,welopt-ly5,conc,lst,458.0,sim,so4,
oname:conc_otype:lst_usecol:sim_time:458.0_obsid:wp1-f3_variable:o0,0.00011085,0.0,conc,,,wp1-f3,conc,lst,458.0,sim,o0,
oname:conc_otype:lst_usecol:sim_time:458.0_obsid:wp1-f3_variable:ph,6.80272,0.0,conc,,,wp1-f3,conc,lst,458.0,sim,ph,
oname:conc_otype:lst_usecol:sim_time:458.0_obsid:wp1-f3_variable:so4,0.000793795,0.0,conc,,,wp1-f3,conc,lst,458.0,sim,so4,
oname:conc_otype:lst_usecol:sim_time:458.0_obsid:wp4-f5_variable:o0,8.70677e-11,0.0,conc,,,wp4-f5,conc,lst,458.0,sim,o0,
oname:conc_otype:lst_usecol:sim_time:458.0_obsid:wp4-f5_variable:ph,6.77393,0.0,conc,,,wp4-f5,conc,lst,458.0,sim,ph,
oname:conc_otype:lst_usecol:sim_time:458.0_obsid:wp4-f5_variable:so4,0.000973533,0.0,conc,,,wp4-f5,conc,lst,458.0,sim,so4,
oname:conc_otype:lst_usecol:sim_time:459.0_obsid:welopt-ly1_variable:so4,0.000171789,0.0,forecast,,,welopt-ly1,conc,lst,459.0,sim,so4,
oname:conc_otype:lst_usecol:sim_time:459.0_obsid:welopt-ly3_variable:o0,4.7359e-11,0.0,conc,,,welopt-ly3,conc,lst,459.0,sim,o0,
oname:conc_otype:lst_usecol:sim_time:459.0_obsid:welopt-ly3_variable:ph,6.72737,0.0,conc,,,welopt-ly3,conc,lst,459.0,sim,ph,
oname:conc_otype:lst_usecol:sim_time:459.0_obsid:welopt-ly3_variable:so4,0.000843934,0.0,forecast,,,welopt-ly3,conc,lst,459.0,sim,so4,
oname:conc_otype:lst_usecol:sim_time:459.0_obsid:welopt-ly5_variable:so4,0.000928085,0.0,forecast,,,welopt-ly5,conc,lst,459.0,sim,so4,
oname:conc_otype:lst_usecol:sim_time:459.0_obsid:wp1-f3_variable:o0,0.00011085,0.0,conc,,,wp1-f3,conc,lst,459.0,sim,o0,
oname:conc_otype:lst_usecol:sim_time:459.0_obsid:wp1-f3_variable:ph,6.80272,0.0,conc,,,wp1-f3,conc,lst,459.0,sim,ph,
oname:conc_otype:lst_usecol:sim_time:459.0_obsid:wp1-f3_variable:so4,0.000793795,0.0,conc,,,wp1-f3,conc,lst,459.0,sim,so4,
oname:conc_otype:lst_usecol:sim_time:459.0_obsid:wp4-f5_variable:o0,8.70677e-11,0.0,conc,,,wp4-f5,conc,lst,459.0,sim,o0,
oname:conc_otype:lst_usecol:sim_time:459.0_obsid:wp4-f5_variable:ph,6.77393,0.0,conc,,,wp4-f5,conc,lst,459.0,sim,ph,
oname:conc_otype:lst_usecol:sim_time:459.0_obsid:wp4-f5_variable:so4,0.000973533,0.0,conc,,,wp4-f5,conc,lst,459.0,sim,so4,
oname:conc_otype:lst_usecol:sim_time:46.0_obsid:welopt-ly3_variable:o0,0.0,0.0,conc,,,welopt-ly3,conc,lst,46.0,sim,o0,
oname:conc_otype:lst_usecol:sim_time:46.0_obsid:welopt-ly3_variable:ph,6.67491,0.0,conc,,,welopt-ly3,conc,lst,46.0,sim,ph,
oname:conc_otype:lst_usecol:sim_time:46.0_obsid:welopt-ly3_variable:so4,5.51095e-05,0.0,conc,,,welopt-ly3,conc,lst,46.0,sim,so4,
oname:conc_otype:lst_usecol:sim_time:46.0_obsid:wp1-f3_variable:o0,1.70044e-10,3065.696697424829,conc,,,wp1-f3,conc,lst,46.0,sim,o0,0.000326190128606
oname:conc_otype:lst_usecol:sim_time:46.0_obsid:wp1-f3_variable:ph,6.74821,0.6131393394849658,conc,,,wp1-f3,conc,lst,46.0,sim,ph,1.6309506430300091
oname:conc_otype:lst_usecol:sim_time:46.0_obsid:wp1-f3_variable:so4,0.000755916,1226.2786789699317,conc,,,wp1-f3,conc,lst,46.0,sim,so4,0.000815475321515
oname:conc_otype:lst_usecol:sim_time:46.0_obsid:wp4-f5_variable:o0,6.01727e-38,3143.4730673096574,conc,,,wp4-f5,conc,lst,46.0,sim,o0,0.0003181194744117
oname:conc_otype:lst_usecol:sim_time:46.0_obsid:wp4-f5_variable:ph,6.65754,0.6286946134619315,conc,,,wp4-f5,conc,lst,46.0,sim,ph,1.5905973720586868
oname:conc_otype:lst_usecol:sim_time:46.0_obsid:wp4-f5_variable:so4,6.97739e-05,1257.389226923863,conc,,,wp4-f5,conc,lst,46.0,sim,so4,0.0007952986860293
oname:conc_otype:lst_usecol:sim_time:460.0_obsid:welopt-ly1_variable:so4,0.000171789,0.0,forecast,,,welopt-ly1,conc,lst,460.0,sim,so4,
oname:conc_otype:lst_usecol:sim_time:460.0_obsid:welopt-ly3_variable:o0,4.7359e-11,0.0,conc,,,welopt-ly3,conc,lst,460.0,sim,o0,
oname:conc_otype:lst_usecol:sim_time:460.0_obsid:welopt-ly3_variable:ph,6.72737,0.0,conc,,,welopt-ly3,conc,lst,460.0,sim,ph,
oname:conc_otype:lst_usecol:sim_time:460.0_obsid:welopt-ly3_variable:so4,0.000843934,0.0,forecast,,,welopt-ly3,conc,lst,460.0,sim,so4,
oname:conc_otype:lst_usecol:sim_time:460.0_obsid:welopt-ly5_variable:so4,0.000928085,0.0,forecast,,,welopt-ly5,conc,lst,460.0,sim,so4,
oname:conc_otype:lst_usecol:sim_time:460.0_obsid:wp1-f3_variable:o0,0.00011085,0.0,conc,,,wp1-f3,conc,lst,460.0,sim,o0,
oname:conc_otype:lst_usecol:sim_time:460.0_obsid:wp1-f3_variable:ph,6.80272,0.0,conc,,,wp1-f3,conc,lst,460.0,sim,ph,
oname:conc_otype:lst_usecol:sim_time:460.0_obsid:wp1-f3_variable:so4,0.000793795,0.0,conc,,,wp1-f3,conc,lst,460.0,sim,so4,
oname:conc_otype:lst_usecol:sim_time:460.0_obsid:wp4-f5_variable:o0,8.70677e-11,0.0,conc,,,wp4-f5,conc,lst,460.0,sim,o0,
oname:conc_otype:lst_usecol:sim_time:460.0_obsid:wp4-f5_variable:ph,6.77393,0.0,conc,,,wp4-f5,conc,lst,460.0,sim,ph,
oname:conc_otype:lst_usecol:sim_time:460.0_obsid:wp4-f5_variable:so4,0.000973533,0.0,conc,,,wp4-f5,conc,lst,460.0,sim,so4,
oname:conc_otype:lst_usecol:sim_time:461.0_obsid:welopt-ly1_variable:so4,0.000171789,0.0,forecast,,,welopt-ly1,conc,lst,461.0,sim,so4,
oname:conc_otype:lst_usecol:sim_time:461.0_obsid:welopt-ly3_variable:o0,4.7359e-11,0.0,conc,,,welopt-ly3,conc,lst,461.0,sim,o0,
oname:conc_otype:lst_usecol:sim_time:461.0_obsid:welopt-ly3_variable:ph,6.72737,0.0,conc,,,welopt-ly3,conc,lst,461.0,sim,ph,
oname:conc_otype:lst_usecol:sim_time:461.0_obsid:welopt-ly3_variable:so4,0.000843934,0.0,forecast,,,welopt-ly3,conc,lst,461.0,sim,so4,
oname:conc_otype:lst_usecol:sim_time:461.0_obsid:welopt-ly5_variable:so4,0.000928085,0.0,forecast,,,welopt-ly5,conc,lst,461.0,sim,so4,
oname:conc_otype:lst_usecol:sim_time:461.0_obsid:wp1-f3_variable:o0,0.00011085,0.0,conc,,,wp1-f3,conc,lst,461.0,sim,o0,
oname:conc_otype:lst_usecol:sim_time:461.0_obsid:wp1-f3_variable:ph,6.80272,0.0,conc,,,wp1-f3,conc,lst,461.0,sim,ph,
oname:conc_otype:lst_usecol:sim_time:461.0_obsid:wp1-f3_variable:so4,0.000793795,0.0,conc,,,wp1-f3,conc,lst,461.0,sim,so4,
oname:conc_otype:lst_usecol:sim_time:461.0_obsid:wp4-f5_variable:o0,8.70677e-11,0.0,conc,,,wp4-f5,conc,lst,461.0,sim,o0,
oname:conc_otype:lst_usecol:sim_time:461.0_obsid:wp4-f5_variable:ph,6.77393,0.0,conc,,,wp4-f5,conc,lst,461.0,sim,ph,
oname:conc_otype:lst_usecol:sim_time:461.0_obsid:wp4-f5_variable:so4,0.000973533,0.0,conc,,,wp4-f5,conc,lst,461.0,sim,so4,
oname:conc_otype:lst_usecol:sim_time:462.0_obsid:welopt-ly1_variable:so4,0.000171789,0.0,forecast,,,welopt-ly1,conc,lst,462.0,sim,so4,
oname:conc_otype:lst_usecol:sim_time:462.0_obsid:welopt-ly3_variable:o0,4.7359e-11,0.0,conc,,,welopt-ly3,conc,lst,462.0,sim,o0,
oname:conc_otype:lst_usecol:sim_time:462.0_obsid:welopt-ly3_variable:ph,6.72737,0.0,conc,,,welopt-ly3,conc,lst,462.0,sim,ph,
oname:conc_otype:lst_usecol:sim_time:462.0_obsid:welopt-ly3_variable:so4,0.000843934,0.0,forecast,,,welopt-ly3,conc,lst,462.0,sim,so4,
oname:conc_otype:lst_usecol:sim_time:462.0_obsid:welopt-ly5_variable:so4,0.000928085,0.0,forecast,,,welopt-ly5,conc,lst,462.0,sim,so4,
oname:conc_otype:lst_usecol:sim_time:462.0_obsid:wp1-f3_variable:o0,0.00011085,0.0,conc,,,wp1-f3,conc,lst,462.0,sim,o0,
oname:conc_otype:lst_usecol:sim_time:462.0_obsid:wp1-f3_variable:ph,6.80272,0.0,conc,,,wp1-f3,conc,lst,462.0,sim,ph,
oname:conc_otype:lst_usecol:sim_time:462.0_obsid:wp1-f3_variable:so4,0.000793795,0.0,conc,,,wp1-f3,conc,lst,462.0,sim,so4,
oname:conc_otype:lst_usecol:sim_time:462.0_obsid:wp4-f5_variable:o0,8.70677e-11,0.0,conc,,,wp4-f5,conc,lst,462.0,sim,o0,
oname:conc_otype:lst_usecol:sim_time:462.0_obsid:wp4-f5_variable:ph,6.77393,0.0,conc,,,wp4-f5,conc,lst,462.0,sim,ph,
oname:conc_otype:lst_usecol:sim_time:462.0_obsid:wp4-f5_variable:so4,0.000973533,0.0,conc,,,wp4-f5,conc,lst,462.0,sim,so4,
oname:conc_otype:lst_usecol:sim_time:463.0_obsid:welopt-ly1_variable:so4,0.000171789,0.0,forecast,,,welopt-ly1,conc,lst,463.0,sim,so4,
oname:conc_otype:lst_usecol:sim_time:463.0_obsid:welopt-ly3_variable:o0,4.7359e-11,0.0,conc,,,welopt-ly3,conc,lst,463.0,sim,o0,
oname:conc_otype:lst_usecol:sim_time:463.0_obsid:welopt-ly3_variable:ph,6.72737,0.0,conc,,,welopt-ly3,conc,lst,463.0,sim,ph,
oname:conc_otype:lst_usecol:sim_time:463.0_obsid:welopt-ly3_variable:so4,0.000843934,0.0,forecast,,,welopt-ly3,conc,lst,463.0,sim,so4,
oname:conc_otype:lst_usecol:sim_time:463.0_obsid:welopt-ly5_variable:so4,0.000928085,0.0,forecast,,,welopt-ly5,conc,lst,463.0,sim,so4,
oname:conc_otype:lst_usecol:sim_time:463.0_obsid:wp1-f3_variable:o0,0.00011085,0.0,conc,,,wp1-f3,conc,lst,463.0,sim,o0,
oname:conc_otype:lst_usecol:sim_time:463.0_obsid:wp1-f3_variable:ph,6.80272,0.0,conc,,,wp1-f3,conc,lst,463.0,sim,ph,
oname:conc_otype:lst_usecol:sim_time:463.0_obsid:wp1-f3_variable:so4,0.000793795,0.0,conc,,,wp1-f3,conc,lst,463.0,sim,so4,
oname:conc_otype:lst_usecol:sim_time:463.0_obsid:wp4-f5_variable:o0,8.70677e-11,0.0,conc,,,wp4-f5,conc,lst,463.0,sim,o0,
oname:conc_otype:lst_usecol:sim_time:463.0_obsid:wp4-f5_variable:ph,6.77393,0.0,conc,,,wp4-f5,conc,lst,463.0,sim,ph,
oname:conc_otype:lst_usecol:sim_time:463.0_obsid:wp4-f5_variable:so4,0.000973533,0.0,conc,,,wp4-f5,conc,lst,463.0,sim,so4,
oname:conc_otype:lst_usecol:sim_time:464.0_obsid:welopt-ly1_variable:so4,0.000178667,0.0,forecast,,,welopt-ly1,conc,lst,464.0,sim,so4,
oname:conc_otype:lst_usecol:sim_time:464.0_obsid:welopt-ly3_variable:o0,4.40368e-11,0.0,conc,,,welopt-ly3,conc,lst,464.0,sim,o0,
oname:conc_otype:lst_usecol:sim_time:464.0_obsid:welopt-ly3_variable:ph,6.7349,0.0,conc,,,welopt-ly3,conc,lst,464.0,sim,ph,
oname:conc_otype:lst_usecol:sim_time:464.0_obsid:welopt-ly3_variable:so4,0.000858359,0.0,forecast,,,welopt-ly3,conc,lst,464.0,sim,so4,
oname:conc_otype:lst_usecol:sim_time:464.0_obsid:welopt-ly5_variable:so4,0.000918366,0.0,forecast,,,welopt-ly5,conc,lst,464.0,sim,so4,
oname:conc_otype:lst_usecol:sim_time:464.0_obsid:wp1-f3_variable:o0,0.000213006,0.0,conc,,,wp1-f3,conc,lst,464.0,sim,o0,
oname:conc_otype:lst_usecol:sim_time:464.0_obsid:wp1-f3_variable:ph,6.82059,0.0,conc,,,wp1-f3,conc,lst,464.0,sim,ph,
oname:conc_otype:lst_usecol:sim_time:464.0_obsid:wp1-f3_variable:so4,0.000732696,0.0,conc,,,wp1-f3,conc,lst,464.0,sim,so4,
oname:conc_otype:lst_usecol:sim_time:464.0_obsid:wp4-f5_variable:o0,1.62961e-10,0.0,conc,,,wp4-f5,conc,lst,464.0,sim,o0,
oname:conc_otype:lst_usecol:sim_time:464.0_obsid:wp4-f5_variable:ph,6.71189,0.0,conc,,,wp4-f5,conc,lst,464.0,sim,ph,
oname:conc_otype:lst_usecol:sim_time:464.0_obsid:wp4-f5_variable:so4,0.000953027,0.0,conc,,,wp4-f5,conc,lst,464.0,sim,so4,
oname:conc_otype:lst_usecol:sim_time:465.0_obsid:welopt-ly1_variable:so4,0.000178667,0.0,forecast,,,welopt-ly1,conc,lst,465.0,sim,so4,
oname:conc_otype:lst_usecol:sim_time:465.0_obsid:welopt-ly3_variable:o0,4.40368e-11,0.0,conc,,,welopt-ly3,conc,lst,465.0,sim,o0,
oname:conc_otype:lst_usecol:sim_time:465.0_obsid:welopt-ly3_variable:ph,6.7349,0.0,conc,,,welopt-ly3,conc,lst,465.0,sim,ph,
oname:conc_otype:lst_usecol:sim_time:465.0_obsid:welopt-ly3_variable:so4,0.000858359,0.0,forecast,,,welopt-ly3,conc,lst,465.0,sim,so4,
oname:conc_otype:lst_usecol:sim_time:465.0_obsid:welopt-ly5_variable:so4,0.000918366,0.0,forecast,,,welopt-ly5,conc,lst,465.0,sim,so4,
oname:conc_otype:lst_usecol:sim_time:465.0_obsid:wp1-f3_variable:o0,0.000213006,0.0,conc,,,wp1-f3,conc,lst,465.0,sim,o0,
oname:conc_otype:lst_usecol:sim_time:465.0_obsid:wp1-f3_variable:ph,6.82059,0.0,conc,,,wp1-f3,conc,lst,465.0,sim,ph,
oname:conc_otype:lst_usecol:sim_time:465.0_obsid:wp1-f3_variable:so4,0.000732696,0.0,conc,,,wp1-f3,conc,lst,465.0,sim,so4,
oname:conc_otype:lst_usecol:sim_time:465.0_obsid:wp4-f5_variable:o0,1.62961e-10,0.0,conc,,,wp4-f5,conc,lst,465.0,sim,o0,
oname:conc_otype:lst_usecol:sim_time:465.0_obsid:wp4-f5_variable:ph,6.71189,0.0,conc,,,wp4-f5,conc,lst,465.0,sim,ph,
oname:conc_otype:lst_usecol:sim_time:465.0_obsid:wp4-f5_variable:so4,0.000953027,0.0,conc,,,wp4-f5,conc,lst,465.0,sim,so4,
oname:conc_otype:lst_usecol:sim_time:466.0_obsid:welopt-ly1_variable:so4,0.000178667,0.0,forecast,,,welopt-ly1,conc,lst,466.0,sim,so4,
oname:conc_otype:lst_usecol:sim_time:466.0_obsid:welopt-ly3_variable:o0,4.40368e-11,0.0,conc,,,welopt-ly3,conc,lst,466.0,sim,o0,
oname:conc_otype:lst_usecol:sim_time:466.0_obsid:welopt-ly3_variable:ph,6.7349,0.0,conc,,,welopt-ly3,conc,lst,466.0,sim,ph,
oname:conc_otype:lst_usecol:sim_time:466.0_obsid:welopt-ly3_variable:so4,0.000858359,0.0,forecast,,,welopt-ly3,conc,lst,466.0,sim,so4,
oname:conc_otype:lst_usecol:sim_time:466.0_obsid:welopt-ly5_variable:so4,0.000918366,0.0,forecast,,,welopt-ly5,conc,lst,466.0,sim,so4,
oname:conc_otype:lst_usecol:sim_time:466.0_obsid:wp1-f3_variable:o0,0.000213006,0.0,conc,,,wp1-f3,conc,lst,466.0,sim,o0,
oname:conc_otype:lst_usecol:sim_time:466.0_obsid:wp1-f3_variable:ph,6.82059,0.0,conc,,,wp1-f3,conc,lst,466.0,sim,ph,
oname:conc_otype:lst_usecol:sim_time:466.0_obsid:wp1-f3_variable:so4,0.000732696,0.0,conc,,,wp1-f3,conc,lst,466.0,sim,so4,
oname:conc_otype:lst_usecol:sim_time:466.0_obsid:wp4-f5_variable:o0,1.62961e-10,0.0,conc,,,wp4-f5,conc,lst,466.0,sim,o0,
oname:conc_otype:lst_usecol:sim_time:466.0_obsid:wp4-f5_variable:ph,6.71189,0.0,conc,,,wp4-f5,conc,lst,466.0,sim,ph,
oname:conc_otype:lst_usecol:sim_time:466.0_obsid:wp4-f5_variable:so4,0.000953027,0.0,conc,,,wp4-f5,conc,lst,466.0,sim,so4,
oname:conc_otype:lst_usecol:sim_time:467.0_obsid:welopt-ly1_variable:so4,0.000178667,0.0,forecast,,,welopt-ly1,conc,lst,467.0,sim,so4,
oname:conc_otype:lst_usecol:sim_time:467.0_obsid:welopt-ly3_variable:o0,4.40368e-11,0.0,conc,,,welopt-ly3,conc,lst,467.0,sim,o0,
oname:conc_otype:lst_usecol:sim_time:467.0_obsid:welopt-ly3_variable:ph,6.7349,0.0,conc,,,welopt-ly3,conc,lst,467.0,sim,ph,
oname:conc_otype:lst_usecol:sim_time:467.0_obsid:welopt-ly3_variable:so4,0.000858359,0.0,forecast,,,welopt-ly3,conc,lst,467.0,sim,so4,
oname:conc_otype:lst_usecol:sim_time:467.0_obsid:welopt-ly5_variable:so4,0.000918366,0.0,forecast,,,welopt-ly5,conc,lst,467.0,sim,so4,
oname:conc_otype:lst_usecol:sim_time:467.0_obsid:wp1-f3_variable:o0,0.000213006,0.0,conc,,,wp1-f3,conc,lst,467.0,sim,o0,
oname:conc_otype:lst_usecol:sim_time:467.0_obsid:wp1-f3_variable:ph,6.82059,0.0,conc,,,wp1-f3,conc,lst,467.0,sim,ph,
oname:conc_otype:lst_usecol:sim_time:467.0_obsid:wp1-f3_variable:so4,0.000732696,0.0,conc,,,wp1-f3,conc,lst,467.0,sim,so4,
oname:conc_otype:lst_usecol:sim_time:467.0_obsid:wp4-f5_variable:o0,1.62961e-10,0.0,conc,,,wp4-f5,conc,lst,467.0,sim,o0,
oname:conc_otype:lst_usecol:sim_time:467.0_obsid:wp4-f5_variable:ph,6.71189,0.0,conc,,,wp4-f5,conc,lst,467.0,sim,ph,
oname:conc_otype:lst_usecol:sim_time:467.0_obsid:wp4-f5_variable:so4,0.000953027,0.0,conc,,,wp4-f5,conc,lst,467.0,sim,so4,
oname:conc_otype:lst_usecol:sim_time:468.0_obsid:welopt-ly1_variable:so4,0.000178667,0.0,forecast,,,welopt-ly1,conc,lst,468.0,sim,so4,
oname:conc_otype:lst_usecol:sim_time:468.0_obsid:welopt-ly3_variable:o0,4.40368e-11,0.0,conc,,,welopt-ly3,conc,lst,468.0,sim,o0,
oname:conc_otype:lst_usecol:sim_time:468.0_obsid:welopt-ly3_variable:ph,6.7349,0.0,conc,,,welopt-ly3,conc,lst,468.0,sim,ph,
oname:conc_otype:lst_usecol:sim_time:468.0_obsid:welopt-ly3_variable:so4,0.000858359,0.0,forecast,,,welopt-ly3,conc,lst,468.0,sim,so4,
oname:conc_otype:lst_usecol:sim_time:468.0_obsid:welopt-ly5_variable:so4,0.000918366,0.0,forecast,,,welopt-ly5,conc,lst,468.0,sim,so4,
oname:conc_otype:lst_usecol:sim_time:468.0_obsid:wp1-f3_variable:o0,0.000213006,0.0,conc,,,wp1-f3,conc,lst,468.0,sim,o0,
oname:conc_otype:lst_usecol:sim_time:468.0_obsid:wp1-f3_variable:ph,6.82059,0.0,conc,,,wp1-f3,conc,lst,468.0,sim,ph,
oname:conc_otype:lst_usecol:sim_time:468.0_obsid:wp1-f3_variable:so4,0.000732696,0.0,conc,,,wp1-f3,conc,lst,468.0,sim,so4,
oname:conc_otype:lst_usecol:sim_time:468.0_obsid:wp4-f5_variable:o0,1.62961e-10,0.0,conc,,,wp4-f5,conc,lst,468.0,sim,o0,
oname:conc_otype:lst_usecol:sim_time:468.0_obsid:wp4-f5_variable:ph,6.71189,0.0,conc,,,wp4-f5,conc,lst,468.0,sim,ph,
oname:conc_otype:lst_usecol:sim_time:468.0_obsid:wp4-f5_variable:so4,0.000953027,0.0,conc,,,wp4-f5,conc,lst,468.0,sim,so4,
oname:conc_otype:lst_usecol:sim_time:469.0_obsid:welopt-ly1_variable:so4,0.000178667,0.0,forecast,,,welopt-ly1,conc,lst,469.0,sim,so4,
oname:conc_otype:lst_usecol:sim_time:469.0_obsid:welopt-ly3_variable:o0,4.40368e-11,0.0,conc,,,welopt-ly3,conc,lst,469.0,sim,o0,
oname:conc_otype:lst_usecol:sim_time:469.0_obsid:welopt-ly3_variable:ph,6.7349,0.0,conc,,,welopt-ly3,conc,lst,469.0,sim,ph,
oname:conc_otype:lst_usecol:sim_time:469.0_obsid:welopt-ly3_variable:so4,0.000858359,0.0,forecast,,,welopt-ly3,conc,lst,469.0,sim,so4,
oname:conc_otype:lst_usecol:sim_time:469.0_obsid:welopt-ly5_variable:so4,0.000918366,0.0,forecast,,,welopt-ly5,conc,lst,469.0,sim,so4,
oname:conc_otype:lst_usecol:sim_time:469.0_obsid:wp1-f3_variable:o0,0.000213006,0.0,conc,,,wp1-f3,conc,lst,469.0,sim,o0,
oname:conc_otype:lst_usecol:sim_time:469.0_obsid:wp1-f3_variable:ph,6.82059,0.0,conc,,,wp1-f3,conc,lst,469.0,sim,ph,
oname:conc_otype:lst_usecol:sim_time:469.0_obsid:wp1-f3_variable:so4,0.000732696,0.0,conc,,,wp1-f3,conc,lst,469.0,sim,so4,
oname:conc_otype:lst_usecol:sim_time:469.0_obsid:wp4-f5_variable:o0,1.62961e-10,0.0,conc,,,wp4-f5,conc,lst,469.0,sim,o0,
oname:conc_otype:lst_usecol:sim_time:469.0_obsid:wp4-f5_variable:ph,6.71189,0.0,conc,,,wp4-f5,conc,lst,469.0,sim,ph,
oname:conc_otype:lst_usecol:sim_time:469.0_obsid:wp4-f5_variable:so4,0.000953027,0.0,conc,,,wp4-f5,conc,lst,469.0,sim,so4,
oname:conc_otype:lst_usecol:sim_time:47.0_obsid:welopt-ly3_variable:o0,0.0,0.0,conc,,,welopt-ly3,conc,lst,47.0,sim,o0,
oname:conc_otype:lst_usecol:sim_time:47.0_obsid:welopt-ly3_variable:ph,6.67491,0.0,conc,,,welopt-ly3,conc,lst,47.0,sim,ph,
oname:conc_otype:lst_usecol:sim_time:47.0_obsid:welopt-ly3_variable:so4,5.51095e-05,0.0,conc,,,welopt-ly3,conc,lst,47.0,sim,so4,
oname:conc_otype:lst_usecol:sim_time:47.0_obsid:wp1-f3_variable:o0,1.70044e-10,3065.696697424829,conc,,,wp1-f3,conc,lst,47.0,sim,o0,0.000326190128606
oname:conc_otype:lst_usecol:sim_time:47.0_obsid:wp1-f3_variable:ph,6.74821,0.6131393394849658,conc,,,wp1-f3,conc,lst,47.0,sim,ph,1.6309506430300091
oname:conc_otype:lst_usecol:sim_time:47.0_obsid:wp1-f3_variable:so4,0.000755916,1226.2786789699317,conc,,,wp1-f3,conc,lst,47.0,sim,so4,0.000815475321515
oname:conc_otype:lst_usecol:sim_time:47.0_obsid:wp4-f5_variable:o0,6.01727e-38,3143.4730673096574,conc,,,wp4-f5,conc,lst,47.0,sim,o0,0.0003181194744117
oname:conc_otype:lst_usecol:sim_time:47.0_obsid:wp4-f5_variable:ph,6.65754,0.6286946134619315,conc,,,wp4-f5,conc,lst,47.0,sim,ph,1.5905973720586868
oname:conc_otype:lst_usecol:sim_time:47.0_obsid:wp4-f5_variable:so4,6.97739e-05,1257.389226923863,conc,,,wp4-f5,conc,lst,47.0,sim,so4,0.0007952986860293
oname:conc_otype:lst_usecol:sim_time:470.0_obsid:welopt-ly1_variable:so4,0.000178667,0.0,forecast,,,welopt-ly1,conc,lst,470.0,sim,so4,
oname:conc_otype:lst_usecol:sim_time:470.0_obsid:welopt-ly3_variable:o0,4.40368e-11,0.0,conc,,,welopt-ly3,conc,lst,470.0,sim,o0,
oname:conc_otype:lst_usecol:sim_time:470.0_obsid:welopt-ly3_variable:ph,6.7349,0.0,conc,,,welopt-ly3,conc,lst,470.0,sim,ph,
oname:conc_otype:lst_usecol:sim_time:470.0_obsid:welopt-ly3_variable:so4,0.000858359,0.0,forecast,,,welopt-ly3,conc,lst,470.0,sim,so4,
oname:conc_otype:lst_usecol:sim_time:470.0_obsid:welopt-ly5_variable:so4,0.000918366,0.0,forecast,,,welopt-ly5,conc,lst,470.0,sim,so4,
oname:conc_otype:lst_usecol:sim_time:470.0_obsid:wp1-f3_variable:o0,0.000213006,0.0,conc,,,wp1-f3,conc,lst,470.0,sim,o0,
oname:conc_otype:lst_usecol:sim_time:470.0_obsid:wp1-f3_variable:ph,6.82059,0.0,conc,,,wp1-f3,conc,lst,470.0,sim,ph,
oname:conc_otype:lst_usecol:sim_time:470.0_obsid:wp1-f3_variable:so4,0.000732696,0.0,conc,,,wp1-f3,conc,lst,470.0,sim,so4,
oname:conc_otype:lst_usecol:sim_time:470.0_obsid:wp4-f5_variable:o0,1.62961e-10,0.0,conc,,,wp4-f5,conc,lst,470.0,sim,o0,
oname:conc_otype:lst_usecol:sim_time:470.0_obsid:wp4-f5_variable:ph,6.71189,0.0,conc,,,wp4-f5,conc,lst,470.0,sim,ph,
oname:conc_otype:lst_usecol:sim_time:470.0_obsid:wp4-f5_variable:so4,0.000953027,0.0,conc,,,wp4-f5,conc,lst,470.0,sim,so4,
oname:conc_otype:lst_usecol:sim_time:471.0_obsid:welopt-ly1_variable:so4,0.000185577,0.0,forecast,,,welopt-ly1,conc,lst,471.0,sim,so4,
oname:conc_otype:lst_usecol:sim_time:471.0_obsid:welopt-ly3_variable:o0,5.15414e-11,0.0,conc,,,welopt-ly3,conc,lst,471.0,sim,o0,
oname:conc_otype:lst_usecol:sim_time:471.0_obsid:welopt-ly3_variable:ph,6.73145,0.0,conc,,,welopt-ly3,conc,lst,471.0,sim,ph,
oname:conc_otype:lst_usecol:sim_time:471.0_obsid:welopt-ly3_variable:so4,0.000865049,0.0,forecast,,,welopt-ly3,conc,lst,471.0,sim,so4,
oname:conc_otype:lst_usecol:sim_time:471.0_obsid:welopt-ly5_variable:so4,0.000895513,0.0,forecast,,,welopt-ly5,conc,lst,471.0,sim,so4,
oname:conc_otype:lst_usecol:sim_time:471.0_obsid:wp1-f3_variable:o0,0.000232275,0.0,conc,,,wp1-f3,conc,lst,471.0,sim,o0,
oname:conc_otype:lst_usecol:sim_time:471.0_obsid:wp1-f3_variable:ph,6.82627,0.0,conc,,,wp1-f3,conc,lst,471.0,sim,ph,
oname:conc_otype:lst_usecol:sim_time:471.0_obsid:wp1-f3_variable:so4,0.00072094,0.0,conc,,,wp1-f3,conc,lst,471.0,sim,so4,
oname:conc_otype:lst_usecol:sim_time:471.0_obsid:wp4-f5_variable:o0,2.22202e-10,0.0,conc,,,wp4-f5,conc,lst,471.0,sim,o0,
oname:conc_otype:lst_usecol:sim_time:471.0_obsid:wp4-f5_variable:ph,6.74776,0.0,conc,,,wp4-f5,conc,lst,471.0,sim,ph,
oname:conc_otype:lst_usecol:sim_time:471.0_obsid:wp4-f5_variable:so4,0.000893403,0.0,conc,,,wp4-f5,conc,lst,471.0,sim,so4,
oname:conc_otype:lst_usecol:sim_time:472.0_obsid:welopt-ly1_variable:so4,0.000185577,0.0,forecast,,,welopt-ly1,conc,lst,472.0,sim,so4,
oname:conc_otype:lst_usecol:sim_time:472.0_obsid:welopt-ly3_variable:o0,5.15414e-11,0.0,conc,,,welopt-ly3,conc,lst,472.0,sim,o0,
oname:conc_otype:lst_usecol:sim_time:472.0_obsid:welopt-ly3_variable:ph,6.73145,0.0,conc,,,welopt-ly3,conc,lst,472.0,sim,ph,
oname:conc_otype:lst_usecol:sim_time:472.0_obsid:welopt-ly3_variable:so4,0.000865049,0.0,forecast,,,welopt-ly3,conc,lst,472.0,sim,so4,
oname:conc_otype:lst_usecol:sim_time:472.0_obsid:welopt-ly5_variable:so4,0.000895513,0.0,forecast,,,welopt-ly5,conc,lst,472.0,sim,so4,
oname:conc_otype:lst_usecol:sim_time:472.0_obsid:wp1-f3_variable:o0,0.000232275,0.0,conc,,,wp1-f3,conc,lst,472.0,sim,o0,
oname:conc_otype:lst_usecol:sim_time:472.0_obsid:wp1-f3_variable:ph,6.82627,0.0,conc,,,wp1-f3,conc,lst,472.0,sim,ph,
oname:conc_otype:lst_usecol:sim_time:472.0_obsid:wp1-f3_variable:so4,0.00072094,0.0,conc,,,wp1-f3,conc,lst,472.0,sim,so4,
oname:conc_otype:lst_usecol:sim_time:472.0_obsid:wp4-f5_variable:o0,2.22202e-10,0.0,conc,,,wp4-f5,conc,lst,472.0,sim,o0,
oname:conc_otype:lst_usecol:sim_time:472.0_obsid:wp4-f5_variable:ph,6.74776,0.0,conc,,,wp4-f5,conc,lst,472.0,sim,ph,
oname:conc_otype:lst_usecol:sim_time:472.0_obsid:wp4-f5_variable:so4,0.000893403,0.0,conc,,,wp4-f5,conc,lst,472.0,sim,so4,
oname:conc_otype:lst_usecol:sim_time:473.0_obsid:welopt-ly1_variable:so4,0.000185577,0.0,forecast,,,welopt-ly1,conc,lst,473.0,sim,so4,
oname:conc_otype:lst_usecol:sim_time:473.0_obsid:welopt-ly3_variable:o0,5.15414e-11,0.0,conc,,,welopt-ly3,conc,lst,473.0,sim,o0,
oname:conc_otype:lst_usecol:sim_time:473.0_obsid:welopt-ly3_variable:ph,6.73145,0.0,conc,,,welopt-ly3,conc,lst,473.0,sim,ph,
oname:conc_otype:lst_usecol:sim_time:473.0_obsid:welopt-ly3_variable:so4,0.000865049,0.0,forecast,,,welopt-ly3,conc,lst,473.0,sim,so4,
oname:conc_otype:lst_usecol:sim_time:473.0_obsid:welopt-ly5_variable:so4,0.000895513,0.0,forecast,,,welopt-ly5,conc,lst,473.0,sim,so4,
oname:conc_otype:lst_usecol:sim_time:473.0_obsid:wp1-f3_variable:o0,0.000232275,0.0,conc,,,wp1-f3,conc,lst,473.0,sim,o0,
oname:conc_otype:lst_usecol:sim_time:473.0_obsid:wp1-f3_variable:ph,6.82627,0.0,conc,,,wp1-f3,conc,lst,473.0,sim,ph,
oname:conc_otype:lst_usecol:sim_time:473.0_obsid:wp1-f3_variable:so4,0.00072094,0.0,conc,,,wp1-f3,conc,lst,473.0,sim,so4,
oname:conc_otype:lst_usecol:sim_time:473.0_obsid:wp4-f5_variable:o0,2.22202e-10,0.0,conc,,,wp4-f5,conc,lst,473.0,sim,o0,
oname:conc_otype:lst_usecol:sim_time:473.0_obsid:wp4-f5_variable:ph,6.74776,0.0,conc,,,wp4-f5,conc,lst,473.0,sim,ph,
oname:conc_otype:lst_usecol:sim_time:473.0_obsid:wp4-f5_variable:so4,0.000893403,0.0,conc,,,wp4-f5,conc,lst,473.0,sim,so4,
oname:conc_otype:lst_usecol:sim_time:474.0_obsid:welopt-ly1_variable:so4,0.000185577,0.0,forecast,,,welopt-ly1,conc,lst,474.0,sim,so4,
oname:conc_otype:lst_usecol:sim_time:474.0_obsid:welopt-ly3_variable:o0,5.15414e-11,0.0,conc,,,welopt-ly3,conc,lst,474.0,sim,o0,
oname:conc_otype:lst_usecol:sim_time:474.0_obsid:welopt-ly3_variable:ph,6.73145,0.0,conc,,,welopt-ly3,conc,lst,474.0,sim,ph,
oname:conc_otype:lst_usecol:sim_time:474.0_obsid:welopt-ly3_variable:so4,0.000865049,0.0,forecast,,,welopt-ly3,conc,lst,474.0,sim,so4,
oname:conc_otype:lst_usecol:sim_time:474.0_obsid:welopt-ly5_variable:so4,0.000895513,0.0,forecast,,,welopt-ly5,conc,lst,474.0,sim,so4,
oname:conc_otype:lst_usecol:sim_time:474.0_obsid:wp1-f3_variable:o0,0.000232275,0.0,conc,,,wp1-f3,conc,lst,474.0,sim,o0,
oname:conc_otype:lst_usecol:sim_time:474.0_obsid:wp1-f3_variable:ph,6.82627,0.0,conc,,,wp1-f3,conc,lst,474.0,sim,ph,
oname:conc_otype:lst_usecol:sim_time:474.0_obsid:wp1-f3_variable:so4,0.00072094,0.0,conc,,,wp1-f3,conc,lst,474.0,sim,so4,
oname:conc_otype:lst_usecol:sim_time:474.0_obsid:wp4-f5_variable:o0,2.22202e-10,0.0,conc,,,wp4-f5,conc,lst,474.0,sim,o0,
oname:conc_otype:lst_usecol:sim_time:474.0_obsid:wp4-f5_variable:ph,6.74776,0.0,conc,,,wp4-f5,conc,lst,474.0,sim,ph,
oname:conc_otype:lst_usecol:sim_time:474.0_obsid:wp4-f5_variable:so4,0.000893403,0.0,conc,,,wp4-f5,conc,lst,474.0,sim,so4,
oname:conc_otype:lst_usecol:sim_time:475.0_obsid:welopt-ly1_variable:so4,0.000185577,0.0,forecast,,,welopt-ly1,conc,lst,475.0,sim,so4,
oname:conc_otype:lst_usecol:sim_time:475.0_obsid:welopt-ly3_variable:o0,5.15414e-11,0.0,conc,,,welopt-ly3,conc,lst,475.0,sim,o0,
oname:conc_otype:lst_usecol:sim_time:475.0_obsid:welopt-ly3_variable:ph,6.73145,0.0,conc,,,welopt-ly3,conc,lst,475.0,sim,ph,
oname:conc_otype:lst_usecol:sim_time:475.0_obsid:welopt-ly3_variable:so4,0.000865049,0.0,forecast,,,welopt-ly3,conc,lst,475.0,sim,so4,
oname:conc_otype:lst_usecol:sim_time:475.0_obsid:welopt-ly5_variable:so4,0.000895513,0.0,forecast,,,welopt-ly5,conc,lst,475.0,sim,so4,
oname:conc_otype:lst_usecol:sim_time:475.0_obsid:wp1-f3_variable:o0,0.000232275,0.0,conc,,,wp1-f3,conc,lst,475.0,sim,o0,
oname:conc_otype:lst_usecol:sim_time:475.0_obsid:wp1-f3_variable:ph,6.82627,0.0,conc,,,wp1-f3,conc,lst,475.0,sim,ph,
oname:conc_otype:lst_usecol:sim_time:475.0_obsid:wp1-f3_variable:so4,0.00072094,0.0,conc,,,wp1-f3,conc,lst,475.0,sim,so4,
oname:conc_otype:lst_usecol:sim_time:475.0_obsid:wp4-f5_variable:o0,2.22202e-10,0.0,conc,,,wp4-f5,conc,lst,475.0,sim,o0,
oname:conc_otype:lst_usecol:sim_time:475.0_obsid:wp4-f5_variable:ph,6.74776,0.0,conc,,,wp4-f5,conc,lst,475.0,sim,ph,
oname:conc_otype:lst_usecol:sim_time:475.0_obsid:wp4-f5_variable:so4,0.000893403,0.0,conc,,,wp4-f5,conc,lst,475.0,sim,so4,
oname:conc_otype:lst_usecol:sim_time:476.0_obsid:welopt-ly1_variable:so4,0.000185577,0.0,forecast,,,welopt-ly1,conc,lst,476.0,sim,so4,
oname:conc_otype:lst_usecol:sim_time:476.0_obsid:welopt-ly3_variable:o0,5.15414e-11,0.0,conc,,,welopt-ly3,conc,lst,476.0,sim,o0,
oname:conc_otype:lst_usecol:sim_time:476.0_obsid:welopt-ly3_variable:ph,6.73145,0.0,conc,,,welopt-ly3,conc,lst,476.0,sim,ph,
oname:conc_otype:lst_usecol:sim_time:476.0_obsid:welopt-ly3_variable:so4,0.000865049,0.0,forecast,,,welopt-ly3,conc,lst,476.0,sim,so4,
oname:conc_otype:lst_usecol:sim_time:476.0_obsid:welopt-ly5_variable:so4,0.000895513,0.0,forecast,,,welopt-ly5,conc,lst,476.0,sim,so4,
oname:conc_otype:lst_usecol:sim_time:476.0_obsid:wp1-f3_variable:o0,0.000232275,0.0,conc,,,wp1-f3,conc,lst,476.0,sim,o0,
oname:conc_otype:lst_usecol:sim_time:476.0_obsid:wp1-f3_variable:ph,6.82627,0.0,conc,,,wp1-f3,conc,lst,476.0,sim,ph,
oname:conc_otype:lst_usecol:sim_time:476.0_obsid:wp1-f3_variable:so4,0.00072094,0.0,conc,,,wp1-f3,conc,lst,476.0,sim,so4,
oname:conc_otype:lst_usecol:sim_time:476.0_obsid:wp4-f5_variable:o0,2.22202e-10,0.0,conc,,,wp4-f5,conc,lst,476.0,sim,o0,
oname:conc_otype:lst_usecol:sim_time:476.0_obsid:wp4-f5_variable:ph,6.74776,0.0,conc,,,wp4-f5,conc,lst,476.0,sim,ph,
oname:conc_otype:lst_usecol:sim_time:476.0_obsid:wp4-f5_variable:so4,0.000893403,0.0,conc,,,wp4-f5,conc,lst,476.0,sim,so4,
oname:conc_otype:lst_usecol:sim_time:477.0_obsid:welopt-ly1_variable:so4,0.000185577,0.0,forecast,,,welopt-ly1,conc,lst,477.0,sim,so4,
oname:conc_otype:lst_usecol:sim_time:477.0_obsid:welopt-ly3_variable:o0,5.15414e-11,0.0,conc,,,welopt-ly3,conc,lst,477.0,sim,o0,
oname:conc_otype:lst_usecol:sim_time:477.0_obsid:welopt-ly3_variable:ph,6.73145,0.0,conc,,,welopt-ly3,conc,lst,477.0,sim,ph,
oname:conc_otype:lst_usecol:sim_time:477.0_obsid:welopt-ly3_variable:so4,0.000865049,0.0,forecast,,,welopt-ly3,conc,lst,477.0,sim,so4,
oname:conc_otype:lst_usecol:sim_time:477.0_obsid:welopt-ly5_variable:so4,0.000895513,0.0,forecast,,,welopt-ly5,conc,lst,477.0,sim,so4,
oname:conc_otype:lst_usecol:sim_time:477.0_obsid:wp1-f3_variable:o0,0.000232275,0.0,conc,,,wp1-f3,conc,lst,477.0,sim,o0,
oname:conc_otype:lst_usecol:sim_time:477.0_obsid:wp1-f3_variable:ph,6.82627,0.0,conc,,,wp1-f3,conc,lst,477.0,sim,ph,
oname:conc_otype:lst_usecol:sim_time:477.0_obsid:wp1-f3_variable:so4,0.00072094,0.0,conc,,,wp1-f3,conc,lst,477.0,sim,so4,
oname:conc_otype:lst_usecol:sim_time:477.0_obsid:wp4-f5_variable:o0,2.22202e-10,0.0,conc,,,wp4-f5,conc,lst,477.0,sim,o0,
oname:conc_otype:lst_usecol:sim_time:477.0_obsid:wp4-f5_variable:ph,6.74776,0.0,conc,,,wp4-f5,conc,lst,477.0,sim,ph,
oname:conc_otype:lst_usecol:sim_time:477.0_obsid:wp4-f5_variable:so4,0.000893403,0.0,conc,,,wp4-f5,conc,lst,477.0,sim,so4,
oname:conc_otype:lst_usecol:sim_time:478.0_obsid:welopt-ly1_variable:so4,0.000192561,0.0,forecast,,,welopt-ly1,conc,lst,478.0,sim,so4,
oname:conc_otype:lst_usecol:sim_time:478.0_obsid:welopt-ly3_variable:o0,6.60478e-11,0.0,conc,,,welopt-ly3,conc,lst,478.0,sim,o0,
oname:conc_otype:lst_usecol:sim_time:478.0_obsid:welopt-ly3_variable:ph,6.73115,0.0,conc,,,welopt-ly3,conc,lst,478.0,sim,ph,
oname:conc_otype:lst_usecol:sim_time:478.0_obsid:welopt-ly3_variable:so4,0.000867021,0.0,forecast,,,welopt-ly3,conc,lst,478.0,sim,so4,
oname:conc_otype:lst_usecol:sim_time:478.0_obsid:welopt-ly5_variable:so4,0.000878942,0.0,forecast,,,welopt-ly5,conc,lst,478.0,sim,so4,
oname:conc_otype:lst_usecol:sim_time:478.0_obsid:wp1-f3_variable:o0,0.000251123,0.0,conc,,,wp1-f3,conc,lst,478.0,sim,o0,
oname:conc_otype:lst_usecol:sim_time:478.0_obsid:wp1-f3_variable:ph,6.82739,0.0,conc,,,wp1-f3,conc,lst,478.0,sim,ph,
oname:conc_otype:lst_usecol:sim_time:478.0_obsid:wp1-f3_variable:so4,0.000716083,0.0,conc,,,wp1-f3,conc,lst,478.0,sim,so4,
oname:conc_otype:lst_usecol:sim_time:478.0_obsid:wp4-f5_variable:o0,3.12122e-10,0.0,conc,,,wp4-f5,conc,lst,478.0,sim,o0,
oname:conc_otype:lst_usecol:sim_time:478.0_obsid:wp4-f5_variable:ph,6.7458,0.0,conc,,,wp4-f5,conc,lst,478.0,sim,ph,
oname:conc_otype:lst_usecol:sim_time:478.0_obsid:wp4-f5_variable:so4,0.000853879,0.0,conc,,,wp4-f5,conc,lst,478.0,sim,so4,
oname:conc_otype:lst_usecol:sim_time:479.0_obsid:welopt-ly1_variable:so4,0.000192561,0.0,forecast,,,welopt-ly1,conc,lst,479.0,sim,so4,
oname:conc_otype:lst_usecol:sim_time:479.0_obsid:welopt-ly3_variable:o0,6.60478e-11,0.0,conc,,,welopt-ly3,conc,lst,479.0,sim,o0,
oname:conc_otype:lst_usecol:sim_time:479.0_obsid:welopt-ly3_variable:ph,6.73115,0.0,conc,,,welopt-ly3,conc,lst,479.0,sim,ph,
oname:conc_otype:lst_usecol:sim_time:479.0_obsid:welopt-ly3_variable:so4,0.000867021,0.0,forecast,,,welopt-ly3,conc,lst,479.0,sim,so4,
oname:conc_otype:lst_usecol:sim_time:479.0_obsid:welopt-ly5_variable:so4,0.000878942,0.0,forecast,,,welopt-ly5,conc,lst,479.0,sim,so4,
oname:conc_otype:lst_usecol:sim_time:479.0_obsid:wp1-f3_variable:o0,0.000251123,0.0,conc,,,wp1-f3,conc,lst,479.0,sim,o0,
oname:conc_otype:lst_usecol:sim_time:479.0_obsid:wp1-f3_variable:ph,6.82739,0.0,conc,,,wp1-f3,conc,lst,479.0,sim,ph,
oname:conc_otype:lst_usecol:sim_time:479.0_obsid:wp1-f3_variable:so4,0.000716083,0.0,conc,,,wp1-f3,conc,lst,479.0,sim,so4,
oname:conc_otype:lst_usecol:sim_time:479.0_obsid:wp4-f5_variable:o0,3.12122e-10,0.0,conc,,,wp4-f5,conc,lst,479.0,sim,o0,
oname:conc_otype:lst_usecol:sim_time:479.0_obsid:wp4-f5_variable:ph,6.7458,0.0,conc,,,wp4-f5,conc,lst,479.0,sim,ph,
oname:conc_otype:lst_usecol:sim_time:479.0_obsid:wp4-f5_variable:so4,0.000853879,0.0,conc,,,wp4-f5,conc,lst,479.0,sim,so4,
oname:conc_otype:lst_usecol:sim_time:48.0_obsid:welopt-ly3_variable:o0,0.0,0.0,conc,,,welopt-ly3,conc,lst,48.0,sim,o0,
oname:conc_otype:lst_usecol:sim_time:48.0_obsid:welopt-ly3_variable:ph,6.67491,0.0,conc,,,welopt-ly3,conc,lst,48.0,sim,ph,
oname:conc_otype:lst_usecol:sim_time:48.0_obsid:welopt-ly3_variable:so4,5.51095e-05,0.0,conc,,,welopt-ly3,conc,lst,48.0,sim,so4,
oname:conc_otype:lst_usecol:sim_time:48.0_obsid:wp1-f3_variable:o0,1.70044e-10,3065.696697424829,conc,,,wp1-f3,conc,lst,48.0,sim,o0,0.000326190128606
oname:conc_otype:lst_usecol:sim_time:48.0_obsid:wp1-f3_variable:ph,6.74821,0.6131393394849658,conc,,,wp1-f3,conc,lst,48.0,sim,ph,1.6309506430300091
oname:conc_otype:lst_usecol:sim_time:48.0_obsid:wp1-f3_variable:so4,0.000755916,1226.2786789699317,conc,,,wp1-f3,conc,lst,48.0,sim,so4,0.000815475321515
oname:conc_otype:lst_usecol:sim_time:48.0_obsid:wp4-f5_variable:o0,6.01727e-38,3143.4730673096574,conc,,,wp4-f5,conc,lst,48.0,sim,o0,0.0003181194744117
oname:conc_otype:lst_usecol:sim_time:48.0_obsid:wp4-f5_variable:ph,6.65754,0.6286946134619315,conc,,,wp4-f5,conc,lst,48.0,sim,ph,1.5905973720586868
oname:conc_otype:lst_usecol:sim_time:48.0_obsid:wp4-f5_variable:so4,6.97739e-05,1257.389226923863,conc,,,wp4-f5,conc,lst,48.0,sim,so4,0.0007952986860293
oname:conc_otype:lst_usecol:sim_time:480.0_obsid:welopt-ly1_variable:so4,0.000192561,0.0,forecast,,,welopt-ly1,conc,lst,480.0,sim,so4,
oname:conc_otype:lst_usecol:sim_time:480.0_obsid:welopt-ly3_variable:o0,6.60478e-11,0.0,conc,,,welopt-ly3,conc,lst,480.0,sim,o0,
oname:conc_otype:lst_usecol:sim_time:480.0_obsid:welopt-ly3_variable:ph,6.73115,0.0,conc,,,welopt-ly3,conc,lst,480.0,sim,ph,
oname:conc_otype:lst_usecol:sim_time:480.0_obsid:welopt-ly3_variable:so4,0.000867021,0.0,forecast,,,welopt-ly3,conc,lst,480.0,sim,so4,
oname:conc_otype:lst_usecol:sim_time:480.0_obsid:welopt-ly5_variable:so4,0.000878942,0.0,forecast,,,welopt-ly5,conc,lst,480.0,sim,so4,
oname:conc_otype:lst_usecol:sim_time:480.0_obsid:wp1-f3_variable:o0,0.000251123,0.0,conc,,,wp1-f3,conc,lst,480.0,sim,o0,
oname:conc_otype:lst_usecol:sim_time:480.0_obsid:wp1-f3_variable:ph,6.82739,0.0,conc,,,wp1-f3,conc,lst,480.0,sim,ph,
oname:conc_otype:lst_usecol:sim_time:480.0_obsid:wp1-f3_variable:so4,0.000716083,0.0,conc,,,wp1-f3,conc,lst,480.0,sim,so4,
oname:conc_otype:lst_usecol:sim_time:480.0_obsid:wp4-f5_variable:o0,3.12122e-10,0.0,conc,,,wp4-f5,conc,lst,480.0,sim,o0,
oname:conc_otype:lst_usecol:sim_time:480.0_obsid:wp4-f5_variable:ph,6.7458,0.0,conc,,,wp4-f5,conc,lst,480.0,sim,ph,
oname:conc_otype:lst_usecol:sim_time:480.0_obsid:wp4-f5_variable:so4,0.000853879,0.0,conc,,,wp4-f5,conc,lst,480.0,sim,so4,
oname:conc_otype:lst_usecol:sim_time:481.0_obsid:welopt-ly1_variable:so4,0.000192561,0.0,forecast,,,welopt-ly1,conc,lst,481.0,sim,so4,
oname:conc_otype:lst_usecol:sim_time:481.0_obsid:welopt-ly3_variable:o0,6.60478e-11,0.0,conc,,,welopt-ly3,conc,lst,481.0,sim,o0,
oname:conc_otype:lst_usecol:sim_time:481.0_obsid:welopt-ly3_variable:ph,6.73115,0.0,conc,,,welopt-ly3,conc,lst,481.0,sim,ph,
oname:conc_otype:lst_usecol:sim_time:481.0_obsid:welopt-ly3_variable:so4,0.000867021,0.0,forecast,,,welopt-ly3,conc,lst,481.0,sim,so4,
oname:conc_otype:lst_usecol:sim_time:481.0_obsid:welopt-ly5_variable:so4,0.000878942,0.0,forecast,,,welopt-ly5,conc,lst,481.0,sim,so4,
oname:conc_otype:lst_usecol:sim_time:481.0_obsid:wp1-f3_variable:o0,0.000251123,0.0,conc,,,wp1-f3,conc,lst,481.0,sim,o0,
oname:conc_otype:lst_usecol:sim_time:481.0_obsid:wp1-f3_variable:ph,6.82739,0.0,conc,,,wp1-f3,conc,lst,481.0,sim,ph,
oname:conc_otype:lst_usecol:sim_time:481.0_obsid:wp1-f3_variable:so4,0.000716083,0.0,conc,,,wp1-f3,conc,lst,481.0,sim,so4,
oname:conc_otype:lst_usecol:sim_time:481.0_obsid:wp4-f5_variable:o0,3.12122e-10,0.0,conc,,,wp4-f5,conc,lst,481.0,sim,o0,
oname:conc_otype:lst_usecol:sim_time:481.0_obsid:wp4-f5_variable:ph,6.7458,0.0,conc,,,wp4-f5,conc,lst,481.0,sim,ph,
oname:conc_otype:lst_usecol:sim_time:481.0_obsid:wp4-f5_variable:so4,0.000853879,0.0,conc,,,wp4-f5,conc,lst,481.0,sim,so4,
oname:conc_otype:lst_usecol:sim_time:482.0_obsid:welopt-ly1_variable:so4,0.000192561,0.0,forecast,,,welopt-ly1,conc,lst,482.0,sim,so4,
oname:conc_otype:lst_usecol:sim_time:482.0_obsid:welopt-ly3_variable:o0,6.60478e-11,0.0,conc,,,welopt-ly3,conc,lst,482.0,sim,o0,
oname:conc_otype:lst_usecol:sim_time:482.0_obsid:welopt-ly3_variable:ph,6.73115,0.0,conc,,,welopt-ly3,conc,lst,482.0,sim,ph,
oname:conc_otype:lst_usecol:sim_time:482.0_obsid:welopt-ly3_variable:so4,0.000867021,0.0,forecast,,,welopt-ly3,conc,lst,482.0,sim,so4,
oname:conc_otype:lst_usecol:sim_time:482.0_obsid:welopt-ly5_variable:so4,0.000878942,0.0,forecast,,,welopt-ly5,conc,lst,482.0,sim,so4,
oname:conc_otype:lst_usecol:sim_time:482.0_obsid:wp1-f3_variable:o0,0.000251123,0.0,conc,,,wp1-f3,conc,lst,482.0,sim,o0,
oname:conc_otype:lst_usecol:sim_time:482.0_obsid:wp1-f3_variable:ph,6.82739,0.0,conc,,,wp1-f3,conc,lst,482.0,sim,ph,
oname:conc_otype:lst_usecol:sim_time:482.0_obsid:wp1-f3_variable:so4,0.000716083,0.0,conc,,,wp1-f3,conc,lst,482.0,sim,so4,
oname:conc_otype:lst_usecol:sim_time:482.0_obsid:wp4-f5_variable:o0,3.12122e-10,0.0,conc,,,wp4-f5,conc,lst,482.0,sim,o0,
oname:conc_otype:lst_usecol:sim_time:482.0_obsid:wp4-f5_variable:ph,6.7458,0.0,conc,,,wp4-f5,conc,lst,482.0,sim,ph,
oname:conc_otype:lst_usecol:sim_time:482.0_obsid:wp4-f5_variable:so4,0.000853879,0.0,conc,,,wp4-f5,conc,lst,482.0,sim,so4,
oname:conc_otype:lst_usecol:sim_time:483.0_obsid:welopt-ly1_variable:so4,0.000192561,0.0,forecast,,,welopt-ly1,conc,lst,483.0,sim,so4,
oname:conc_otype:lst_usecol:sim_time:483.0_obsid:welopt-ly3_variable:o0,6.60478e-11,0.0,conc,,,welopt-ly3,conc,lst,483.0,sim,o0,
oname:conc_otype:lst_usecol:sim_time:483.0_obsid:welopt-ly3_variable:ph,6.73115,0.0,conc,,,welopt-ly3,conc,lst,483.0,sim,ph,
oname:conc_otype:lst_usecol:sim_time:483.0_obsid:welopt-ly3_variable:so4,0.000867021,0.0,forecast,,,welopt-ly3,conc,lst,483.0,sim,so4,
oname:conc_otype:lst_usecol:sim_time:483.0_obsid:welopt-ly5_variable:so4,0.000878942,0.0,forecast,,,welopt-ly5,conc,lst,483.0,sim,so4,
oname:conc_otype:lst_usecol:sim_time:483.0_obsid:wp1-f3_variable:o0,0.000251123,0.0,conc,,,wp1-f3,conc,lst,483.0,sim,o0,
oname:conc_otype:lst_usecol:sim_time:483.0_obsid:wp1-f3_variable:ph,6.82739,0.0,conc,,,wp1-f3,conc,lst,483.0,sim,ph,
oname:conc_otype:lst_usecol:sim_time:483.0_obsid:wp1-f3_variable:so4,0.000716083,0.0,conc,,,wp1-f3,conc,lst,483.0,sim,so4,
oname:conc_otype:lst_usecol:sim_time:483.0_obsid:wp4-f5_variable:o0,3.12122e-10,0.0,conc,,,wp4-f5,conc,lst,483.0,sim,o0,
oname:conc_otype:lst_usecol:sim_time:483.0_obsid:wp4-f5_variable:ph,6.7458,0.0,conc,,,wp4-f5,conc,lst,483.0,sim,ph,
oname:conc_otype:lst_usecol:sim_time:483.0_obsid:wp4-f5_variable:so4,0.000853879,0.0,conc,,,wp4-f5,conc,lst,483.0,sim,so4,
oname:conc_otype:lst_usecol:sim_time:484.0_obsid:welopt-ly1_variable:so4,0.000192561,0.0,forecast,,,welopt-ly1,conc,lst,484.0,sim,so4,
oname:conc_otype:lst_usecol:sim_time:484.0_obsid:welopt-ly3_variable:o0,6.60478e-11,0.0,conc,,,welopt-ly3,conc,lst,484.0,sim,o0,
oname:conc_otype:lst_usecol:sim_time:484.0_obsid:welopt-ly3_variable:ph,6.73115,0.0,conc,,,welopt-ly3,conc,lst,484.0,sim,ph,
oname:conc_otype:lst_usecol:sim_time:484.0_obsid:welopt-ly3_variable:so4,0.000867021,0.0,forecast,,,welopt-ly3,conc,lst,484.0,sim,so4,
oname:conc_otype:lst_usecol:sim_time:484.0_obsid:welopt-ly5_variable:so4,0.000878942,0.0,forecast,,,welopt-ly5,conc,lst,484.0,sim,so4,
oname:conc_otype:lst_usecol:sim_time:484.0_obsid:wp1-f3_variable:o0,0.000251123,0.0,conc,,,wp1-f3,conc,lst,484.0,sim,o0,
oname:conc_otype:lst_usecol:sim_time:484.0_obsid:wp1-f3_variable:ph,6.82739,0.0,conc,,,wp1-f3,conc,lst,484.0,sim,ph,
oname:conc_otype:lst_usecol:sim_time:484.0_obsid:wp1-f3_variable:so4,0.000716083,0.0,conc,,,wp1-f3,conc,lst,484.0,sim,so4,
oname:conc_otype:lst_usecol:sim_time:484.0_obsid:wp4-f5_variable:o0,3.12122e-10,0.0,conc,,,wp4-f5,conc,lst,484.0,sim,o0,
oname:conc_otype:lst_usecol:sim_time:484.0_obsid:wp4-f5_variable:ph,6.7458,0.0,conc,,,wp4-f5,conc,lst,484.0,sim,ph,
oname:conc_otype:lst_usecol:sim_time:484.0_obsid:wp4-f5_variable:so4,0.000853879,0.0,conc,,,wp4-f5,conc,lst,484.0,sim,so4,
oname:conc_otype:lst_usecol:sim_time:485.0_obsid:welopt-ly1_variable:so4,0.000199678,0.0,forecast,,,welopt-ly1,conc,lst,485.0,sim,so4,
oname:conc_otype:lst_usecol:sim_time:485.0_obsid:welopt-ly3_variable:o0,8.65944e-11,0.0,conc,,,welopt-ly3,conc,lst,485.0,sim,o0,
oname:conc_otype:lst_usecol:sim_time:485.0_obsid:welopt-ly3_variable:ph,6.72743,0.0,conc,,,welopt-ly3,conc,lst,485.0,sim,ph,
oname:conc_otype:lst_usecol:sim_time:485.0_obsid:welopt-ly3_variable:so4,0.000866349,0.0,forecast,,,welopt-ly3,conc,lst,485.0,sim,so4,
oname:conc_otype:lst_usecol:sim_time:485.0_obsid:welopt-ly5_variable:so4,0.000867074,0.0,forecast,,,welopt-ly5,conc,lst,485.0,sim,so4,
oname:conc_otype:lst_usecol:sim_time:485.0_obsid:wp1-f3_variable:o0,0.00026795,0.0,conc,,,wp1-f3,conc,lst,485.0,sim,o0,
oname:conc_otype:lst_usecol:sim_time:485.0_obsid:wp1-f3_variable:ph,6.82612,0.0,conc,,,wp1-f3,conc,lst,485.0,sim,ph,
oname:conc_otype:lst_usecol:sim_time:485.0_obsid:wp1-f3_variable:so4,0.000713738,0.0,conc,,,wp1-f3,conc,lst,485.0,sim,so4,
oname:conc_otype:lst_usecol:sim_time:485.0_obsid:wp4-f5_variable:o0,3.90431e-10,0.0,conc,,,wp4-f5,conc,lst,485.0,sim,o0,
oname:conc_otype:lst_usecol:sim_time:485.0_obsid:wp4-f5_variable:ph,6.72714,0.0,conc,,,wp4-f5,conc,lst,485.0,sim,ph,
oname:conc_otype:lst_usecol:sim_time:485.0_obsid:wp4-f5_variable:so4,0.000839057,0.0,conc,,,wp4-f5,conc,lst,485.0,sim,so4,
oname:conc_otype:lst_usecol:sim_time:486.0_obsid:welopt-ly1_variable:so4,0.000199678,0.0,forecast,,,welopt-ly1,conc,lst,486.0,sim,so4,
oname:conc_otype:lst_usecol:sim_time:486.0_obsid:welopt-ly3_variable:o0,8.65944e-11,0.0,conc,,,welopt-ly3,conc,lst,486.0,sim,o0,
oname:conc_otype:lst_usecol:sim_time:486.0_obsid:welopt-ly3_variable:ph,6.72743,0.0,conc,,,welopt-ly3,conc,lst,486.0,sim,ph,
oname:conc_otype:lst_usecol:sim_time:486.0_obsid:welopt-ly3_variable:so4,0.000866349,0.0,forecast,,,welopt-ly3,conc,lst,486.0,sim,so4,
oname:conc_otype:lst_usecol:sim_time:486.0_obsid:welopt-ly5_variable:so4,0.000867074,0.0,forecast,,,welopt-ly5,conc,lst,486.0,sim,so4,
oname:conc_otype:lst_usecol:sim_time:486.0_obsid:wp1-f3_variable:o0,0.00026795,0.0,conc,,,wp1-f3,conc,lst,486.0,sim,o0,
oname:conc_otype:lst_usecol:sim_time:486.0_obsid:wp1-f3_variable:ph,6.82612,0.0,conc,,,wp1-f3,conc,lst,486.0,sim,ph,
oname:conc_otype:lst_usecol:sim_time:486.0_obsid:wp1-f3_variable:so4,0.000713738,0.0,conc,,,wp1-f3,conc,lst,486.0,sim,so4,
oname:conc_otype:lst_usecol:sim_time:486.0_obsid:wp4-f5_variable:o0,3.90431e-10,0.0,conc,,,wp4-f5,conc,lst,486.0,sim,o0,
oname:conc_otype:lst_usecol:sim_time:486.0_obsid:wp4-f5_variable:ph,6.72714,0.0,conc,,,wp4-f5,conc,lst,486.0,sim,ph,
oname:conc_otype:lst_usecol:sim_time:486.0_obsid:wp4-f5_variable:so4,0.000839057,0.0,conc,,,wp4-f5,conc,lst,486.0,sim,so4,
oname:conc_otype:lst_usecol:sim_time:487.0_obsid:welopt-ly1_variable:so4,0.000199678,0.0,forecast,,,welopt-ly1,conc,lst,487.0,sim,so4,
oname:conc_otype:lst_usecol:sim_time:487.0_obsid:welopt-ly3_variable:o0,8.65944e-11,0.0,conc,,,welopt-ly3,conc,lst,487.0,sim,o0,
oname:conc_otype:lst_usecol:sim_time:487.0_obsid:welopt-ly3_variable:ph,6.72743,0.0,conc,,,welopt-ly3,conc,lst,487.0,sim,ph,
oname:conc_otype:lst_usecol:sim_time:487.0_obsid:welopt-ly3_variable:so4,0.000866349,0.0,forecast,,,welopt-ly3,conc,lst,487.0,sim,so4,
oname:conc_otype:lst_usecol:sim_time:487.0_obsid:welopt-ly5_variable:so4,0.000867074,0.0,forecast,,,welopt-ly5,conc,lst,487.0,sim,so4,
oname:conc_otype:lst_usecol:sim_time:487.0_obsid:wp1-f3_variable:o0,0.00026795,0.0,conc,,,wp1-f3,conc,lst,487.0,sim,o0,
oname:conc_otype:lst_usecol:sim_time:487.0_obsid:wp1-f3_variable:ph,6.82612,0.0,conc,,,wp1-f3,conc,lst,487.0,sim,ph,
oname:conc_otype:lst_usecol:sim_time:487.0_obsid:wp1-f3_variable:so4,0.000713738,0.0,conc,,,wp1-f3,conc,lst,487.0,sim,so4,
oname:conc_otype:lst_usecol:sim_time:487.0_obsid:wp4-f5_variable:o0,3.90431e-10,0.0,conc,,,wp4-f5,conc,lst,487.0,sim,o0,
oname:conc_otype:lst_usecol:sim_time:487.0_obsid:wp4-f5_variable:ph,6.72714,0.0,conc,,,wp4-f5,conc,lst,487.0,sim,ph,
oname:conc_otype:lst_usecol:sim_time:487.0_obsid:wp4-f5_variable:so4,0.000839057,0.0,conc,,,wp4-f5,conc,lst,487.0,sim,so4,
oname:conc_otype:lst_usecol:sim_time:488.0_obsid:welopt-ly1_variable:so4,0.000199678,0.0,forecast,,,welopt-ly1,conc,lst,488.0,sim,so4,
oname:conc_otype:lst_usecol:sim_time:488.0_obsid:welopt-ly3_variable:o0,8.65944e-11,0.0,conc,,,welopt-ly3,conc,lst,488.0,sim,o0,
oname:conc_otype:lst_usecol:sim_time:488.0_obsid:welopt-ly3_variable:ph,6.72743,0.0,conc,,,welopt-ly3,conc,lst,488.0,sim,ph,
oname:conc_otype:lst_usecol:sim_time:488.0_obsid:welopt-ly3_variable:so4,0.000866349,0.0,forecast,,,welopt-ly3,conc,lst,488.0,sim,so4,
oname:conc_otype:lst_usecol:sim_time:488.0_obsid:welopt-ly5_variable:so4,0.000867074,0.0,forecast,,,welopt-ly5,conc,lst,488.0,sim,so4,
oname:conc_otype:lst_usecol:sim_time:488.0_obsid:wp1-f3_variable:o0,0.00026795,0.0,conc,,,wp1-f3,conc,lst,488.0,sim,o0,
oname:conc_otype:lst_usecol:sim_time:488.0_obsid:wp1-f3_variable:ph,6.82612,0.0,conc,,,wp1-f3,conc,lst,488.0,sim,ph,
oname:conc_otype:lst_usecol:sim_time:488.0_obsid:wp1-f3_variable:so4,0.000713738,0.0,conc,,,wp1-f3,conc,lst,488.0,sim,so4,
oname:conc_otype:lst_usecol:sim_time:488.0_obsid:wp4-f5_variable:o0,3.90431e-10,0.0,conc,,,wp4-f5,conc,lst,488.0,sim,o0,
oname:conc_otype:lst_usecol:sim_time:488.0_obsid:wp4-f5_variable:ph,6.72714,0.0,conc,,,wp4-f5,conc,lst,488.0,sim,ph,
oname:conc_otype:lst_usecol:sim_time:488.0_obsid:wp4-f5_variable:so4,0.000839057,0.0,conc,,,wp4-f5,conc,lst,488.0,sim,so4,
oname:conc_otype:lst_usecol:sim_time:489.0_obsid:welopt-ly1_variable:so4,0.000199678,0.0,forecast,,,welopt-ly1,conc,lst,489.0,sim,so4,
oname:conc_otype:lst_usecol:sim_time:489.0_obsid:welopt-ly3_variable:o0,8.65944e-11,0.0,conc,,,welopt-ly3,conc,lst,489.0,sim,o0,
oname:conc_otype:lst_usecol:sim_time:489.0_obsid:welopt-ly3_variable:ph,6.72743,0.0,conc,,,welopt-ly3,conc,lst,489.0,sim,ph,
oname:conc_otype:lst_usecol:sim_time:489.0_obsid:welopt-ly3_variable:so4,0.000866349,0.0,forecast,,,welopt-ly3,conc,lst,489.0,sim,so4,
oname:conc_otype:lst_usecol:sim_time:489.0_obsid:welopt-ly5_variable:so4,0.000867074,0.0,forecast,,,welopt-ly5,conc,lst,489.0,sim,so4,
oname:conc_otype:lst_usecol:sim_time:489.0_obsid:wp1-f3_variable:o0,0.00026795,0.0,conc,,,wp1-f3,conc,lst,489.0,sim,o0,
oname:conc_otype:lst_usecol:sim_time:489.0_obsid:wp1-f3_variable:ph,6.82612,0.0,conc,,,wp1-f3,conc,lst,489.0,sim,ph,
oname:conc_otype:lst_usecol:sim_time:489.0_obsid:wp1-f3_variable:so4,0.000713738,0.0,conc,,,wp1-f3,conc,lst,489.0,sim,so4,
oname:conc_otype:lst_usecol:sim_time:489.0_obsid:wp4-f5_variable:o0,3.90431e-10,0.0,conc,,,wp4-f5,conc,lst,489.0,sim,o0,
oname:conc_otype:lst_usecol:sim_time:489.0_obsid:wp4-f5_variable:ph,6.72714,0.0,conc,,,wp4-f5,conc,lst,489.0,sim,ph,
oname:conc_otype:lst_usecol:sim_time:489.0_obsid:wp4-f5_variable:so4,0.000839057,0.0,conc,,,wp4-f5,conc,lst,489.0,sim,so4,
oname:conc_otype:lst_usecol:sim_time:489.981_obsid:wp4-f5_variable:ph,6.72714,0.0,conc,,,wp4-f5,conc,lst,489.981,sim,ph,
oname:conc_otype:lst_usecol:sim_time:489.981_obsid:wp4-f5_variable:so4,0.000839057,0.0,conc,,,wp4-f5,conc,lst,489.981,sim,so4,
oname:conc_otype:lst_usecol:sim_time:49.0_obsid:welopt-ly3_variable:o0,0.0,0.0,conc,,,welopt-ly3,conc,lst,49.0,sim,o0,
oname:conc_otype:lst_usecol:sim_time:49.0_obsid:welopt-ly3_variable:ph,6.67491,0.0,conc,,,welopt-ly3,conc,lst,49.0,sim,ph,
oname:conc_otype:lst_usecol:sim_time:49.0_obsid:welopt-ly3_variable:so4,5.51095e-05,0.0,conc,,,welopt-ly3,conc,lst,49.0,sim,so4,
oname:conc_otype:lst_usecol:sim_time:49.0_obsid:wp1-f3_variable:o0,1.70044e-10,3065.696697424829,conc,,,wp1-f3,conc,lst,49.0,sim,o0,0.000326190128606
oname:conc_otype:lst_usecol:sim_time:49.0_obsid:wp1-f3_variable:ph,6.74821,0.6131393394849658,conc,,,wp1-f3,conc,lst,49.0,sim,ph,1.6309506430300091
oname:conc_otype:lst_usecol:sim_time:49.0_obsid:wp1-f3_variable:so4,0.000755916,1226.2786789699317,conc,,,wp1-f3,conc,lst,49.0,sim,so4,0.000815475321515
oname:conc_otype:lst_usecol:sim_time:49.0_obsid:wp4-f5_variable:o0,6.01727e-38,3143.4730673096574,conc,,,wp4-f5,conc,lst,49.0,sim,o0,0.0003181194744117
oname:conc_otype:lst_usecol:sim_time:49.0_obsid:wp4-f5_variable:ph,6.65754,0.6286946134619315,conc,,,wp4-f5,conc,lst,49.0,sim,ph,1.5905973720586868
oname:conc_otype:lst_usecol:sim_time:49.0_obsid:wp4-f5_variable:so4,6.97739e-05,1257.389226923863,conc,,,wp4-f5,conc,lst,49.0,sim,so4,0.0007952986860293
oname:conc_otype:lst_usecol:sim_time:490.044_obsid:wp1-f3_variable:o0,0.00026795,0.0,conc,,,wp1-f3,conc,lst,490.044,sim,o0,
oname:conc_otype:lst_usecol:sim_time:490.044_obsid:wp1-f3_variable:ph,6.82612,0.0,conc,,,wp1-f3,conc,lst,490.044,sim,ph,
oname:conc_otype:lst_usecol:sim_time:490.044_obsid:wp1-f3_variable:so4,0.000713738,0.0,conc,,,wp1-f3,conc,lst,490.044,sim,so4,
oname:conc_otype:lst_usecol:sim_time:490.0_obsid:welopt-ly1_variable:so4,0.000199678,0.0,forecast,,,welopt-ly1,conc,lst,490.0,sim,so4,
oname:conc_otype:lst_usecol:sim_time:490.0_obsid:welopt-ly3_variable:o0,8.65944e-11,0.0,conc,,,welopt-ly3,conc,lst,490.0,sim,o0,
oname:conc_otype:lst_usecol:sim_time:490.0_obsid:welopt-ly3_variable:ph,6.72743,0.0,conc,,,welopt-ly3,conc,lst,490.0,sim,ph,
oname:conc_otype:lst_usecol:sim_time:490.0_obsid:welopt-ly3_variable:so4,0.000866349,0.0,forecast,,,welopt-ly3,conc,lst,490.0,sim,so4,
oname:conc_otype:lst_usecol:sim_time:490.0_obsid:welopt-ly5_variable:so4,0.000867074,0.0,forecast,,,welopt-ly5,conc,lst,490.0,sim,so4,
oname:conc_otype:lst_usecol:sim_time:490.0_obsid:wp1-f3_variable:o0,0.00026795,0.0,conc,,,wp1-f3,conc,lst,490.0,sim,o0,
oname:conc_otype:lst_usecol:sim_time:490.0_obsid:wp1-f3_variable:ph,6.82612,0.0,conc,,,wp1-f3,conc,lst,490.0,sim,ph,
oname:conc_otype:lst_usecol:sim_time:490.0_obsid:wp1-f3_variable:so4,0.000713738,0.0,conc,,,wp1-f3,conc,lst,490.0,sim,so4,
oname:conc_otype:lst_usecol:sim_time:490.0_obsid:wp4-f5_variable:o0,3.90431e-10,0.0,conc,,,wp4-f5,conc,lst,490.0,sim,o0,
oname:conc_otype:lst_usecol:sim_time:490.0_obsid:wp4-f5_variable:ph,6.72714,0.0,conc,,,wp4-f5,conc,lst,490.0,sim,ph,
oname:conc_otype:lst_usecol:sim_time:490.0_obsid:wp4-f5_variable:so4,0.000839057,0.0,conc,,,wp4-f5,conc,lst,490.0,sim,so4,
oname:conc_otype:lst_usecol:sim_time:491.0_obsid:welopt-ly1_variable:so4,0.000199678,0.0,forecast,,,welopt-ly1,conc,lst,491.0,sim,so4,
oname:conc_otype:lst_usecol:sim_time:491.0_obsid:welopt-ly3_variable:o0,8.65944e-11,0.0,conc,,,welopt-ly3,conc,lst,491.0,sim,o0,
oname:conc_otype:lst_usecol:sim_time:491.0_obsid:welopt-ly3_variable:ph,6.72743,0.0,conc,,,welopt-ly3,conc,lst,491.0,sim,ph,
oname:conc_otype:lst_usecol:sim_time:491.0_obsid:welopt-ly3_variable:so4,0.000866349,0.0,forecast,,,welopt-ly3,conc,lst,491.0,sim,so4,
oname:conc_otype:lst_usecol:sim_time:491.0_obsid:welopt-ly5_variable:so4,0.000867074,0.0,forecast,,,welopt-ly5,conc,lst,491.0,sim,so4,
oname:conc_otype:lst_usecol:sim_time:491.0_obsid:wp1-f3_variable:o0,0.00026795,0.0,conc,,,wp1-f3,conc,lst,491.0,sim,o0,
oname:conc_otype:lst_usecol:sim_time:491.0_obsid:wp1-f3_variable:ph,6.82612,0.0,conc,,,wp1-f3,conc,lst,491.0,sim,ph,
oname:conc_otype:lst_usecol:sim_time:491.0_obsid:wp1-f3_variable:so4,0.000713738,0.0,conc,,,wp1-f3,conc,lst,491.0,sim,so4,
oname:conc_otype:lst_usecol:sim_time:491.0_obsid:wp4-f5_variable:o0,3.90431e-10,0.0,conc,,,wp4-f5,conc,lst,491.0,sim,o0,
oname:conc_otype:lst_usecol:sim_time:491.0_obsid:wp4-f5_variable:ph,6.72714,0.0,conc,,,wp4-f5,conc,lst,491.0,sim,ph,
oname:conc_otype:lst_usecol:sim_time:491.0_obsid:wp4-f5_variable:so4,0.000839057,0.0,conc,,,wp4-f5,conc,lst,491.0,sim,so4,
oname:conc_otype:lst_usecol:sim_time:492.0_obsid:welopt-ly1_variable:so4,0.000207008,0.0,forecast,,,welopt-ly1,conc,lst,492.0,sim,so4,
oname:conc_otype:lst_usecol:sim_time:492.0_obsid:welopt-ly3_variable:o0,1.06019e-10,0.0,conc,,,welopt-ly3,conc,lst,492.0,sim,o0,
oname:conc_otype:lst_usecol:sim_time:492.0_obsid:welopt-ly3_variable:ph,6.72103,0.0,conc,,,welopt-ly3,conc,lst,492.0,sim,ph,
oname:conc_otype:lst_usecol:sim_time:492.0_obsid:welopt-ly3_variable:so4,0.000864737,0.0,forecast,,,welopt-ly3,conc,lst,492.0,sim,so4,
oname:conc_otype:lst_usecol:sim_time:492.0_obsid:welopt-ly5_variable:so4,0.00085789,0.0,forecast,,,welopt-ly5,conc,lst,492.0,sim,so4,
oname:conc_otype:lst_usecol:sim_time:492.0_obsid:wp1-f3_variable:o0,0.000294343,0.0,conc,,,wp1-f3,conc,lst,492.0,sim,o0,
oname:conc_otype:lst_usecol:sim_time:492.0_obsid:wp1-f3_variable:ph,6.79269,0.0,conc,,,wp1-f3,conc,lst,492.0,sim,ph,
oname:conc_otype:lst_usecol:sim_time:492.0_obsid:wp1-f3_variable:so4,0.000703189,0.0,conc,,,wp1-f3,conc,lst,492.0,sim,so4,
oname:conc_otype:lst_usecol:sim_time:492.0_obsid:wp4-f5_variable:o0,4.29648e-10,0.0,conc,,,wp4-f5,conc,lst,492.0,sim,o0,
oname:conc_otype:lst_usecol:sim_time:492.0_obsid:wp4-f5_variable:ph,6.71782,0.0,conc,,,wp4-f5,conc,lst,492.0,sim,ph,
oname:conc_otype:lst_usecol:sim_time:492.0_obsid:wp4-f5_variable:so4,0.000834518,0.0,conc,,,wp4-f5,conc,lst,492.0,sim,so4,
oname:conc_otype:lst_usecol:sim_time:493.0_obsid:welopt-ly1_variable:so4,0.000207008,0.0,forecast,,,welopt-ly1,conc,lst,493.0,sim,so4,
oname:conc_otype:lst_usecol:sim_time:493.0_obsid:welopt-ly3_variable:o0,1.06019e-10,0.0,conc,,,welopt-ly3,conc,lst,493.0,sim,o0,
oname:conc_otype:lst_usecol:sim_time:493.0_obsid:welopt-ly3_variable:ph,6.72103,0.0,conc,,,welopt-ly3,conc,lst,493.0,sim,ph,
oname:conc_otype:lst_usecol:sim_time:493.0_obsid:welopt-ly3_variable:so4,0.000864737,0.0,forecast,,,welopt-ly3,conc,lst,493.0,sim,so4,
oname:conc_otype:lst_usecol:sim_time:493.0_obsid:welopt-ly5_variable:so4,0.00085789,0.0,forecast,,,welopt-ly5,conc,lst,493.0,sim,so4,
oname:conc_otype:lst_usecol:sim_time:493.0_obsid:wp1-f3_variable:o0,0.000294343,0.0,conc,,,wp1-f3,conc,lst,493.0,sim,o0,
oname:conc_otype:lst_usecol:sim_time:493.0_obsid:wp1-f3_variable:ph,6.79269,0.0,conc,,,wp1-f3,conc,lst,493.0,sim,ph,
oname:conc_otype:lst_usecol:sim_time:493.0_obsid:wp1-f3_variable:so4,0.000703189,0.0,conc,,,wp1-f3,conc,lst,493.0,sim,so4,
oname:conc_otype:lst_usecol:sim_time:493.0_obsid:wp4-f5_variable:o0,4.29648e-10,0.0,conc,,,wp4-f5,conc,lst,493.0,sim,o0,
oname:conc_otype:lst_usecol:sim_time:493.0_obsid:wp4-f5_variable:ph,6.71782,0.0,conc,,,wp4-f5,conc,lst,493.0,sim,ph,
oname:conc_otype:lst_usecol:sim_time:493.0_obsid:wp4-f5_variable:so4,0.000834518,0.0,conc,,,wp4-f5,conc,lst,493.0,sim,so4,
oname:conc_otype:lst_usecol:sim_time:494.0_obsid:welopt-ly1_variable:so4,0.000207008,0.0,forecast,,,welopt-ly1,conc,lst,494.0,sim,so4,
oname:conc_otype:lst_usecol:sim_time:494.0_obsid:welopt-ly3_variable:o0,1.06019e-10,0.0,conc,,,welopt-ly3,conc,lst,494.0,sim,o0,
oname:conc_otype:lst_usecol:sim_time:494.0_obsid:welopt-ly3_variable:ph,6.72103,0.0,conc,,,welopt-ly3,conc,lst,494.0,sim,ph,
oname:conc_otype:lst_usecol:sim_time:494.0_obsid:welopt-ly3_variable:so4,0.000864737,0.0,forecast,,,welopt-ly3,conc,lst,494.0,sim,so4,
oname:conc_otype:lst_usecol:sim_time:494.0_obsid:welopt-ly5_variable:so4,0.00085789,0.0,forecast,,,welopt-ly5,conc,lst,494.0,sim,so4,
oname:conc_otype:lst_usecol:sim_time:494.0_obsid:wp1-f3_variable:o0,0.000294343,0.0,conc,,,wp1-f3,conc,lst,494.0,sim,o0,
oname:conc_otype:lst_usecol:sim_time:494.0_obsid:wp1-f3_variable:ph,6.79269,0.0,conc,,,wp1-f3,conc,lst,494.0,sim,ph,
oname:conc_otype:lst_usecol:sim_time:494.0_obsid:wp1-f3_variable:so4,0.000703189,0.0,conc,,,wp1-f3,conc,lst,494.0,sim,so4,
oname:conc_otype:lst_usecol:sim_time:494.0_obsid:wp4-f5_variable:o0,4.29648e-10,0.0,conc,,,wp4-f5,conc,lst,494.0,sim,o0,
oname:conc_otype:lst_usecol:sim_time:494.0_obsid:wp4-f5_variable:ph,6.71782,0.0,conc,,,wp4-f5,conc,lst,494.0,sim,ph,
oname:conc_otype:lst_usecol:sim_time:494.0_obsid:wp4-f5_variable:so4,0.000834518,0.0,conc,,,wp4-f5,conc,lst,494.0,sim,so4,
oname:conc_otype:lst_usecol:sim_time:495.0_obsid:welopt-ly1_variable:so4,0.000207008,0.0,forecast,,,welopt-ly1,conc,lst,495.0,sim,so4,
oname:conc_otype:lst_usecol:sim_time:495.0_obsid:welopt-ly3_variable:o0,1.06019e-10,0.0,conc,,,welopt-ly3,conc,lst,495.0,sim,o0,
oname:conc_otype:lst_usecol:sim_time:495.0_obsid:welopt-ly3_variable:ph,6.72103,0.0,conc,,,welopt-ly3,conc,lst,495.0,sim,ph,
oname:conc_otype:lst_usecol:sim_time:495.0_obsid:welopt-ly3_variable:so4,0.000864737,0.0,forecast,,,welopt-ly3,conc,lst,495.0,sim,so4,
oname:conc_otype:lst_usecol:sim_time:495.0_obsid:welopt-ly5_variable:so4,0.00085789,0.0,forecast,,,welopt-ly5,conc,lst,495.0,sim,so4,
oname:conc_otype:lst_usecol:sim_time:495.0_obsid:wp1-f3_variable:o0,0.000294343,0.0,conc,,,wp1-f3,conc,lst,495.0,sim,o0,
oname:conc_otype:lst_usecol:sim_time:495.0_obsid:wp1-f3_variable:ph,6.79269,0.0,conc,,,wp1-f3,conc,lst,495.0,sim,ph,
oname:conc_otype:lst_usecol:sim_time:495.0_obsid:wp1-f3_variable:so4,0.000703189,0.0,conc,,,wp1-f3,conc,lst,495.0,sim,so4,
oname:conc_otype:lst_usecol:sim_time:495.0_obsid:wp4-f5_variable:o0,4.29648e-10,0.0,conc,,,wp4-f5,conc,lst,495.0,sim,o0,
oname:conc_otype:lst_usecol:sim_time:495.0_obsid:wp4-f5_variable:ph,6.71782,0.0,conc,,,wp4-f5,conc,lst,495.0,sim,ph,
oname:conc_otype:lst_usecol:sim_time:495.0_obsid:wp4-f5_variable:so4,0.000834518,0.0,conc,,,wp4-f5,conc,lst,495.0,sim,so4,
oname:conc_otype:lst_usecol:sim_time:496.0_obsid:welopt-ly1_variable:so4,0.000207008,0.0,forecast,,,welopt-ly1,conc,lst,496.0,sim,so4,
oname:conc_otype:lst_usecol:sim_time:496.0_obsid:welopt-ly3_variable:o0,1.06019e-10,0.0,conc,,,welopt-ly3,conc,lst,496.0,sim,o0,
oname:conc_otype:lst_usecol:sim_time:496.0_obsid:welopt-ly3_variable:ph,6.72103,0.0,conc,,,welopt-ly3,conc,lst,496.0,sim,ph,
oname:conc_otype:lst_usecol:sim_time:496.0_obsid:welopt-ly3_variable:so4,0.000864737,0.0,forecast,,,welopt-ly3,conc,lst,496.0,sim,so4,
oname:conc_otype:lst_usecol:sim_time:496.0_obsid:welopt-ly5_variable:so4,0.00085789,0.0,forecast,,,welopt-ly5,conc,lst,496.0,sim,so4,
oname:conc_otype:lst_usecol:sim_time:496.0_obsid:wp1-f3_variable:o0,0.000294343,0.0,conc,,,wp1-f3,conc,lst,496.0,sim,o0,
oname:conc_otype:lst_usecol:sim_time:496.0_obsid:wp1-f3_variable:ph,6.79269,0.0,conc,,,wp1-f3,conc,lst,496.0,sim,ph,
oname:conc_otype:lst_usecol:sim_time:496.0_obsid:wp1-f3_variable:so4,0.000703189,0.0,conc,,,wp1-f3,conc,lst,496.0,sim,so4,
oname:conc_otype:lst_usecol:sim_time:496.0_obsid:wp4-f5_variable:o0,4.29648e-10,0.0,conc,,,wp4-f5,conc,lst,496.0,sim,o0,
oname:conc_otype:lst_usecol:sim_time:496.0_obsid:wp4-f5_variable:ph,6.71782,0.0,conc,,,wp4-f5,conc,lst,496.0,sim,ph,
oname:conc_otype:lst_usecol:sim_time:496.0_obsid:wp4-f5_variable:so4,0.000834518,0.0,conc,,,wp4-f5,conc,lst,496.0,sim,so4,
oname:conc_otype:lst_usecol:sim_time:497.0_obsid:welopt-ly1_variable:so4,0.000207008,0.0,forecast,,,welopt-ly1,conc,lst,497.0,sim,so4,
oname:conc_otype:lst_usecol:sim_time:497.0_obsid:welopt-ly3_variable:o0,1.06019e-10,0.0,conc,,,welopt-ly3,conc,lst,497.0,sim,o0,
oname:conc_otype:lst_usecol:sim_time:497.0_obsid:welopt-ly3_variable:ph,6.72103,0.0,conc,,,welopt-ly3,conc,lst,497.0,sim,ph,
oname:conc_otype:lst_usecol:sim_time:497.0_obsid:welopt-ly3_variable:so4,0.000864737,0.0,forecast,,,welopt-ly3,conc,lst,497.0,sim,so4,
oname:conc_otype:lst_usecol:sim_time:497.0_obsid:welopt-ly5_variable:so4,0.00085789,0.0,forecast,,,welopt-ly5,conc,lst,497.0,sim,so4,
oname:conc_otype:lst_usecol:sim_time:497.0_obsid:wp1-f3_variable:o0,0.000294343,0.0,conc,,,wp1-f3,conc,lst,497.0,sim,o0,
oname:conc_otype:lst_usecol:sim_time:497.0_obsid:wp1-f3_variable:ph,6.79269,0.0,conc,,,wp1-f3,conc,lst,497.0,sim,ph,
oname:conc_otype:lst_usecol:sim_time:497.0_obsid:wp1-f3_variable:so4,0.000703189,0.0,conc,,,wp1-f3,conc,lst,497.0,sim,so4,
oname:conc_otype:lst_usecol:sim_time:497.0_obsid:wp4-f5_variable:o0,4.29648e-10,0.0,conc,,,wp4-f5,conc,lst,497.0,sim,o0,
oname:conc_otype:lst_usecol:sim_time:497.0_obsid:wp4-f5_variable:ph,6.71782,0.0,conc,,,wp4-f5,conc,lst,497.0,sim,ph,
oname:conc_otype:lst_usecol:sim_time:497.0_obsid:wp4-f5_variable:so4,0.000834518,0.0,conc,,,wp4-f5,conc,lst,497.0,sim,so4,
oname:conc_otype:lst_usecol:sim_time:498.0_obsid:welopt-ly1_variable:so4,0.000207008,0.0,forecast,,,welopt-ly1,conc,lst,498.0,sim,so4,
oname:conc_otype:lst_usecol:sim_time:498.0_obsid:welopt-ly3_variable:o0,1.06019e-10,0.0,conc,,,welopt-ly3,conc,lst,498.0,sim,o0,
oname:conc_otype:lst_usecol:sim_time:498.0_obsid:welopt-ly3_variable:ph,6.72103,0.0,conc,,,welopt-ly3,conc,lst,498.0,sim,ph,
oname:conc_otype:lst_usecol:sim_time:498.0_obsid:welopt-ly3_variable:so4,0.000864737,0.0,forecast,,,welopt-ly3,conc,lst,498.0,sim,so4,
oname:conc_otype:lst_usecol:sim_time:498.0_obsid:welopt-ly5_variable:so4,0.00085789,0.0,forecast,,,welopt-ly5,conc,lst,498.0,sim,so4,
oname:conc_otype:lst_usecol:sim_time:498.0_obsid:wp1-f3_variable:o0,0.000294343,0.0,conc,,,wp1-f3,conc,lst,498.0,sim,o0,
oname:conc_otype:lst_usecol:sim_time:498.0_obsid:wp1-f3_variable:ph,6.79269,0.0,conc,,,wp1-f3,conc,lst,498.0,sim,ph,
oname:conc_otype:lst_usecol:sim_time:498.0_obsid:wp1-f3_variable:so4,0.000703189,0.0,conc,,,wp1-f3,conc,lst,498.0,sim,so4,
oname:conc_otype:lst_usecol:sim_time:498.0_obsid:wp4-f5_variable:o0,4.29648e-10,0.0,conc,,,wp4-f5,conc,lst,498.0,sim,o0,
oname:conc_otype:lst_usecol:sim_time:498.0_obsid:wp4-f5_variable:ph,6.71782,0.0,conc,,,wp4-f5,conc,lst,498.0,sim,ph,
oname:conc_otype:lst_usecol:sim_time:498.0_obsid:wp4-f5_variable:so4,0.000834518,0.0,conc,,,wp4-f5,conc,lst,498.0,sim,so4,
oname:conc_otype:lst_usecol:sim_time:499.0_obsid:welopt-ly1_variable:so4,0.000214553,0.0,forecast,,,welopt-ly1,conc,lst,499.0,sim,so4,
oname:conc_otype:lst_usecol:sim_time:499.0_obsid:welopt-ly3_variable:o0,1.31505e-10,0.0,conc,,,welopt-ly3,conc,lst,499.0,sim,o0,
oname:conc_otype:lst_usecol:sim_time:499.0_obsid:welopt-ly3_variable:ph,6.6973,0.0,conc,,,welopt-ly3,conc,lst,499.0,sim,ph,
oname:conc_otype:lst_usecol:sim_time:499.0_obsid:welopt-ly3_variable:so4,0.000861734,0.0,forecast,,,welopt-ly3,conc,lst,499.0,sim,so4,
oname:conc_otype:lst_usecol:sim_time:499.0_obsid:welopt-ly5_variable:so4,0.000845282,0.0,forecast,,,welopt-ly5,conc,lst,499.0,sim,so4,
oname:conc_otype:lst_usecol:sim_time:499.0_obsid:wp1-f3_variable:o0,0.000353047,0.0,conc,,,wp1-f3,conc,lst,499.0,sim,o0,
oname:conc_otype:lst_usecol:sim_time:499.0_obsid:wp1-f3_variable:ph,6.72986,0.0,conc,,,wp1-f3,conc,lst,499.0,sim,ph,
oname:conc_otype:lst_usecol:sim_time:499.0_obsid:wp1-f3_variable:so4,0.000680346,0.0,conc,,,wp1-f3,conc,lst,499.0,sim,so4,
oname:conc_otype:lst_usecol:sim_time:499.0_obsid:wp4-f5_variable:o0,4.99251e-10,0.0,conc,,,wp4-f5,conc,lst,499.0,sim,o0,
oname:conc_otype:lst_usecol:sim_time:499.0_obsid:wp4-f5_variable:ph,6.69435,0.0,conc,,,wp4-f5,conc,lst,499.0,sim,ph,
oname:conc_otype:lst_usecol:sim_time:499.0_obsid:wp4-f5_variable:so4,0.000821607,0.0,conc,,,wp4-f5,conc,lst,499.0,sim,so4,
oname:conc_otype:lst_usecol:sim_time:5.0_obsid:welopt-ly3_variable:o0,0.0,0.0,conc,,,welopt-ly3,conc,lst,5.0,sim,o0,
oname:conc_otype:lst_usecol:sim_time:5.0_obsid:welopt-ly3_variable:ph,6.67491,0.0,conc,,,welopt-ly3,conc,lst,5.0,sim,ph,
oname:conc_otype:lst_usecol:sim_time:5.0_obsid:welopt-ly3_variable:so4,5.51205e-05,0.0,conc,,,welopt-ly3,conc,lst,5.0,sim,so4,
oname:conc_otype:lst_usecol:sim_time:5.0_obsid:wp1-f3_variable:o0,0.0,0.0,conc,,,wp1-f3,conc,lst,5.0,sim,o0,0.000326190128606
oname:conc_otype:lst_usecol:sim_time:5.0_obsid:wp1-f3_variable:ph,6.67484,0.6131393394849658,conc,,,wp1-f3,conc,lst,5.0,sim,ph,1.6309506430300091
oname:conc_otype:lst_usecol:sim_time:5.0_obsid:wp1-f3_variable:so4,5.54049e-05,1226.2786789699317,conc,,,wp1-f3,conc,lst,5.0,sim,so4,0.000815475321515
oname:conc_otype:lst_usecol:sim_time:5.0_obsid:wp4-f5_variable:o0,0.0,0.0,conc,,,wp4-f5,conc,lst,5.0,sim,o0,0.0003181194744117
oname:conc_otype:lst_usecol:sim_time:5.0_obsid:wp4-f5_variable:ph,6.67491,0.6286946134619315,conc,,,wp4-f5,conc,lst,5.0,sim,ph,1.5905973720586868
oname:conc_otype:lst_usecol:sim_time:5.0_obsid:wp4-f5_variable:so4,5.51205e-05,1257.389226923863,conc,,,wp4-f5,conc,lst,5.0,sim,so4,0.0007952986860293
oname:conc_otype:lst_usecol:sim_time:50.0_obsid:welopt-ly3_variable:o0,0.0,0.0,conc,,,welopt-ly3,conc,lst,50.0,sim,o0,
oname:conc_otype:lst_usecol:sim_time:50.0_obsid:welopt-ly3_variable:ph,6.67491,0.0,conc,,,welopt-ly3,conc,lst,50.0,sim,ph,
oname:conc_otype:lst_usecol:sim_time:50.0_obsid:welopt-ly3_variable:so4,5.51095e-05,0.0,conc,,,welopt-ly3,conc,lst,50.0,sim,so4,
oname:conc_otype:lst_usecol:sim_time:50.0_obsid:wp1-f3_variable:o0,1.70044e-10,3065.696697424829,conc,,,wp1-f3,conc,lst,50.0,sim,o0,0.000326190128606
oname:conc_otype:lst_usecol:sim_time:50.0_obsid:wp1-f3_variable:ph,6.74821,0.6131393394849658,conc,,,wp1-f3,conc,lst,50.0,sim,ph,1.6309506430300091
oname:conc_otype:lst_usecol:sim_time:50.0_obsid:wp1-f3_variable:so4,0.000755916,1226.2786789699317,conc,,,wp1-f3,conc,lst,50.0,sim,so4,0.000815475321515
oname:conc_otype:lst_usecol:sim_time:50.0_obsid:wp4-f5_variable:o0,6.01727e-38,3143.4730673096574,conc,,,wp4-f5,conc,lst,50.0,sim,o0,0.0003181194744117
oname:conc_otype:lst_usecol:sim_time:50.0_obsid:wp4-f5_variable:ph,6.65754,0.6286946134619315,conc,,,wp4-f5,conc,lst,50.0,sim,ph,1.5905973720586868
oname:conc_otype:lst_usecol:sim_time:50.0_obsid:wp4-f5_variable:so4,6.97739e-05,1257.389226923863,conc,,,wp4-f5,conc,lst,50.0,sim,so4,0.0007952986860293
oname:conc_otype:lst_usecol:sim_time:500.0_obsid:welopt-ly1_variable:so4,0.000214553,0.0,forecast,,,welopt-ly1,conc,lst,500.0,sim,so4,
oname:conc_otype:lst_usecol:sim_time:500.0_obsid:welopt-ly3_variable:o0,1.31505e-10,0.0,conc,,,welopt-ly3,conc,lst,500.0,sim,o0,
oname:conc_otype:lst_usecol:sim_time:500.0_obsid:welopt-ly3_variable:ph,6.6973,0.0,conc,,,welopt-ly3,conc,lst,500.0,sim,ph,
oname:conc_otype:lst_usecol:sim_time:500.0_obsid:welopt-ly3_variable:so4,0.000861734,0.0,forecast,,,welopt-ly3,conc,lst,500.0,sim,so4,
oname:conc_otype:lst_usecol:sim_time:500.0_obsid:welopt-ly5_variable:so4,0.000845282,0.0,forecast,,,welopt-ly5,conc,lst,500.0,sim,so4,
oname:conc_otype:lst_usecol:sim_time:500.0_obsid:wp1-f3_variable:o0,0.000353047,0.0,conc,,,wp1-f3,conc,lst,500.0,sim,o0,
oname:conc_otype:lst_usecol:sim_time:500.0_obsid:wp1-f3_variable:ph,6.72986,0.0,conc,,,wp1-f3,conc,lst,500.0,sim,ph,
oname:conc_otype:lst_usecol:sim_time:500.0_obsid:wp1-f3_variable:so4,0.000680346,0.0,conc,,,wp1-f3,conc,lst,500.0,sim,so4,
oname:conc_otype:lst_usecol:sim_time:500.0_obsid:wp4-f5_variable:o0,4.99251e-10,0.0,conc,,,wp4-f5,conc,lst,500.0,sim,o0,
oname:conc_otype:lst_usecol:sim_time:500.0_obsid:wp4-f5_variable:ph,6.69435,0.0,conc,,,wp4-f5,conc,lst,500.0,sim,ph,
oname:conc_otype:lst_usecol:sim_time:500.0_obsid:wp4-f5_variable:so4,0.000821607,0.0,conc,,,wp4-f5,conc,lst,500.0,sim,so4,
oname:conc_otype:lst_usecol:sim_time:501.0_obsid:welopt-ly1_variable:so4,0.000214553,0.0,forecast,,,welopt-ly1,conc,lst,501.0,sim,so4,
oname:conc_otype:lst_usecol:sim_time:501.0_obsid:welopt-ly3_variable:o0,1.31505e-10,0.0,conc,,,welopt-ly3,conc,lst,501.0,sim,o0,
oname:conc_otype:lst_usecol:sim_time:501.0_obsid:welopt-ly3_variable:ph,6.6973,0.0,conc,,,welopt-ly3,conc,lst,501.0,sim,ph,
oname:conc_otype:lst_usecol:sim_time:501.0_obsid:welopt-ly3_variable:so4,0.000861734,0.0,forecast,,,welopt-ly3,conc,lst,501.0,sim,so4,
oname:conc_otype:lst_usecol:sim_time:501.0_obsid:welopt-ly5_variable:so4,0.000845282,0.0,forecast,,,welopt-ly5,conc,lst,501.0,sim,so4,
oname:conc_otype:lst_usecol:sim_time:501.0_obsid:wp1-f3_variable:o0,0.000353047,0.0,conc,,,wp1-f3,conc,lst,501.0,sim,o0,
oname:conc_otype:lst_usecol:sim_time:501.0_obsid:wp1-f3_variable:ph,6.72986,0.0,conc,,,wp1-f3,conc,lst,501.0,sim,ph,
oname:conc_otype:lst_usecol:sim_time:501.0_obsid:wp1-f3_variable:so4,0.000680346,0.0,conc,,,wp1-f3,conc,lst,501.0,sim,so4,
oname:conc_otype:lst_usecol:sim_time:501.0_obsid:wp4-f5_variable:o0,4.99251e-10,0.0,conc,,,wp4-f5,conc,lst,501.0,sim,o0,
oname:conc_otype:lst_usecol:sim_time:501.0_obsid:wp4-f5_variable:ph,6.69435,0.0,conc,,,wp4-f5,conc,lst,501.0,sim,ph,
oname:conc_otype:lst_usecol:sim_time:501.0_obsid:wp4-f5_variable:so4,0.000821607,0.0,conc,,,wp4-f5,conc,lst,501.0,sim,so4,
oname:conc_otype:lst_usecol:sim_time:502.0_obsid:welopt-ly1_variable:so4,0.000214553,0.0,forecast,,,welopt-ly1,conc,lst,502.0,sim,so4,
oname:conc_otype:lst_usecol:sim_time:502.0_obsid:welopt-ly3_variable:o0,1.31505e-10,0.0,conc,,,welopt-ly3,conc,lst,502.0,sim,o0,
oname:conc_otype:lst_usecol:sim_time:502.0_obsid:welopt-ly3_variable:ph,6.6973,0.0,conc,,,welopt-ly3,conc,lst,502.0,sim,ph,
oname:conc_otype:lst_usecol:sim_time:502.0_obsid:welopt-ly3_variable:so4,0.000861734,0.0,forecast,,,welopt-ly3,conc,lst,502.0,sim,so4,
oname:conc_otype:lst_usecol:sim_time:502.0_obsid:welopt-ly5_variable:so4,0.000845282,0.0,forecast,,,welopt-ly5,conc,lst,502.0,sim,so4,
oname:conc_otype:lst_usecol:sim_time:502.0_obsid:wp1-f3_variable:o0,0.000353047,0.0,conc,,,wp1-f3,conc,lst,502.0,sim,o0,
oname:conc_otype:lst_usecol:sim_time:502.0_obsid:wp1-f3_variable:ph,6.72986,0.0,conc,,,wp1-f3,conc,lst,502.0,sim,ph,
oname:conc_otype:lst_usecol:sim_time:502.0_obsid:wp1-f3_variable:so4,0.000680346,0.0,conc,,,wp1-f3,conc,lst,502.0,sim,so4,
oname:conc_otype:lst_usecol:sim_time:502.0_obsid:wp4-f5_variable:o0,4.99251e-10,0.0,conc,,,wp4-f5,conc,lst,502.0,sim,o0,
oname:conc_otype:lst_usecol:sim_time:502.0_obsid:wp4-f5_variable:ph,6.69435,0.0,conc,,,wp4-f5,conc,lst,502.0,sim,ph,
oname:conc_otype:lst_usecol:sim_time:502.0_obsid:wp4-f5_variable:so4,0.000821607,0.0,conc,,,wp4-f5,conc,lst,502.0,sim,so4,
oname:conc_otype:lst_usecol:sim_time:503.0_obsid:welopt-ly1_variable:so4,0.000214553,0.0,forecast,,,welopt-ly1,conc,lst,503.0,sim,so4,
oname:conc_otype:lst_usecol:sim_time:503.0_obsid:welopt-ly3_variable:o0,1.31505e-10,0.0,conc,,,welopt-ly3,conc,lst,503.0,sim,o0,
oname:conc_otype:lst_usecol:sim_time:503.0_obsid:welopt-ly3_variable:ph,6.6973,0.0,conc,,,welopt-ly3,conc,lst,503.0,sim,ph,
oname:conc_otype:lst_usecol:sim_time:503.0_obsid:welopt-ly3_variable:so4,0.000861734,0.0,forecast,,,welopt-ly3,conc,lst,503.0,sim,so4,
oname:conc_otype:lst_usecol:sim_time:503.0_obsid:welopt-ly5_variable:so4,0.000845282,0.0,forecast,,,welopt-ly5,conc,lst,503.0,sim,so4,
oname:conc_otype:lst_usecol:sim_time:503.0_obsid:wp1-f3_variable:o0,0.000353047,0.0,conc,,,wp1-f3,conc,lst,503.0,sim,o0,
oname:conc_otype:lst_usecol:sim_time:503.0_obsid:wp1-f3_variable:ph,6.72986,0.0,conc,,,wp1-f3,conc,lst,503.0,sim,ph,
oname:conc_otype:lst_usecol:sim_time:503.0_obsid:wp1-f3_variable:so4,0.000680346,0.0,conc,,,wp1-f3,conc,lst,503.0,sim,so4,
oname:conc_otype:lst_usecol:sim_time:503.0_obsid:wp4-f5_variable:o0,4.99251e-10,0.0,conc,,,wp4-f5,conc,lst,503.0,sim,o0,
oname:conc_otype:lst_usecol:sim_time:503.0_obsid:wp4-f5_variable:ph,6.69435,0.0,conc,,,wp4-f5,conc,lst,503.0,sim,ph,
oname:conc_otype:lst_usecol:sim_time:503.0_obsid:wp4-f5_variable:so4,0.000821607,0.0,conc,,,wp4-f5,conc,lst,503.0,sim,so4,
oname:conc_otype:lst_usecol:sim_time:504.0_obsid:welopt-ly1_variable:so4,0.000214553,0.0,forecast,,,welopt-ly1,conc,lst,504.0,sim,so4,
oname:conc_otype:lst_usecol:sim_time:504.0_obsid:welopt-ly3_variable:o0,1.31505e-10,0.0,conc,,,welopt-ly3,conc,lst,504.0,sim,o0,
oname:conc_otype:lst_usecol:sim_time:504.0_obsid:welopt-ly3_variable:ph,6.6973,0.0,conc,,,welopt-ly3,conc,lst,504.0,sim,ph,
oname:conc_otype:lst_usecol:sim_time:504.0_obsid:welopt-ly3_variable:so4,0.000861734,0.0,forecast,,,welopt-ly3,conc,lst,504.0,sim,so4,
oname:conc_otype:lst_usecol:sim_time:504.0_obsid:welopt-ly5_variable:so4,0.000845282,0.0,forecast,,,welopt-ly5,conc,lst,504.0,sim,so4,
oname:conc_otype:lst_usecol:sim_time:504.0_obsid:wp1-f3_variable:o0,0.000353047,0.0,conc,,,wp1-f3,conc,lst,504.0,sim,o0,
oname:conc_otype:lst_usecol:sim_time:504.0_obsid:wp1-f3_variable:ph,6.72986,0.0,conc,,,wp1-f3,conc,lst,504.0,sim,ph,
oname:conc_otype:lst_usecol:sim_time:504.0_obsid:wp1-f3_variable:so4,0.000680346,0.0,conc,,,wp1-f3,conc,lst,504.0,sim,so4,
oname:conc_otype:lst_usecol:sim_time:504.0_obsid:wp4-f5_variable:o0,4.99251e-10,0.0,conc,,,wp4-f5,conc,lst,504.0,sim,o0,
oname:conc_otype:lst_usecol:sim_time:504.0_obsid:wp4-f5_variable:ph,6.69435,0.0,conc,,,wp4-f5,conc,lst,504.0,sim,ph,
oname:conc_otype:lst_usecol:sim_time:504.0_obsid:wp4-f5_variable:so4,0.000821607,0.0,conc,,,wp4-f5,conc,lst,504.0,sim,so4,
oname:conc_otype:lst_usecol:sim_time:505.0_obsid:welopt-ly1_variable:so4,0.000214553,0.0,forecast,,,welopt-ly1,conc,lst,505.0,sim,so4,
oname:conc_otype:lst_usecol:sim_time:505.0_obsid:welopt-ly3_variable:o0,1.31505e-10,0.0,conc,,,welopt-ly3,conc,lst,505.0,sim,o0,
oname:conc_otype:lst_usecol:sim_time:505.0_obsid:welopt-ly3_variable:ph,6.6973,0.0,conc,,,welopt-ly3,conc,lst,505.0,sim,ph,
oname:conc_otype:lst_usecol:sim_time:505.0_obsid:welopt-ly3_variable:so4,0.000861734,0.0,forecast,,,welopt-ly3,conc,lst,505.0,sim,so4,
oname:conc_otype:lst_usecol:sim_time:505.0_obsid:welopt-ly5_variable:so4,0.000845282,0.0,forecast,,,welopt-ly5,conc,lst,505.0,sim,so4,
oname:conc_otype:lst_usecol:sim_time:505.0_obsid:wp1-f3_variable:o0,0.000353047,0.0,conc,,,wp1-f3,conc,lst,505.0,sim,o0,
oname:conc_otype:lst_usecol:sim_time:505.0_obsid:wp1-f3_variable:ph,6.72986,0.0,conc,,,wp1-f3,conc,lst,505.0,sim,ph,
oname:conc_otype:lst_usecol:sim_time:505.0_obsid:wp1-f3_variable:so4,0.000680346,0.0,conc,,,wp1-f3,conc,lst,505.0,sim,so4,
oname:conc_otype:lst_usecol:sim_time:505.0_obsid:wp4-f5_variable:o0,4.99251e-10,0.0,conc,,,wp4-f5,conc,lst,505.0,sim,o0,
oname:conc_otype:lst_usecol:sim_time:505.0_obsid:wp4-f5_variable:ph,6.69435,0.0,conc,,,wp4-f5,conc,lst,505.0,sim,ph,
oname:conc_otype:lst_usecol:sim_time:505.0_obsid:wp4-f5_variable:so4,0.000821607,0.0,conc,,,wp4-f5,conc,lst,505.0,sim,so4,
oname:conc_otype:lst_usecol:sim_time:506.0_obsid:welopt-ly1_variable:so4,0.00022228,0.0,forecast,,,welopt-ly1,conc,lst,506.0,sim,so4,
oname:conc_otype:lst_usecol:sim_time:506.0_obsid:welopt-ly3_variable:o0,1.56931e-10,0.0,conc,,,welopt-ly3,conc,lst,506.0,sim,o0,
oname:conc_otype:lst_usecol:sim_time:506.0_obsid:welopt-ly3_variable:ph,6.66856,0.0,conc,,,welopt-ly3,conc,lst,506.0,sim,ph,
oname:conc_otype:lst_usecol:sim_time:506.0_obsid:welopt-ly3_variable:so4,0.00085574,0.0,forecast,,,welopt-ly3,conc,lst,506.0,sim,so4,
oname:conc_otype:lst_usecol:sim_time:506.0_obsid:welopt-ly5_variable:so4,0.000826456,0.0,forecast,,,welopt-ly5,conc,lst,506.0,sim,so4,
oname:conc_otype:lst_usecol:sim_time:506.0_obsid:wp1-f3_variable:o0,0.000364049,0.0,conc,,,wp1-f3,conc,lst,506.0,sim,o0,
oname:conc_otype:lst_usecol:sim_time:506.0_obsid:wp1-f3_variable:ph,6.72035,0.0,conc,,,wp1-f3,conc,lst,506.0,sim,ph,
oname:conc_otype:lst_usecol:sim_time:506.0_obsid:wp1-f3_variable:so4,0.000675708,0.0,conc,,,wp1-f3,conc,lst,506.0,sim,so4,
oname:conc_otype:lst_usecol:sim_time:506.0_obsid:wp4-f5_variable:o0,6.81653e-10,0.0,conc,,,wp4-f5,conc,lst,506.0,sim,o0,
oname:conc_otype:lst_usecol:sim_time:506.0_obsid:wp4-f5_variable:ph,6.64374,0.0,conc,,,wp4-f5,conc,lst,506.0,sim,ph,
oname:conc_otype:lst_usecol:sim_time:506.0_obsid:wp4-f5_variable:so4,0.000799849,0.0,conc,,,wp4-f5,conc,lst,506.0,sim,so4,
oname:conc_otype:lst_usecol:sim_time:507.0_obsid:welopt-ly1_variable:so4,0.00022228,0.0,forecast,,,welopt-ly1,conc,lst,507.0,sim,so4,
oname:conc_otype:lst_usecol:sim_time:507.0_obsid:welopt-ly3_variable:o0,1.56931e-10,0.0,conc,,,welopt-ly3,conc,lst,507.0,sim,o0,
oname:conc_otype:lst_usecol:sim_time:507.0_obsid:welopt-ly3_variable:ph,6.66856,0.0,conc,,,welopt-ly3,conc,lst,507.0,sim,ph,
oname:conc_otype:lst_usecol:sim_time:507.0_obsid:welopt-ly3_variable:so4,0.00085574,0.0,forecast,,,welopt-ly3,conc,lst,507.0,sim,so4,
oname:conc_otype:lst_usecol:sim_time:507.0_obsid:welopt-ly5_variable:so4,0.000826456,0.0,forecast,,,welopt-ly5,conc,lst,507.0,sim,so4,
oname:conc_otype:lst_usecol:sim_time:507.0_obsid:wp1-f3_variable:o0,0.000364049,0.0,conc,,,wp1-f3,conc,lst,507.0,sim,o0,
oname:conc_otype:lst_usecol:sim_time:507.0_obsid:wp1-f3_variable:ph,6.72035,0.0,conc,,,wp1-f3,conc,lst,507.0,sim,ph,
oname:conc_otype:lst_usecol:sim_time:507.0_obsid:wp1-f3_variable:so4,0.000675708,0.0,conc,,,wp1-f3,conc,lst,507.0,sim,so4,
oname:conc_otype:lst_usecol:sim_time:507.0_obsid:wp4-f5_variable:o0,6.81653e-10,0.0,conc,,,wp4-f5,conc,lst,507.0,sim,o0,
oname:conc_otype:lst_usecol:sim_time:507.0_obsid:wp4-f5_variable:ph,6.64374,0.0,conc,,,wp4-f5,conc,lst,507.0,sim,ph,
oname:conc_otype:lst_usecol:sim_time:507.0_obsid:wp4-f5_variable:so4,0.000799849,0.0,conc,,,wp4-f5,conc,lst,507.0,sim,so4,
oname:conc_otype:lst_usecol:sim_time:508.0_obsid:welopt-ly1_variable:so4,0.00022228,0.0,forecast,,,welopt-ly1,conc,lst,508.0,sim,so4,
oname:conc_otype:lst_usecol:sim_time:508.0_obsid:welopt-ly3_variable:o0,1.56931e-10,0.0,conc,,,welopt-ly3,conc,lst,508.0,sim,o0,
oname:conc_otype:lst_usecol:sim_time:508.0_obsid:welopt-ly3_variable:ph,6.66856,0.0,conc,,,welopt-ly3,conc,lst,508.0,sim,ph,
oname:conc_otype:lst_usecol:sim_time:508.0_obsid:welopt-ly3_variable:so4,0.00085574,0.0,forecast,,,welopt-ly3,conc,lst,508.0,sim,so4,
oname:conc_otype:lst_usecol:sim_time:508.0_obsid:welopt-ly5_variable:so4,0.000826456,0.0,forecast,,,welopt-ly5,conc,lst,508.0,sim,so4,
oname:conc_otype:lst_usecol:sim_time:508.0_obsid:wp1-f3_variable:o0,0.000364049,0.0,conc,,,wp1-f3,conc,lst,508.0,sim,o0,
oname:conc_otype:lst_usecol:sim_time:508.0_obsid:wp1-f3_variable:ph,6.72035,0.0,conc,,,wp1-f3,conc,lst,508.0,sim,ph,
oname:conc_otype:lst_usecol:sim_time:508.0_obsid:wp1-f3_variable:so4,0.000675708,0.0,conc,,,wp1-f3,conc,lst,508.0,sim,so4,
oname:conc_otype:lst_usecol:sim_time:508.0_obsid:wp4-f5_variable:o0,6.81653e-10,0.0,conc,,,wp4-f5,conc,lst,508.0,sim,o0,
oname:conc_otype:lst_usecol:sim_time:508.0_obsid:wp4-f5_variable:ph,6.64374,0.0,conc,,,wp4-f5,conc,lst,508.0,sim,ph,
oname:conc_otype:lst_usecol:sim_time:508.0_obsid:wp4-f5_variable:so4,0.000799849,0.0,conc,,,wp4-f5,conc,lst,508.0,sim,so4,
oname:conc_otype:lst_usecol:sim_time:509.0_obsid:welopt-ly1_variable:so4,0.00022228,0.0,forecast,,,welopt-ly1,conc,lst,509.0,sim,so4,
oname:conc_otype:lst_usecol:sim_time:509.0_obsid:welopt-ly3_variable:o0,1.56931e-10,0.0,conc,,,welopt-ly3,conc,lst,509.0,sim,o0,
oname:conc_otype:lst_usecol:sim_time:509.0_obsid:welopt-ly3_variable:ph,6.66856,0.0,conc,,,welopt-ly3,conc,lst,509.0,sim,ph,
oname:conc_otype:lst_usecol:sim_time:509.0_obsid:welopt-ly3_variable:so4,0.00085574,0.0,forecast,,,welopt-ly3,conc,lst,509.0,sim,so4,
oname:conc_otype:lst_usecol:sim_time:509.0_obsid:welopt-ly5_variable:so4,0.000826456,0.0,forecast,,,welopt-ly5,conc,lst,509.0,sim,so4,
oname:conc_otype:lst_usecol:sim_time:509.0_obsid:wp1-f3_variable:o0,0.000364049,0.0,conc,,,wp1-f3,conc,lst,509.0,sim,o0,
oname:conc_otype:lst_usecol:sim_time:509.0_obsid:wp1-f3_variable:ph,6.72035,0.0,conc,,,wp1-f3,conc,lst,509.0,sim,ph,
oname:conc_otype:lst_usecol:sim_time:509.0_obsid:wp1-f3_variable:so4,0.000675708,0.0,conc,,,wp1-f3,conc,lst,509.0,sim,so4,
oname:conc_otype:lst_usecol:sim_time:509.0_obsid:wp4-f5_variable:o0,6.81653e-10,0.0,conc,,,wp4-f5,conc,lst,509.0,sim,o0,
oname:conc_otype:lst_usecol:sim_time:509.0_obsid:wp4-f5_variable:ph,6.64374,0.0,conc,,,wp4-f5,conc,lst,509.0,sim,ph,
oname:conc_otype:lst_usecol:sim_time:509.0_obsid:wp4-f5_variable:so4,0.000799849,0.0,conc,,,wp4-f5,conc,lst,509.0,sim,so4,
oname:conc_otype:lst_usecol:sim_time:51.0_obsid:welopt-ly3_variable:o0,0.0,0.0,conc,,,welopt-ly3,conc,lst,51.0,sim,o0,
oname:conc_otype:lst_usecol:sim_time:51.0_obsid:welopt-ly3_variable:ph,6.67491,0.0,conc,,,welopt-ly3,conc,lst,51.0,sim,ph,
oname:conc_otype:lst_usecol:sim_time:51.0_obsid:welopt-ly3_variable:so4,5.51077e-05,0.0,conc,,,welopt-ly3,conc,lst,51.0,sim,so4,
oname:conc_otype:lst_usecol:sim_time:51.0_obsid:wp1-f3_variable:o0,1.13825e-10,3065.696697424829,conc,,,wp1-f3,conc,lst,51.0,sim,o0,0.000326190128606
oname:conc_otype:lst_usecol:sim_time:51.0_obsid:wp1-f3_variable:ph,6.80574,0.6131393394849658,conc,,,wp1-f3,conc,lst,51.0,sim,ph,1.6309506430300091
oname:conc_otype:lst_usecol:sim_time:51.0_obsid:wp1-f3_variable:so4,0.000731898,1226.2786789699317,conc,,,wp1-f3,conc,lst,51.0,sim,so4,0.000815475321515
oname:conc_otype:lst_usecol:sim_time:51.0_obsid:wp4-f5_variable:o0,6.0620199999999995e-37,3143.4730673096574,conc,,,wp4-f5,conc,lst,51.0,sim,o0,0.0003181194744117
oname:conc_otype:lst_usecol:sim_time:51.0_obsid:wp4-f5_variable:ph,6.64892,0.6286946134619315,conc,,,wp4-f5,conc,lst,51.0,sim,ph,1.5905973720586868
oname:conc_otype:lst_usecol:sim_time:51.0_obsid:wp4-f5_variable:so4,9.18483e-05,1257.389226923863,conc,,,wp4-f5,conc,lst,51.0,sim,so4,0.0007952986860293
oname:conc_otype:lst_usecol:sim_time:510.0_obsid:welopt-ly1_variable:so4,0.00022228,0.0,forecast,,,welopt-ly1,conc,lst,510.0,sim,so4,
oname:conc_otype:lst_usecol:sim_time:510.0_obsid:welopt-ly3_variable:o0,1.56931e-10,0.0,conc,,,welopt-ly3,conc,lst,510.0,sim,o0,
oname:conc_otype:lst_usecol:sim_time:510.0_obsid:welopt-ly3_variable:ph,6.66856,0.0,conc,,,welopt-ly3,conc,lst,510.0,sim,ph,
oname:conc_otype:lst_usecol:sim_time:510.0_obsid:welopt-ly3_variable:so4,0.00085574,0.0,forecast,,,welopt-ly3,conc,lst,510.0,sim,so4,
oname:conc_otype:lst_usecol:sim_time:510.0_obsid:welopt-ly5_variable:so4,0.000826456,0.0,forecast,,,welopt-ly5,conc,lst,510.0,sim,so4,
oname:conc_otype:lst_usecol:sim_time:510.0_obsid:wp1-f3_variable:o0,0.000364049,0.0,conc,,,wp1-f3,conc,lst,510.0,sim,o0,
oname:conc_otype:lst_usecol:sim_time:510.0_obsid:wp1-f3_variable:ph,6.72035,0.0,conc,,,wp1-f3,conc,lst,510.0,sim,ph,
oname:conc_otype:lst_usecol:sim_time:510.0_obsid:wp1-f3_variable:so4,0.000675708,0.0,conc,,,wp1-f3,conc,lst,510.0,sim,so4,
oname:conc_otype:lst_usecol:sim_time:510.0_obsid:wp4-f5_variable:o0,6.81653e-10,0.0,conc,,,wp4-f5,conc,lst,510.0,sim,o0,
oname:conc_otype:lst_usecol:sim_time:510.0_obsid:wp4-f5_variable:ph,6.64374,0.0,conc,,,wp4-f5,conc,lst,510.0,sim,ph,
oname:conc_otype:lst_usecol:sim_time:510.0_obsid:wp4-f5_variable:so4,0.000799849,0.0,conc,,,wp4-f5,conc,lst,510.0,sim,so4,
oname:conc_otype:lst_usecol:sim_time:511.0_obsid:welopt-ly1_variable:so4,0.00022228,0.0,forecast,,,welopt-ly1,conc,lst,511.0,sim,so4,
oname:conc_otype:lst_usecol:sim_time:511.0_obsid:welopt-ly3_variable:o0,1.56931e-10,0.0,conc,,,welopt-ly3,conc,lst,511.0,sim,o0,
oname:conc_otype:lst_usecol:sim_time:511.0_obsid:welopt-ly3_variable:ph,6.66856,0.0,conc,,,welopt-ly3,conc,lst,511.0,sim,ph,
oname:conc_otype:lst_usecol:sim_time:511.0_obsid:welopt-ly3_variable:so4,0.00085574,0.0,forecast,,,welopt-ly3,conc,lst,511.0,sim,so4,
oname:conc_otype:lst_usecol:sim_time:511.0_obsid:welopt-ly5_variable:so4,0.000826456,0.0,forecast,,,welopt-ly5,conc,lst,511.0,sim,so4,
oname:conc_otype:lst_usecol:sim_time:511.0_obsid:wp1-f3_variable:o0,0.000364049,0.0,conc,,,wp1-f3,conc,lst,511.0,sim,o0,
oname:conc_otype:lst_usecol:sim_time:511.0_obsid:wp1-f3_variable:ph,6.72035,0.0,conc,,,wp1-f3,conc,lst,511.0,sim,ph,
oname:conc_otype:lst_usecol:sim_time:511.0_obsid:wp1-f3_variable:so4,0.000675708,0.0,conc,,,wp1-f3,conc,lst,511.0,sim,so4,
oname:conc_otype:lst_usecol:sim_time:511.0_obsid:wp4-f5_variable:o0,6.81653e-10,0.0,conc,,,wp4-f5,conc,lst,511.0,sim,o0,
oname:conc_otype:lst_usecol:sim_time:511.0_obsid:wp4-f5_variable:ph,6.64374,0.0,conc,,,wp4-f5,conc,lst,511.0,sim,ph,
oname:conc_otype:lst_usecol:sim_time:511.0_obsid:wp4-f5_variable:so4,0.000799849,0.0,conc,,,wp4-f5,conc,lst,511.0,sim,so4,
oname:conc_otype:lst_usecol:sim_time:512.0_obsid:welopt-ly1_variable:so4,0.00022228,0.0,forecast,,,welopt-ly1,conc,lst,512.0,sim,so4,
oname:conc_otype:lst_usecol:sim_time:512.0_obsid:welopt-ly3_variable:o0,1.56931e-10,0.0,conc,,,welopt-ly3,conc,lst,512.0,sim,o0,
oname:conc_otype:lst_usecol:sim_time:512.0_obsid:welopt-ly3_variable:ph,6.66856,0.0,conc,,,welopt-ly3,conc,lst,512.0,sim,ph,
oname:conc_otype:lst_usecol:sim_time:512.0_obsid:welopt-ly3_variable:so4,0.00085574,0.0,forecast,,,welopt-ly3,conc,lst,512.0,sim,so4,
oname:conc_otype:lst_usecol:sim_time:512.0_obsid:welopt-ly5_variable:so4,0.000826456,0.0,forecast,,,welopt-ly5,conc,lst,512.0,sim,so4,
oname:conc_otype:lst_usecol:sim_time:512.0_obsid:wp1-f3_variable:o0,0.000364049,0.0,conc,,,wp1-f3,conc,lst,512.0,sim,o0,
oname:conc_otype:lst_usecol:sim_time:512.0_obsid:wp1-f3_variable:ph,6.72035,0.0,conc,,,wp1-f3,conc,lst,512.0,sim,ph,
oname:conc_otype:lst_usecol:sim_time:512.0_obsid:wp1-f3_variable:so4,0.000675708,0.0,conc,,,wp1-f3,conc,lst,512.0,sim,so4,
oname:conc_otype:lst_usecol:sim_time:512.0_obsid:wp4-f5_variable:o0,6.81653e-10,0.0,conc,,,wp4-f5,conc,lst,512.0,sim,o0,
oname:conc_otype:lst_usecol:sim_time:512.0_obsid:wp4-f5_variable:ph,6.64374,0.0,conc,,,wp4-f5,conc,lst,512.0,sim,ph,
oname:conc_otype:lst_usecol:sim_time:512.0_obsid:wp4-f5_variable:so4,0.000799849,0.0,conc,,,wp4-f5,conc,lst,512.0,sim,so4,
oname:conc_otype:lst_usecol:sim_time:513.0_obsid:welopt-ly1_variable:so4,0.00023015,0.0,forecast,,,welopt-ly1,conc,lst,513.0,sim,so4,
oname:conc_otype:lst_usecol:sim_time:513.0_obsid:welopt-ly3_variable:o0,1.74666e-10,0.0,conc,,,welopt-ly3,conc,lst,513.0,sim,o0,
oname:conc_otype:lst_usecol:sim_time:513.0_obsid:welopt-ly3_variable:ph,6.64887,0.0,conc,,,welopt-ly3,conc,lst,513.0,sim,ph,
oname:conc_otype:lst_usecol:sim_time:513.0_obsid:welopt-ly3_variable:so4,0.00085063,0.0,forecast,,,welopt-ly3,conc,lst,513.0,sim,so4,
oname:conc_otype:lst_usecol:sim_time:513.0_obsid:welopt-ly5_variable:so4,0.000814088,0.0,forecast,,,welopt-ly5,conc,lst,513.0,sim,so4,
oname:conc_otype:lst_usecol:sim_time:513.0_obsid:wp1-f3_variable:o0,0.00037492,0.0,conc,,,wp1-f3,conc,lst,513.0,sim,o0,
oname:conc_otype:lst_usecol:sim_time:513.0_obsid:wp1-f3_variable:ph,6.71766,0.0,conc,,,wp1-f3,conc,lst,513.0,sim,ph,
oname:conc_otype:lst_usecol:sim_time:513.0_obsid:wp1-f3_variable:so4,0.000673937,0.0,conc,,,wp1-f3,conc,lst,513.0,sim,so4,
oname:conc_otype:lst_usecol:sim_time:513.0_obsid:wp4-f5_variable:o0,9.42541e-10,0.0,conc,,,wp4-f5,conc,lst,513.0,sim,o0,
oname:conc_otype:lst_usecol:sim_time:513.0_obsid:wp4-f5_variable:ph,6.60507,0.0,conc,,,wp4-f5,conc,lst,513.0,sim,ph,
oname:conc_otype:lst_usecol:sim_time:513.0_obsid:wp4-f5_variable:so4,0.000790469,0.0,conc,,,wp4-f5,conc,lst,513.0,sim,so4,
oname:conc_otype:lst_usecol:sim_time:514.0_obsid:welopt-ly1_variable:so4,0.00023015,0.0,forecast,,,welopt-ly1,conc,lst,514.0,sim,so4,
oname:conc_otype:lst_usecol:sim_time:514.0_obsid:welopt-ly3_variable:o0,1.74666e-10,0.0,conc,,,welopt-ly3,conc,lst,514.0,sim,o0,
oname:conc_otype:lst_usecol:sim_time:514.0_obsid:welopt-ly3_variable:ph,6.64887,0.0,conc,,,welopt-ly3,conc,lst,514.0,sim,ph,
oname:conc_otype:lst_usecol:sim_time:514.0_obsid:welopt-ly3_variable:so4,0.00085063,0.0,forecast,,,welopt-ly3,conc,lst,514.0,sim,so4,
oname:conc_otype:lst_usecol:sim_time:514.0_obsid:welopt-ly5_variable:so4,0.000814088,0.0,forecast,,,welopt-ly5,conc,lst,514.0,sim,so4,
oname:conc_otype:lst_usecol:sim_time:514.0_obsid:wp1-f3_variable:o0,0.00037492,0.0,conc,,,wp1-f3,conc,lst,514.0,sim,o0,
oname:conc_otype:lst_usecol:sim_time:514.0_obsid:wp1-f3_variable:ph,6.71766,0.0,conc,,,wp1-f3,conc,lst,514.0,sim,ph,
oname:conc_otype:lst_usecol:sim_time:514.0_obsid:wp1-f3_variable:so4,0.000673937,0.0,conc,,,wp1-f3,conc,lst,514.0,sim,so4,
oname:conc_otype:lst_usecol:sim_time:514.0_obsid:wp4-f5_variable:o0,9.42541e-10,0.0,conc,,,wp4-f5,conc,lst,514.0,sim,o0,
oname:conc_otype:lst_usecol:sim_time:514.0_obsid:wp4-f5_variable:ph,6.60507,0.0,conc,,,wp4-f5,conc,lst,514.0,sim,ph,
oname:conc_otype:lst_usecol:sim_time:514.0_obsid:wp4-f5_variable:so4,0.000790469,0.0,conc,,,wp4-f5,conc,lst,514.0,sim,so4,
oname:conc_otype:lst_usecol:sim_time:515.0_obsid:welopt-ly1_variable:so4,0.00023015,0.0,forecast,,,welopt-ly1,conc,lst,515.0,sim,so4,
oname:conc_otype:lst_usecol:sim_time:515.0_obsid:welopt-ly3_variable:o0,1.74666e-10,0.0,conc,,,welopt-ly3,conc,lst,515.0,sim,o0,
oname:conc_otype:lst_usecol:sim_time:515.0_obsid:welopt-ly3_variable:ph,6.64887,0.0,conc,,,welopt-ly3,conc,lst,515.0,sim,ph,
oname:conc_otype:lst_usecol:sim_time:515.0_obsid:welopt-ly3_variable:so4,0.00085063,0.0,forecast,,,welopt-ly3,conc,lst,515.0,sim,so4,
oname:conc_otype:lst_usecol:sim_time:515.0_obsid:welopt-ly5_variable:so4,0.000814088,0.0,forecast,,,welopt-ly5,conc,lst,515.0,sim,so4,
oname:conc_otype:lst_usecol:sim_time:515.0_obsid:wp1-f3_variable:o0,0.00037492,0.0,conc,,,wp1-f3,conc,lst,515.0,sim,o0,
oname:conc_otype:lst_usecol:sim_time:515.0_obsid:wp1-f3_variable:ph,6.71766,0.0,conc,,,wp1-f3,conc,lst,515.0,sim,ph,
oname:conc_otype:lst_usecol:sim_time:515.0_obsid:wp1-f3_variable:so4,0.000673937,0.0,conc,,,wp1-f3,conc,lst,515.0,sim,so4,
oname:conc_otype:lst_usecol:sim_time:515.0_obsid:wp4-f5_variable:o0,9.42541e-10,0.0,conc,,,wp4-f5,conc,lst,515.0,sim,o0,
oname:conc_otype:lst_usecol:sim_time:515.0_obsid:wp4-f5_variable:ph,6.60507,0.0,conc,,,wp4-f5,conc,lst,515.0,sim,ph,
oname:conc_otype:lst_usecol:sim_time:515.0_obsid:wp4-f5_variable:so4,0.000790469,0.0,conc,,,wp4-f5,conc,lst,515.0,sim,so4,
oname:conc_otype:lst_usecol:sim_time:516.0_obsid:welopt-ly1_variable:so4,0.00023015,0.0,forecast,,,welopt-ly1,conc,lst,516.0,sim,so4,
oname:conc_otype:lst_usecol:sim_time:516.0_obsid:welopt-ly3_variable:o0,1.74666e-10,0.0,conc,,,welopt-ly3,conc,lst,516.0,sim,o0,
oname:conc_otype:lst_usecol:sim_time:516.0_obsid:welopt-ly3_variable:ph,6.64887,0.0,conc,,,welopt-ly3,conc,lst,516.0,sim,ph,
oname:conc_otype:lst_usecol:sim_time:516.0_obsid:welopt-ly3_variable:so4,0.00085063,0.0,forecast,,,welopt-ly3,conc,lst,516.0,sim,so4,
oname:conc_otype:lst_usecol:sim_time:516.0_obsid:welopt-ly5_variable:so4,0.000814088,0.0,forecast,,,welopt-ly5,conc,lst,516.0,sim,so4,
oname:conc_otype:lst_usecol:sim_time:516.0_obsid:wp1-f3_variable:o0,0.00037492,0.0,conc,,,wp1-f3,conc,lst,516.0,sim,o0,
oname:conc_otype:lst_usecol:sim_time:516.0_obsid:wp1-f3_variable:ph,6.71766,0.0,conc,,,wp1-f3,conc,lst,516.0,sim,ph,
oname:conc_otype:lst_usecol:sim_time:516.0_obsid:wp1-f3_variable:so4,0.000673937,0.0,conc,,,wp1-f3,conc,lst,516.0,sim,so4,
oname:conc_otype:lst_usecol:sim_time:516.0_obsid:wp4-f5_variable:o0,9.42541e-10,0.0,conc,,,wp4-f5,conc,lst,516.0,sim,o0,
oname:conc_otype:lst_usecol:sim_time:516.0_obsid:wp4-f5_variable:ph,6.60507,0.0,conc,,,wp4-f5,conc,lst,516.0,sim,ph,
oname:conc_otype:lst_usecol:sim_time:516.0_obsid:wp4-f5_variable:so4,0.000790469,0.0,conc,,,wp4-f5,conc,lst,516.0,sim,so4,
oname:conc_otype:lst_usecol:sim_time:517.0_obsid:welopt-ly1_variable:so4,0.00023015,0.0,forecast,,,welopt-ly1,conc,lst,517.0,sim,so4,
oname:conc_otype:lst_usecol:sim_time:517.0_obsid:welopt-ly3_variable:o0,1.74666e-10,0.0,conc,,,welopt-ly3,conc,lst,517.0,sim,o0,
oname:conc_otype:lst_usecol:sim_time:517.0_obsid:welopt-ly3_variable:ph,6.64887,0.0,conc,,,welopt-ly3,conc,lst,517.0,sim,ph,
oname:conc_otype:lst_usecol:sim_time:517.0_obsid:welopt-ly3_variable:so4,0.00085063,0.0,forecast,,,welopt-ly3,conc,lst,517.0,sim,so4,
oname:conc_otype:lst_usecol:sim_time:517.0_obsid:welopt-ly5_variable:so4,0.000814088,0.0,forecast,,,welopt-ly5,conc,lst,517.0,sim,so4,
oname:conc_otype:lst_usecol:sim_time:517.0_obsid:wp1-f3_variable:o0,0.00037492,0.0,conc,,,wp1-f3,conc,lst,517.0,sim,o0,
oname:conc_otype:lst_usecol:sim_time:517.0_obsid:wp1-f3_variable:ph,6.71766,0.0,conc,,,wp1-f3,conc,lst,517.0,sim,ph,
oname:conc_otype:lst_usecol:sim_time:517.0_obsid:wp1-f3_variable:so4,0.000673937,0.0,conc,,,wp1-f3,conc,lst,517.0,sim,so4,
oname:conc_otype:lst_usecol:sim_time:517.0_obsid:wp4-f5_variable:o0,9.42541e-10,0.0,conc,,,wp4-f5,conc,lst,517.0,sim,o0,
oname:conc_otype:lst_usecol:sim_time:517.0_obsid:wp4-f5_variable:ph,6.60507,0.0,conc,,,wp4-f5,conc,lst,517.0,sim,ph,
oname:conc_otype:lst_usecol:sim_time:517.0_obsid:wp4-f5_variable:so4,0.000790469,0.0,conc,,,wp4-f5,conc,lst,517.0,sim,so4,
oname:conc_otype:lst_usecol:sim_time:518.06_obsid:wp1-f3_variable:o0,0.00037492,0.0,conc,,,wp1-f3,conc,lst,518.06,sim,o0,
oname:conc_otype:lst_usecol:sim_time:518.06_obsid:wp1-f3_variable:ph,6.71766,0.0,conc,,,wp1-f3,conc,lst,518.06,sim,ph,
oname:conc_otype:lst_usecol:sim_time:518.06_obsid:wp1-f3_variable:so4,0.000673937,0.0,conc,,,wp1-f3,conc,lst,518.06,sim,so4,
oname:conc_otype:lst_usecol:sim_time:518.0_obsid:welopt-ly1_variable:so4,0.00023015,0.0,forecast,,,welopt-ly1,conc,lst,518.0,sim,so4,
oname:conc_otype:lst_usecol:sim_time:518.0_obsid:welopt-ly3_variable:o0,1.74666e-10,0.0,conc,,,welopt-ly3,conc,lst,518.0,sim,o0,
oname:conc_otype:lst_usecol:sim_time:518.0_obsid:welopt-ly3_variable:ph,6.64887,0.0,conc,,,welopt-ly3,conc,lst,518.0,sim,ph,
oname:conc_otype:lst_usecol:sim_time:518.0_obsid:welopt-ly3_variable:so4,0.00085063,0.0,forecast,,,welopt-ly3,conc,lst,518.0,sim,so4,
oname:conc_otype:lst_usecol:sim_time:518.0_obsid:welopt-ly5_variable:so4,0.000814088,0.0,forecast,,,welopt-ly5,conc,lst,518.0,sim,so4,
oname:conc_otype:lst_usecol:sim_time:518.0_obsid:wp1-f3_variable:o0,0.00037492,0.0,conc,,,wp1-f3,conc,lst,518.0,sim,o0,
oname:conc_otype:lst_usecol:sim_time:518.0_obsid:wp1-f3_variable:ph,6.71766,0.0,conc,,,wp1-f3,conc,lst,518.0,sim,ph,
oname:conc_otype:lst_usecol:sim_time:518.0_obsid:wp1-f3_variable:so4,0.000673937,0.0,conc,,,wp1-f3,conc,lst,518.0,sim,so4,
oname:conc_otype:lst_usecol:sim_time:518.0_obsid:wp4-f5_variable:o0,9.42541e-10,0.0,conc,,,wp4-f5,conc,lst,518.0,sim,o0,
oname:conc_otype:lst_usecol:sim_time:518.0_obsid:wp4-f5_variable:ph,6.60507,0.0,conc,,,wp4-f5,conc,lst,518.0,sim,ph,
oname:conc_otype:lst_usecol:sim_time:518.0_obsid:wp4-f5_variable:so4,0.000790469,0.0,conc,,,wp4-f5,conc,lst,518.0,sim,so4,
oname:conc_otype:lst_usecol:sim_time:519.0_obsid:welopt-ly1_variable:so4,0.00023015,0.0,forecast,,,welopt-ly1,conc,lst,519.0,sim,so4,
oname:conc_otype:lst_usecol:sim_time:519.0_obsid:welopt-ly3_variable:o0,1.74666e-10,0.0,conc,,,welopt-ly3,conc,lst,519.0,sim,o0,
oname:conc_otype:lst_usecol:sim_time:519.0_obsid:welopt-ly3_variable:ph,6.64887,0.0,conc,,,welopt-ly3,conc,lst,519.0,sim,ph,
oname:conc_otype:lst_usecol:sim_time:519.0_obsid:welopt-ly3_variable:so4,0.00085063,0.0,forecast,,,welopt-ly3,conc,lst,519.0,sim,so4,
oname:conc_otype:lst_usecol:sim_time:519.0_obsid:welopt-ly5_variable:so4,0.000814088,0.0,forecast,,,welopt-ly5,conc,lst,519.0,sim,so4,
oname:conc_otype:lst_usecol:sim_time:519.0_obsid:wp1-f3_variable:o0,0.00037492,0.0,conc,,,wp1-f3,conc,lst,519.0,sim,o0,
oname:conc_otype:lst_usecol:sim_time:519.0_obsid:wp1-f3_variable:ph,6.71766,0.0,conc,,,wp1-f3,conc,lst,519.0,sim,ph,
oname:conc_otype:lst_usecol:sim_time:519.0_obsid:wp1-f3_variable:so4,0.000673937,0.0,conc,,,wp1-f3,conc,lst,519.0,sim,so4,
oname:conc_otype:lst_usecol:sim_time:519.0_obsid:wp4-f5_variable:o0,9.42541e-10,0.0,conc,,,wp4-f5,conc,lst,519.0,sim,o0,
oname:conc_otype:lst_usecol:sim_time:519.0_obsid:wp4-f5_variable:ph,6.60507,0.0,conc,,,wp4-f5,conc,lst,519.0,sim,ph,
oname:conc_otype:lst_usecol:sim_time:519.0_obsid:wp4-f5_variable:so4,0.000790469,0.0,conc,,,wp4-f5,conc,lst,519.0,sim,so4,
oname:conc_otype:lst_usecol:sim_time:52.0_obsid:welopt-ly3_variable:o0,0.0,0.0,conc,,,welopt-ly3,conc,lst,52.0,sim,o0,
oname:conc_otype:lst_usecol:sim_time:52.0_obsid:welopt-ly3_variable:ph,6.67491,0.0,conc,,,welopt-ly3,conc,lst,52.0,sim,ph,
oname:conc_otype:lst_usecol:sim_time:52.0_obsid:welopt-ly3_variable:so4,5.51077e-05,0.0,conc,,,welopt-ly3,conc,lst,52.0,sim,so4,
oname:conc_otype:lst_usecol:sim_time:52.0_obsid:wp1-f3_variable:o0,1.13825e-10,3065.696697424829,conc,,,wp1-f3,conc,lst,52.0,sim,o0,0.000326190128606
oname:conc_otype:lst_usecol:sim_time:52.0_obsid:wp1-f3_variable:ph,6.80574,0.6131393394849658,conc,,,wp1-f3,conc,lst,52.0,sim,ph,1.6309506430300091
oname:conc_otype:lst_usecol:sim_time:52.0_obsid:wp1-f3_variable:so4,0.000731898,1226.2786789699317,conc,,,wp1-f3,conc,lst,52.0,sim,so4,0.000815475321515
oname:conc_otype:lst_usecol:sim_time:52.0_obsid:wp4-f5_variable:o0,6.0620199999999995e-37,3143.4730673096574,conc,,,wp4-f5,conc,lst,52.0,sim,o0,0.0003181194744117
oname:conc_otype:lst_usecol:sim_time:52.0_obsid:wp4-f5_variable:ph,6.64892,0.6286946134619315,conc,,,wp4-f5,conc,lst,52.0,sim,ph,1.5905973720586868
oname:conc_otype:lst_usecol:sim_time:52.0_obsid:wp4-f5_variable:so4,9.18483e-05,1257.389226923863,conc,,,wp4-f5,conc,lst,52.0,sim,so4,0.0007952986860293
oname:conc_otype:lst_usecol:sim_time:520.0_obsid:welopt-ly1_variable:so4,0.000238118,0.0,forecast,,,welopt-ly1,conc,lst,520.0,sim,so4,
oname:conc_otype:lst_usecol:sim_time:520.0_obsid:welopt-ly3_variable:o0,1.90615e-10,0.0,conc,,,welopt-ly3,conc,lst,520.0,sim,o0,
oname:conc_otype:lst_usecol:sim_time:520.0_obsid:welopt-ly3_variable:ph,6.63526,0.0,conc,,,welopt-ly3,conc,lst,520.0,sim,ph,
oname:conc_otype:lst_usecol:sim_time:520.0_obsid:welopt-ly3_variable:so4,0.000845416,0.0,forecast,,,welopt-ly3,conc,lst,520.0,sim,so4,
oname:conc_otype:lst_usecol:sim_time:520.0_obsid:welopt-ly5_variable:so4,0.000805751,0.0,forecast,,,welopt-ly5,conc,lst,520.0,sim,so4,
oname:conc_otype:lst_usecol:sim_time:520.0_obsid:wp1-f3_variable:o0,0.000382222,0.0,conc,,,wp1-f3,conc,lst,520.0,sim,o0,
oname:conc_otype:lst_usecol:sim_time:520.0_obsid:wp1-f3_variable:ph,6.70319,0.0,conc,,,wp1-f3,conc,lst,520.0,sim,ph,
oname:conc_otype:lst_usecol:sim_time:520.0_obsid:wp1-f3_variable:so4,0.000626252,0.0,conc,,,wp1-f3,conc,lst,520.0,sim,so4,
oname:conc_otype:lst_usecol:sim_time:520.0_obsid:wp4-f5_variable:o0,1.10576e-09,0.0,conc,,,wp4-f5,conc,lst,520.0,sim,o0,
oname:conc_otype:lst_usecol:sim_time:520.0_obsid:wp4-f5_variable:ph,6.58818,0.0,conc,,,wp4-f5,conc,lst,520.0,sim,ph,
oname:conc_otype:lst_usecol:sim_time:520.0_obsid:wp4-f5_variable:so4,0.000788357,0.0,conc,,,wp4-f5,conc,lst,520.0,sim,so4,
oname:conc_otype:lst_usecol:sim_time:521.0_obsid:welopt-ly1_variable:so4,0.000238118,0.0,forecast,,,welopt-ly1,conc,lst,521.0,sim,so4,
oname:conc_otype:lst_usecol:sim_time:521.0_obsid:welopt-ly3_variable:o0,1.90615e-10,0.0,conc,,,welopt-ly3,conc,lst,521.0,sim,o0,
oname:conc_otype:lst_usecol:sim_time:521.0_obsid:welopt-ly3_variable:ph,6.63526,0.0,conc,,,welopt-ly3,conc,lst,521.0,sim,ph,
oname:conc_otype:lst_usecol:sim_time:521.0_obsid:welopt-ly3_variable:so4,0.000845416,0.0,forecast,,,welopt-ly3,conc,lst,521.0,sim,so4,
oname:conc_otype:lst_usecol:sim_time:521.0_obsid:welopt-ly5_variable:so4,0.000805751,0.0,forecast,,,welopt-ly5,conc,lst,521.0,sim,so4,
oname:conc_otype:lst_usecol:sim_time:521.0_obsid:wp1-f3_variable:o0,0.000382222,0.0,conc,,,wp1-f3,conc,lst,521.0,sim,o0,
oname:conc_otype:lst_usecol:sim_time:521.0_obsid:wp1-f3_variable:ph,6.70319,0.0,conc,,,wp1-f3,conc,lst,521.0,sim,ph,
oname:conc_otype:lst_usecol:sim_time:521.0_obsid:wp1-f3_variable:so4,0.000626252,0.0,conc,,,wp1-f3,conc,lst,521.0,sim,so4,
oname:conc_otype:lst_usecol:sim_time:521.0_obsid:wp4-f5_variable:o0,1.10576e-09,0.0,conc,,,wp4-f5,conc,lst,521.0,sim,o0,
oname:conc_otype:lst_usecol:sim_time:521.0_obsid:wp4-f5_variable:ph,6.58818,0.0,conc,,,wp4-f5,conc,lst,521.0,sim,ph,
oname:conc_otype:lst_usecol:sim_time:521.0_obsid:wp4-f5_variable:so4,0.000788357,0.0,conc,,,wp4-f5,conc,lst,521.0,sim,so4,
oname:conc_otype:lst_usecol:sim_time:522.0_obsid:welopt-ly1_variable:so4,0.000238118,0.0,forecast,,,welopt-ly1,conc,lst,522.0,sim,so4,
oname:conc_otype:lst_usecol:sim_time:522.0_obsid:welopt-ly3_variable:o0,1.90615e-10,0.0,conc,,,welopt-ly3,conc,lst,522.0,sim,o0,
oname:conc_otype:lst_usecol:sim_time:522.0_obsid:welopt-ly3_variable:ph,6.63526,0.0,conc,,,welopt-ly3,conc,lst,522.0,sim,ph,
oname:conc_otype:lst_usecol:sim_time:522.0_obsid:welopt-ly3_variable:so4,0.000845416,0.0,forecast,,,welopt-ly3,conc,lst,522.0,sim,so4,
oname:conc_otype:lst_usecol:sim_time:522.0_obsid:welopt-ly5_variable:so4,0.000805751,0.0,forecast,,,welopt-ly5,conc,lst,522.0,sim,so4,
oname:conc_otype:lst_usecol:sim_time:522.0_obsid:wp1-f3_variable:o0,0.000382222,0.0,conc,,,wp1-f3,conc,lst,522.0,sim,o0,
oname:conc_otype:lst_usecol:sim_time:522.0_obsid:wp1-f3_variable:ph,6.70319,0.0,conc,,,wp1-f3,conc,lst,522.0,sim,ph,
oname:conc_otype:lst_usecol:sim_time:522.0_obsid:wp1-f3_variable:so4,0.000626252,0.0,conc,,,wp1-f3,conc,lst,522.0,sim,so4,
oname:conc_otype:lst_usecol:sim_time:522.0_obsid:wp4-f5_variable:o0,1.10576e-09,0.0,conc,,,wp4-f5,conc,lst,522.0,sim,o0,
oname:conc_otype:lst_usecol:sim_time:522.0_obsid:wp4-f5_variable:ph,6.58818,0.0,conc,,,wp4-f5,conc,lst,522.0,sim,ph,
oname:conc_otype:lst_usecol:sim_time:522.0_obsid:wp4-f5_variable:so4,0.000788357,0.0,conc,,,wp4-f5,conc,lst,522.0,sim,so4,
oname:conc_otype:lst_usecol:sim_time:523.0_obsid:welopt-ly1_variable:so4,0.000238118,0.0,forecast,,,welopt-ly1,conc,lst,523.0,sim,so4,
oname:conc_otype:lst_usecol:sim_time:523.0_obsid:welopt-ly3_variable:o0,1.90615e-10,0.0,conc,,,welopt-ly3,conc,lst,523.0,sim,o0,
oname:conc_otype:lst_usecol:sim_time:523.0_obsid:welopt-ly3_variable:ph,6.63526,0.0,conc,,,welopt-ly3,conc,lst,523.0,sim,ph,
oname:conc_otype:lst_usecol:sim_time:523.0_obsid:welopt-ly3_variable:so4,0.000845416,0.0,forecast,,,welopt-ly3,conc,lst,523.0,sim,so4,
oname:conc_otype:lst_usecol:sim_time:523.0_obsid:welopt-ly5_variable:so4,0.000805751,0.0,forecast,,,welopt-ly5,conc,lst,523.0,sim,so4,
oname:conc_otype:lst_usecol:sim_time:523.0_obsid:wp1-f3_variable:o0,0.000382222,0.0,conc,,,wp1-f3,conc,lst,523.0,sim,o0,
oname:conc_otype:lst_usecol:sim_time:523.0_obsid:wp1-f3_variable:ph,6.70319,0.0,conc,,,wp1-f3,conc,lst,523.0,sim,ph,
oname:conc_otype:lst_usecol:sim_time:523.0_obsid:wp1-f3_variable:so4,0.000626252,0.0,conc,,,wp1-f3,conc,lst,523.0,sim,so4,
oname:conc_otype:lst_usecol:sim_time:523.0_obsid:wp4-f5_variable:o0,1.10576e-09,0.0,conc,,,wp4-f5,conc,lst,523.0,sim,o0,
oname:conc_otype:lst_usecol:sim_time:523.0_obsid:wp4-f5_variable:ph,6.58818,0.0,conc,,,wp4-f5,conc,lst,523.0,sim,ph,
oname:conc_otype:lst_usecol:sim_time:523.0_obsid:wp4-f5_variable:so4,0.000788357,0.0,conc,,,wp4-f5,conc,lst,523.0,sim,so4,
oname:conc_otype:lst_usecol:sim_time:524.0_obsid:welopt-ly1_variable:so4,0.000238118,0.0,forecast,,,welopt-ly1,conc,lst,524.0,sim,so4,
oname:conc_otype:lst_usecol:sim_time:524.0_obsid:welopt-ly3_variable:o0,1.90615e-10,0.0,conc,,,welopt-ly3,conc,lst,524.0,sim,o0,
oname:conc_otype:lst_usecol:sim_time:524.0_obsid:welopt-ly3_variable:ph,6.63526,0.0,conc,,,welopt-ly3,conc,lst,524.0,sim,ph,
oname:conc_otype:lst_usecol:sim_time:524.0_obsid:welopt-ly3_variable:so4,0.000845416,0.0,forecast,,,welopt-ly3,conc,lst,524.0,sim,so4,
oname:conc_otype:lst_usecol:sim_time:524.0_obsid:welopt-ly5_variable:so4,0.000805751,0.0,forecast,,,welopt-ly5,conc,lst,524.0,sim,so4,
oname:conc_otype:lst_usecol:sim_time:524.0_obsid:wp1-f3_variable:o0,0.000382222,0.0,conc,,,wp1-f3,conc,lst,524.0,sim,o0,
oname:conc_otype:lst_usecol:sim_time:524.0_obsid:wp1-f3_variable:ph,6.70319,0.0,conc,,,wp1-f3,conc,lst,524.0,sim,ph,
oname:conc_otype:lst_usecol:sim_time:524.0_obsid:wp1-f3_variable:so4,0.000626252,0.0,conc,,,wp1-f3,conc,lst,524.0,sim,so4,
oname:conc_otype:lst_usecol:sim_time:524.0_obsid:wp4-f5_variable:o0,1.10576e-09,0.0,conc,,,wp4-f5,conc,lst,524.0,sim,o0,
oname:conc_otype:lst_usecol:sim_time:524.0_obsid:wp4-f5_variable:ph,6.58818,0.0,conc,,,wp4-f5,conc,lst,524.0,sim,ph,
oname:conc_otype:lst_usecol:sim_time:524.0_obsid:wp4-f5_variable:so4,0.000788357,0.0,conc,,,wp4-f5,conc,lst,524.0,sim,so4,
oname:conc_otype:lst_usecol:sim_time:525.0_obsid:welopt-ly1_variable:so4,0.000238118,0.0,forecast,,,welopt-ly1,conc,lst,525.0,sim,so4,
oname:conc_otype:lst_usecol:sim_time:525.0_obsid:welopt-ly3_variable:o0,1.90615e-10,0.0,conc,,,welopt-ly3,conc,lst,525.0,sim,o0,
oname:conc_otype:lst_usecol:sim_time:525.0_obsid:welopt-ly3_variable:ph,6.63526,0.0,conc,,,welopt-ly3,conc,lst,525.0,sim,ph,
oname:conc_otype:lst_usecol:sim_time:525.0_obsid:welopt-ly3_variable:so4,0.000845416,0.0,forecast,,,welopt-ly3,conc,lst,525.0,sim,so4,
oname:conc_otype:lst_usecol:sim_time:525.0_obsid:welopt-ly5_variable:so4,0.000805751,0.0,forecast,,,welopt-ly5,conc,lst,525.0,sim,so4,
oname:conc_otype:lst_usecol:sim_time:525.0_obsid:wp1-f3_variable:o0,0.000382222,0.0,conc,,,wp1-f3,conc,lst,525.0,sim,o0,
oname:conc_otype:lst_usecol:sim_time:525.0_obsid:wp1-f3_variable:ph,6.70319,0.0,conc,,,wp1-f3,conc,lst,525.0,sim,ph,
oname:conc_otype:lst_usecol:sim_time:525.0_obsid:wp1-f3_variable:so4,0.000626252,0.0,conc,,,wp1-f3,conc,lst,525.0,sim,so4,
oname:conc_otype:lst_usecol:sim_time:525.0_obsid:wp4-f5_variable:o0,1.10576e-09,0.0,conc,,,wp4-f5,conc,lst,525.0,sim,o0,
oname:conc_otype:lst_usecol:sim_time:525.0_obsid:wp4-f5_variable:ph,6.58818,0.0,conc,,,wp4-f5,conc,lst,525.0,sim,ph,
oname:conc_otype:lst_usecol:sim_time:525.0_obsid:wp4-f5_variable:so4,0.000788357,0.0,conc,,,wp4-f5,conc,lst,525.0,sim,so4,
oname:conc_otype:lst_usecol:sim_time:526.0_obsid:welopt-ly1_variable:so4,0.000238118,0.0,forecast,,,welopt-ly1,conc,lst,526.0,sim,so4,
oname:conc_otype:lst_usecol:sim_time:526.0_obsid:welopt-ly3_variable:o0,1.90615e-10,0.0,conc,,,welopt-ly3,conc,lst,526.0,sim,o0,
oname:conc_otype:lst_usecol:sim_time:526.0_obsid:welopt-ly3_variable:ph,6.63526,0.0,conc,,,welopt-ly3,conc,lst,526.0,sim,ph,
oname:conc_otype:lst_usecol:sim_time:526.0_obsid:welopt-ly3_variable:so4,0.000845416,0.0,forecast,,,welopt-ly3,conc,lst,526.0,sim,so4,
oname:conc_otype:lst_usecol:sim_time:526.0_obsid:welopt-ly5_variable:so4,0.000805751,0.0,forecast,,,welopt-ly5,conc,lst,526.0,sim,so4,
oname:conc_otype:lst_usecol:sim_time:526.0_obsid:wp1-f3_variable:o0,0.000382222,0.0,conc,,,wp1-f3,conc,lst,526.0,sim,o0,
oname:conc_otype:lst_usecol:sim_time:526.0_obsid:wp1-f3_variable:ph,6.70319,0.0,conc,,,wp1-f3,conc,lst,526.0,sim,ph,
oname:conc_otype:lst_usecol:sim_time:526.0_obsid:wp1-f3_variable:so4,0.000626252,0.0,conc,,,wp1-f3,conc,lst,526.0,sim,so4,
oname:conc_otype:lst_usecol:sim_time:526.0_obsid:wp4-f5_variable:o0,1.10576e-09,0.0,conc,,,wp4-f5,conc,lst,526.0,sim,o0,
oname:conc_otype:lst_usecol:sim_time:526.0_obsid:wp4-f5_variable:ph,6.58818,0.0,conc,,,wp4-f5,conc,lst,526.0,sim,ph,
oname:conc_otype:lst_usecol:sim_time:526.0_obsid:wp4-f5_variable:so4,0.000788357,0.0,conc,,,wp4-f5,conc,lst,526.0,sim,so4,
oname:conc_otype:lst_usecol:sim_time:527.0_obsid:welopt-ly1_variable:so4,0.000246167,0.0,forecast,,,welopt-ly1,conc,lst,527.0,sim,so4,
oname:conc_otype:lst_usecol:sim_time:527.0_obsid:welopt-ly3_variable:o0,2.05713e-10,0.0,conc,,,welopt-ly3,conc,lst,527.0,sim,o0,
oname:conc_otype:lst_usecol:sim_time:527.0_obsid:welopt-ly3_variable:ph,6.62002,0.0,conc,,,welopt-ly3,conc,lst,527.0,sim,ph,
oname:conc_otype:lst_usecol:sim_time:527.0_obsid:welopt-ly3_variable:so4,0.0008398,0.0,forecast,,,welopt-ly3,conc,lst,527.0,sim,so4,
oname:conc_otype:lst_usecol:sim_time:527.0_obsid:welopt-ly5_variable:so4,0.000757606,0.0,forecast,,,welopt-ly5,conc,lst,527.0,sim,so4,
oname:conc_otype:lst_usecol:sim_time:527.0_obsid:wp1-f3_variable:o0,0.000382864,0.0,conc,,,wp1-f3,conc,lst,527.0,sim,o0,
oname:conc_otype:lst_usecol:sim_time:527.0_obsid:wp1-f3_variable:ph,6.66319,0.0,conc,,,wp1-f3,conc,lst,527.0,sim,ph,
oname:conc_otype:lst_usecol:sim_time:527.0_obsid:wp1-f3_variable:so4,0.000527519,0.0,conc,,,wp1-f3,conc,lst,527.0,sim,so4,
oname:conc_otype:lst_usecol:sim_time:527.0_obsid:wp4-f5_variable:o0,1.7285e-09,0.0,conc,,,wp4-f5,conc,lst,527.0,sim,o0,
oname:conc_otype:lst_usecol:sim_time:527.0_obsid:wp4-f5_variable:ph,6.55763,0.0,conc,,,wp4-f5,conc,lst,527.0,sim,ph,
oname:conc_otype:lst_usecol:sim_time:527.0_obsid:wp4-f5_variable:so4,0.000726854,0.0,conc,,,wp4-f5,conc,lst,527.0,sim,so4,
oname:conc_otype:lst_usecol:sim_time:528.0_obsid:welopt-ly1_variable:so4,0.000246167,0.0,forecast,,,welopt-ly1,conc,lst,528.0,sim,so4,
oname:conc_otype:lst_usecol:sim_time:528.0_obsid:welopt-ly3_variable:o0,2.05713e-10,0.0,conc,,,welopt-ly3,conc,lst,528.0,sim,o0,
oname:conc_otype:lst_usecol:sim_time:528.0_obsid:welopt-ly3_variable:ph,6.62002,0.0,conc,,,welopt-ly3,conc,lst,528.0,sim,ph,
oname:conc_otype:lst_usecol:sim_time:528.0_obsid:welopt-ly3_variable:so4,0.0008398,0.0,forecast,,,welopt-ly3,conc,lst,528.0,sim,so4,
oname:conc_otype:lst_usecol:sim_time:528.0_obsid:welopt-ly5_variable:so4,0.000757606,0.0,forecast,,,welopt-ly5,conc,lst,528.0,sim,so4,
oname:conc_otype:lst_usecol:sim_time:528.0_obsid:wp1-f3_variable:o0,0.000382864,0.0,conc,,,wp1-f3,conc,lst,528.0,sim,o0,
oname:conc_otype:lst_usecol:sim_time:528.0_obsid:wp1-f3_variable:ph,6.66319,0.0,conc,,,wp1-f3,conc,lst,528.0,sim,ph,
oname:conc_otype:lst_usecol:sim_time:528.0_obsid:wp1-f3_variable:so4,0.000527519,0.0,conc,,,wp1-f3,conc,lst,528.0,sim,so4,
oname:conc_otype:lst_usecol:sim_time:528.0_obsid:wp4-f5_variable:o0,1.7285e-09,0.0,conc,,,wp4-f5,conc,lst,528.0,sim,o0,
oname:conc_otype:lst_usecol:sim_time:528.0_obsid:wp4-f5_variable:ph,6.55763,0.0,conc,,,wp4-f5,conc,lst,528.0,sim,ph,
oname:conc_otype:lst_usecol:sim_time:528.0_obsid:wp4-f5_variable:so4,0.000726854,0.0,conc,,,wp4-f5,conc,lst,528.0,sim,so4,
oname:conc_otype:lst_usecol:sim_time:529.0_obsid:welopt-ly1_variable:so4,0.000246167,0.0,forecast,,,welopt-ly1,conc,lst,529.0,sim,so4,
oname:conc_otype:lst_usecol:sim_time:529.0_obsid:welopt-ly3_variable:o0,2.05713e-10,0.0,conc,,,welopt-ly3,conc,lst,529.0,sim,o0,
oname:conc_otype:lst_usecol:sim_time:529.0_obsid:welopt-ly3_variable:ph,6.62002,0.0,conc,,,welopt-ly3,conc,lst,529.0,sim,ph,
oname:conc_otype:lst_usecol:sim_time:529.0_obsid:welopt-ly3_variable:so4,0.0008398,0.0,forecast,,,welopt-ly3,conc,lst,529.0,sim,so4,
oname:conc_otype:lst_usecol:sim_time:529.0_obsid:welopt-ly5_variable:so4,0.000757606,0.0,forecast,,,welopt-ly5,conc,lst,529.0,sim,so4,
oname:conc_otype:lst_usecol:sim_time:529.0_obsid:wp1-f3_variable:o0,0.000382864,0.0,conc,,,wp1-f3,conc,lst,529.0,sim,o0,
oname:conc_otype:lst_usecol:sim_time:529.0_obsid:wp1-f3_variable:ph,6.66319,0.0,conc,,,wp1-f3,conc,lst,529.0,sim,ph,
oname:conc_otype:lst_usecol:sim_time:529.0_obsid:wp1-f3_variable:so4,0.000527519,0.0,conc,,,wp1-f3,conc,lst,529.0,sim,so4,
oname:conc_otype:lst_usecol:sim_time:529.0_obsid:wp4-f5_variable:o0,1.7285e-09,0.0,conc,,,wp4-f5,conc,lst,529.0,sim,o0,
oname:conc_otype:lst_usecol:sim_time:529.0_obsid:wp4-f5_variable:ph,6.55763,0.0,conc,,,wp4-f5,conc,lst,529.0,sim,ph,
oname:conc_otype:lst_usecol:sim_time:529.0_obsid:wp4-f5_variable:so4,0.000726854,0.0,conc,,,wp4-f5,conc,lst,529.0,sim,so4,
oname:conc_otype:lst_usecol:sim_time:53.0_obsid:welopt-ly3_variable:o0,0.0,0.0,conc,,,welopt-ly3,conc,lst,53.0,sim,o0,
oname:conc_otype:lst_usecol:sim_time:53.0_obsid:welopt-ly3_variable:ph,6.67491,0.0,conc,,,welopt-ly3,conc,lst,53.0,sim,ph,
oname:conc_otype:lst_usecol:sim_time:53.0_obsid:welopt-ly3_variable:so4,5.51077e-05,0.0,conc,,,welopt-ly3,conc,lst,53.0,sim,so4,
oname:conc_otype:lst_usecol:sim_time:53.0_obsid:wp1-f3_variable:o0,1.13825e-10,3065.696697424829,conc,,,wp1-f3,conc,lst,53.0,sim,o0,0.000326190128606
oname:conc_otype:lst_usecol:sim_time:53.0_obsid:wp1-f3_variable:ph,6.80574,0.6131393394849658,conc,,,wp1-f3,conc,lst,53.0,sim,ph,1.6309506430300091
oname:conc_otype:lst_usecol:sim_time:53.0_obsid:wp1-f3_variable:so4,0.000731898,1226.2786789699317,conc,,,wp1-f3,conc,lst,53.0,sim,so4,0.000815475321515
oname:conc_otype:lst_usecol:sim_time:53.0_obsid:wp4-f5_variable:o0,6.0620199999999995e-37,3143.4730673096574,conc,,,wp4-f5,conc,lst,53.0,sim,o0,0.0003181194744117
oname:conc_otype:lst_usecol:sim_time:53.0_obsid:wp4-f5_variable:ph,6.64892,0.6286946134619315,conc,,,wp4-f5,conc,lst,53.0,sim,ph,1.5905973720586868
oname:conc_otype:lst_usecol:sim_time:53.0_obsid:wp4-f5_variable:so4,9.18483e-05,1257.389226923863,conc,,,wp4-f5,conc,lst,53.0,sim,so4,0.0007952986860293
oname:conc_otype:lst_usecol:sim_time:530.0_obsid:welopt-ly1_variable:so4,0.000246167,0.0,forecast,,,welopt-ly1,conc,lst,530.0,sim,so4,
oname:conc_otype:lst_usecol:sim_time:530.0_obsid:welopt-ly3_variable:o0,2.05713e-10,0.0,conc,,,welopt-ly3,conc,lst,530.0,sim,o0,
oname:conc_otype:lst_usecol:sim_time:530.0_obsid:welopt-ly3_variable:ph,6.62002,0.0,conc,,,welopt-ly3,conc,lst,530.0,sim,ph,
oname:conc_otype:lst_usecol:sim_time:530.0_obsid:welopt-ly3_variable:so4,0.0008398,0.0,forecast,,,welopt-ly3,conc,lst,530.0,sim,so4,
oname:conc_otype:lst_usecol:sim_time:530.0_obsid:welopt-ly5_variable:so4,0.000757606,0.0,forecast,,,welopt-ly5,conc,lst,530.0,sim,so4,
oname:conc_otype:lst_usecol:sim_time:530.0_obsid:wp1-f3_variable:o0,0.000382864,0.0,conc,,,wp1-f3,conc,lst,530.0,sim,o0,
oname:conc_otype:lst_usecol:sim_time:530.0_obsid:wp1-f3_variable:ph,6.66319,0.0,conc,,,wp1-f3,conc,lst,530.0,sim,ph,
oname:conc_otype:lst_usecol:sim_time:530.0_obsid:wp1-f3_variable:so4,0.000527519,0.0,conc,,,wp1-f3,conc,lst,530.0,sim,so4,
oname:conc_otype:lst_usecol:sim_time:530.0_obsid:wp4-f5_variable:o0,1.7285e-09,0.0,conc,,,wp4-f5,conc,lst,530.0,sim,o0,
oname:conc_otype:lst_usecol:sim_time:530.0_obsid:wp4-f5_variable:ph,6.55763,0.0,conc,,,wp4-f5,conc,lst,530.0,sim,ph,
oname:conc_otype:lst_usecol:sim_time:530.0_obsid:wp4-f5_variable:so4,0.000726854,0.0,conc,,,wp4-f5,conc,lst,530.0,sim,so4,
oname:conc_otype:lst_usecol:sim_time:531.0_obsid:welopt-ly1_variable:so4,0.000246167,0.0,forecast,,,welopt-ly1,conc,lst,531.0,sim,so4,
oname:conc_otype:lst_usecol:sim_time:531.0_obsid:welopt-ly3_variable:o0,2.05713e-10,0.0,conc,,,welopt-ly3,conc,lst,531.0,sim,o0,
oname:conc_otype:lst_usecol:sim_time:531.0_obsid:welopt-ly3_variable:ph,6.62002,0.0,conc,,,welopt-ly3,conc,lst,531.0,sim,ph,
oname:conc_otype:lst_usecol:sim_time:531.0_obsid:welopt-ly3_variable:so4,0.0008398,0.0,forecast,,,welopt-ly3,conc,lst,531.0,sim,so4,
oname:conc_otype:lst_usecol:sim_time:531.0_obsid:welopt-ly5_variable:so4,0.000757606,0.0,forecast,,,welopt-ly5,conc,lst,531.0,sim,so4,
oname:conc_otype:lst_usecol:sim_time:531.0_obsid:wp1-f3_variable:o0,0.000382864,0.0,conc,,,wp1-f3,conc,lst,531.0,sim,o0,
oname:conc_otype:lst_usecol:sim_time:531.0_obsid:wp1-f3_variable:ph,6.66319,0.0,conc,,,wp1-f3,conc,lst,531.0,sim,ph,
oname:conc_otype:lst_usecol:sim_time:531.0_obsid:wp1-f3_variable:so4,0.000527519,0.0,conc,,,wp1-f3,conc,lst,531.0,sim,so4,
oname:conc_otype:lst_usecol:sim_time:531.0_obsid:wp4-f5_variable:o0,1.7285e-09,0.0,conc,,,wp4-f5,conc,lst,531.0,sim,o0,
oname:conc_otype:lst_usecol:sim_time:531.0_obsid:wp4-f5_variable:ph,6.55763,0.0,conc,,,wp4-f5,conc,lst,531.0,sim,ph,
oname:conc_otype:lst_usecol:sim_time:531.0_obsid:wp4-f5_variable:so4,0.000726854,0.0,conc,,,wp4-f5,conc,lst,531.0,sim,so4,
oname:conc_otype:lst_usecol:sim_time:532.0_obsid:welopt-ly1_variable:so4,0.000246167,0.0,forecast,,,welopt-ly1,conc,lst,532.0,sim,so4,
oname:conc_otype:lst_usecol:sim_time:532.0_obsid:welopt-ly3_variable:o0,2.05713e-10,0.0,conc,,,welopt-ly3,conc,lst,532.0,sim,o0,
oname:conc_otype:lst_usecol:sim_time:532.0_obsid:welopt-ly3_variable:ph,6.62002,0.0,conc,,,welopt-ly3,conc,lst,532.0,sim,ph,
oname:conc_otype:lst_usecol:sim_time:532.0_obsid:welopt-ly3_variable:so4,0.0008398,0.0,forecast,,,welopt-ly3,conc,lst,532.0,sim,so4,
oname:conc_otype:lst_usecol:sim_time:532.0_obsid:welopt-ly5_variable:so4,0.000757606,0.0,forecast,,,welopt-ly5,conc,lst,532.0,sim,so4,
oname:conc_otype:lst_usecol:sim_time:532.0_obsid:wp1-f3_variable:o0,0.000382864,0.0,conc,,,wp1-f3,conc,lst,532.0,sim,o0,
oname:conc_otype:lst_usecol:sim_time:532.0_obsid:wp1-f3_variable:ph,6.66319,0.0,conc,,,wp1-f3,conc,lst,532.0,sim,ph,
oname:conc_otype:lst_usecol:sim_time:532.0_obsid:wp1-f3_variable:so4,0.000527519,0.0,conc,,,wp1-f3,conc,lst,532.0,sim,so4,
oname:conc_otype:lst_usecol:sim_time:532.0_obsid:wp4-f5_variable:o0,1.7285e-09,0.0,conc,,,wp4-f5,conc,lst,532.0,sim,o0,
oname:conc_otype:lst_usecol:sim_time:532.0_obsid:wp4-f5_variable:ph,6.55763,0.0,conc,,,wp4-f5,conc,lst,532.0,sim,ph,
oname:conc_otype:lst_usecol:sim_time:532.0_obsid:wp4-f5_variable:so4,0.000726854,0.0,conc,,,wp4-f5,conc,lst,532.0,sim,so4,
oname:conc_otype:lst_usecol:sim_time:533.0_obsid:welopt-ly1_variable:so4,0.000246167,0.0,forecast,,,welopt-ly1,conc,lst,533.0,sim,so4,
oname:conc_otype:lst_usecol:sim_time:533.0_obsid:welopt-ly3_variable:o0,2.05713e-10,0.0,conc,,,welopt-ly3,conc,lst,533.0,sim,o0,
oname:conc_otype:lst_usecol:sim_time:533.0_obsid:welopt-ly3_variable:ph,6.62002,0.0,conc,,,welopt-ly3,conc,lst,533.0,sim,ph,
oname:conc_otype:lst_usecol:sim_time:533.0_obsid:welopt-ly3_variable:so4,0.0008398,0.0,forecast,,,welopt-ly3,conc,lst,533.0,sim,so4,
oname:conc_otype:lst_usecol:sim_time:533.0_obsid:welopt-ly5_variable:so4,0.000757606,0.0,forecast,,,welopt-ly5,conc,lst,533.0,sim,so4,
oname:conc_otype:lst_usecol:sim_time:533.0_obsid:wp1-f3_variable:o0,0.000382864,0.0,conc,,,wp1-f3,conc,lst,533.0,sim,o0,
oname:conc_otype:lst_usecol:sim_time:533.0_obsid:wp1-f3_variable:ph,6.66319,0.0,conc,,,wp1-f3,conc,lst,533.0,sim,ph,
oname:conc_otype:lst_usecol:sim_time:533.0_obsid:wp1-f3_variable:so4,0.000527519,0.0,conc,,,wp1-f3,conc,lst,533.0,sim,so4,
oname:conc_otype:lst_usecol:sim_time:533.0_obsid:wp4-f5_variable:o0,1.7285e-09,0.0,conc,,,wp4-f5,conc,lst,533.0,sim,o0,
oname:conc_otype:lst_usecol:sim_time:533.0_obsid:wp4-f5_variable:ph,6.55763,0.0,conc,,,wp4-f5,conc,lst,533.0,sim,ph,
oname:conc_otype:lst_usecol:sim_time:533.0_obsid:wp4-f5_variable:so4,0.000726854,0.0,conc,,,wp4-f5,conc,lst,533.0,sim,so4,
oname:conc_otype:lst_usecol:sim_time:534.0_obsid:welopt-ly1_variable:so4,0.000254224,0.0,forecast,,,welopt-ly1,conc,lst,534.0,sim,so4,
oname:conc_otype:lst_usecol:sim_time:534.0_obsid:welopt-ly3_variable:o0,2.22902e-10,0.0,conc,,,welopt-ly3,conc,lst,534.0,sim,o0,
oname:conc_otype:lst_usecol:sim_time:534.0_obsid:welopt-ly3_variable:ph,6.60053,0.0,conc,,,welopt-ly3,conc,lst,534.0,sim,ph,
oname:conc_otype:lst_usecol:sim_time:534.0_obsid:welopt-ly3_variable:so4,0.000827809,0.0,forecast,,,welopt-ly3,conc,lst,534.0,sim,so4,
oname:conc_otype:lst_usecol:sim_time:534.0_obsid:welopt-ly5_variable:so4,0.000717016,0.0,forecast,,,welopt-ly5,conc,lst,534.0,sim,so4,
oname:conc_otype:lst_usecol:sim_time:534.0_obsid:wp1-f3_variable:o0,0.000387026,0.0,conc,,,wp1-f3,conc,lst,534.0,sim,o0,
oname:conc_otype:lst_usecol:sim_time:534.0_obsid:wp1-f3_variable:ph,6.64731,0.0,conc,,,wp1-f3,conc,lst,534.0,sim,ph,
oname:conc_otype:lst_usecol:sim_time:534.0_obsid:wp1-f3_variable:so4,0.000511668,0.0,conc,,,wp1-f3,conc,lst,534.0,sim,so4,
oname:conc_otype:lst_usecol:sim_time:534.0_obsid:wp4-f5_variable:o0,1.24938e-09,0.0,conc,,,wp4-f5,conc,lst,534.0,sim,o0,
oname:conc_otype:lst_usecol:sim_time:534.0_obsid:wp4-f5_variable:ph,6.54079,0.0,conc,,,wp4-f5,conc,lst,534.0,sim,ph,
oname:conc_otype:lst_usecol:sim_time:534.0_obsid:wp4-f5_variable:so4,0.000645773,0.0,conc,,,wp4-f5,conc,lst,534.0,sim,so4,
oname:conc_otype:lst_usecol:sim_time:535.0_obsid:welopt-ly1_variable:so4,0.000254224,0.0,forecast,,,welopt-ly1,conc,lst,535.0,sim,so4,
oname:conc_otype:lst_usecol:sim_time:535.0_obsid:welopt-ly3_variable:o0,2.22902e-10,0.0,conc,,,welopt-ly3,conc,lst,535.0,sim,o0,
oname:conc_otype:lst_usecol:sim_time:535.0_obsid:welopt-ly3_variable:ph,6.60053,0.0,conc,,,welopt-ly3,conc,lst,535.0,sim,ph,
oname:conc_otype:lst_usecol:sim_time:535.0_obsid:welopt-ly3_variable:so4,0.000827809,0.0,forecast,,,welopt-ly3,conc,lst,535.0,sim,so4,
oname:conc_otype:lst_usecol:sim_time:535.0_obsid:welopt-ly5_variable:so4,0.000717016,0.0,forecast,,,welopt-ly5,conc,lst,535.0,sim,so4,
oname:conc_otype:lst_usecol:sim_time:535.0_obsid:wp1-f3_variable:o0,0.000387026,0.0,conc,,,wp1-f3,conc,lst,535.0,sim,o0,
oname:conc_otype:lst_usecol:sim_time:535.0_obsid:wp1-f3_variable:ph,6.64731,0.0,conc,,,wp1-f3,conc,lst,535.0,sim,ph,
oname:conc_otype:lst_usecol:sim_time:535.0_obsid:wp1-f3_variable:so4,0.000511668,0.0,conc,,,wp1-f3,conc,lst,535.0,sim,so4,
oname:conc_otype:lst_usecol:sim_time:535.0_obsid:wp4-f5_variable:o0,1.24938e-09,0.0,conc,,,wp4-f5,conc,lst,535.0,sim,o0,
oname:conc_otype:lst_usecol:sim_time:535.0_obsid:wp4-f5_variable:ph,6.54079,0.0,conc,,,wp4-f5,conc,lst,535.0,sim,ph,
oname:conc_otype:lst_usecol:sim_time:535.0_obsid:wp4-f5_variable:so4,0.000645773,0.0,conc,,,wp4-f5,conc,lst,535.0,sim,so4,
oname:conc_otype:lst_usecol:sim_time:536.0_obsid:welopt-ly1_variable:so4,0.000254224,0.0,forecast,,,welopt-ly1,conc,lst,536.0,sim,so4,
oname:conc_otype:lst_usecol:sim_time:536.0_obsid:welopt-ly3_variable:o0,2.22902e-10,0.0,conc,,,welopt-ly3,conc,lst,536.0,sim,o0,
oname:conc_otype:lst_usecol:sim_time:536.0_obsid:welopt-ly3_variable:ph,6.60053,0.0,conc,,,welopt-ly3,conc,lst,536.0,sim,ph,
oname:conc_otype:lst_usecol:sim_time:536.0_obsid:welopt-ly3_variable:so4,0.000827809,0.0,forecast,,,welopt-ly3,conc,lst,536.0,sim,so4,
oname:conc_otype:lst_usecol:sim_time:536.0_obsid:welopt-ly5_variable:so4,0.000717016,0.0,forecast,,,welopt-ly5,conc,lst,536.0,sim,so4,
oname:conc_otype:lst_usecol:sim_time:536.0_obsid:wp1-f3_variable:o0,0.000387026,0.0,conc,,,wp1-f3,conc,lst,536.0,sim,o0,
oname:conc_otype:lst_usecol:sim_time:536.0_obsid:wp1-f3_variable:ph,6.64731,0.0,conc,,,wp1-f3,conc,lst,536.0,sim,ph,
oname:conc_otype:lst_usecol:sim_time:536.0_obsid:wp1-f3_variable:so4,0.000511668,0.0,conc,,,wp1-f3,conc,lst,536.0,sim,so4,
oname:conc_otype:lst_usecol:sim_time:536.0_obsid:wp4-f5_variable:o0,1.24938e-09,0.0,conc,,,wp4-f5,conc,lst,536.0,sim,o0,
oname:conc_otype:lst_usecol:sim_time:536.0_obsid:wp4-f5_variable:ph,6.54079,0.0,conc,,,wp4-f5,conc,lst,536.0,sim,ph,
oname:conc_otype:lst_usecol:sim_time:536.0_obsid:wp4-f5_variable:so4,0.000645773,0.0,conc,,,wp4-f5,conc,lst,536.0,sim,so4,
oname:conc_otype:lst_usecol:sim_time:537.0_obsid:welopt-ly1_variable:so4,0.000254224,0.0,forecast,,,welopt-ly1,conc,lst,537.0,sim,so4,
oname:conc_otype:lst_usecol:sim_time:537.0_obsid:welopt-ly3_variable:o0,2.22902e-10,0.0,conc,,,welopt-ly3,conc,lst,537.0,sim,o0,
oname:conc_otype:lst_usecol:sim_time:537.0_obsid:welopt-ly3_variable:ph,6.60053,0.0,conc,,,welopt-ly3,conc,lst,537.0,sim,ph,
oname:conc_otype:lst_usecol:sim_time:537.0_obsid:welopt-ly3_variable:so4,0.000827809,0.0,forecast,,,welopt-ly3,conc,lst,537.0,sim,so4,
oname:conc_otype:lst_usecol:sim_time:537.0_obsid:welopt-ly5_variable:so4,0.000717016,0.0,forecast,,,welopt-ly5,conc,lst,537.0,sim,so4,
oname:conc_otype:lst_usecol:sim_time:537.0_obsid:wp1-f3_variable:o0,0.000387026,0.0,conc,,,wp1-f3,conc,lst,537.0,sim,o0,
oname:conc_otype:lst_usecol:sim_time:537.0_obsid:wp1-f3_variable:ph,6.64731,0.0,conc,,,wp1-f3,conc,lst,537.0,sim,ph,
oname:conc_otype:lst_usecol:sim_time:537.0_obsid:wp1-f3_variable:so4,0.000511668,0.0,conc,,,wp1-f3,conc,lst,537.0,sim,so4,
oname:conc_otype:lst_usecol:sim_time:537.0_obsid:wp4-f5_variable:o0,1.24938e-09,0.0,conc,,,wp4-f5,conc,lst,537.0,sim,o0,
oname:conc_otype:lst_usecol:sim_time:537.0_obsid:wp4-f5_variable:ph,6.54079,0.0,conc,,,wp4-f5,conc,lst,537.0,sim,ph,
oname:conc_otype:lst_usecol:sim_time:537.0_obsid:wp4-f5_variable:so4,0.000645773,0.0,conc,,,wp4-f5,conc,lst,537.0,sim,so4,
oname:conc_otype:lst_usecol:sim_time:538.0_obsid:welopt-ly1_variable:so4,0.000254224,0.0,forecast,,,welopt-ly1,conc,lst,538.0,sim,so4,
oname:conc_otype:lst_usecol:sim_time:538.0_obsid:welopt-ly3_variable:o0,2.22902e-10,0.0,conc,,,welopt-ly3,conc,lst,538.0,sim,o0,
oname:conc_otype:lst_usecol:sim_time:538.0_obsid:welopt-ly3_variable:ph,6.60053,0.0,conc,,,welopt-ly3,conc,lst,538.0,sim,ph,
oname:conc_otype:lst_usecol:sim_time:538.0_obsid:welopt-ly3_variable:so4,0.000827809,0.0,forecast,,,welopt-ly3,conc,lst,538.0,sim,so4,
oname:conc_otype:lst_usecol:sim_time:538.0_obsid:welopt-ly5_variable:so4,0.000717016,0.0,forecast,,,welopt-ly5,conc,lst,538.0,sim,so4,
oname:conc_otype:lst_usecol:sim_time:538.0_obsid:wp1-f3_variable:o0,0.000387026,0.0,conc,,,wp1-f3,conc,lst,538.0,sim,o0,
oname:conc_otype:lst_usecol:sim_time:538.0_obsid:wp1-f3_variable:ph,6.64731,0.0,conc,,,wp1-f3,conc,lst,538.0,sim,ph,
oname:conc_otype:lst_usecol:sim_time:538.0_obsid:wp1-f3_variable:so4,0.000511668,0.0,conc,,,wp1-f3,conc,lst,538.0,sim,so4,
oname:conc_otype:lst_usecol:sim_time:538.0_obsid:wp4-f5_variable:o0,1.24938e-09,0.0,conc,,,wp4-f5,conc,lst,538.0,sim,o0,
oname:conc_otype:lst_usecol:sim_time:538.0_obsid:wp4-f5_variable:ph,6.54079,0.0,conc,,,wp4-f5,conc,lst,538.0,sim,ph,
oname:conc_otype:lst_usecol:sim_time:538.0_obsid:wp4-f5_variable:so4,0.000645773,0.0,conc,,,wp4-f5,conc,lst,538.0,sim,so4,
oname:conc_otype:lst_usecol:sim_time:539.0_obsid:welopt-ly1_variable:so4,0.000254224,0.0,forecast,,,welopt-ly1,conc,lst,539.0,sim,so4,
oname:conc_otype:lst_usecol:sim_time:539.0_obsid:welopt-ly3_variable:o0,2.22902e-10,0.0,conc,,,welopt-ly3,conc,lst,539.0,sim,o0,
oname:conc_otype:lst_usecol:sim_time:539.0_obsid:welopt-ly3_variable:ph,6.60053,0.0,conc,,,welopt-ly3,conc,lst,539.0,sim,ph,
oname:conc_otype:lst_usecol:sim_time:539.0_obsid:welopt-ly3_variable:so4,0.000827809,0.0,forecast,,,welopt-ly3,conc,lst,539.0,sim,so4,
oname:conc_otype:lst_usecol:sim_time:539.0_obsid:welopt-ly5_variable:so4,0.000717016,0.0,forecast,,,welopt-ly5,conc,lst,539.0,sim,so4,
oname:conc_otype:lst_usecol:sim_time:539.0_obsid:wp1-f3_variable:o0,0.000387026,0.0,conc,,,wp1-f3,conc,lst,539.0,sim,o0,
oname:conc_otype:lst_usecol:sim_time:539.0_obsid:wp1-f3_variable:ph,6.64731,0.0,conc,,,wp1-f3,conc,lst,539.0,sim,ph,
oname:conc_otype:lst_usecol:sim_time:539.0_obsid:wp1-f3_variable:so4,0.000511668,0.0,conc,,,wp1-f3,conc,lst,539.0,sim,so4,
oname:conc_otype:lst_usecol:sim_time:539.0_obsid:wp4-f5_variable:o0,1.24938e-09,0.0,conc,,,wp4-f5,conc,lst,539.0,sim,o0,
oname:conc_otype:lst_usecol:sim_time:539.0_obsid:wp4-f5_variable:ph,6.54079,0.0,conc,,,wp4-f5,conc,lst,539.0,sim,ph,
oname:conc_otype:lst_usecol:sim_time:539.0_obsid:wp4-f5_variable:so4,0.000645773,0.0,conc,,,wp4-f5,conc,lst,539.0,sim,so4,
oname:conc_otype:lst_usecol:sim_time:54.0_obsid:welopt-ly3_variable:o0,0.0,0.0,conc,,,welopt-ly3,conc,lst,54.0,sim,o0,
oname:conc_otype:lst_usecol:sim_time:54.0_obsid:welopt-ly3_variable:ph,6.67491,0.0,conc,,,welopt-ly3,conc,lst,54.0,sim,ph,
oname:conc_otype:lst_usecol:sim_time:54.0_obsid:welopt-ly3_variable:so4,5.51077e-05,0.0,conc,,,welopt-ly3,conc,lst,54.0,sim,so4,
oname:conc_otype:lst_usecol:sim_time:54.0_obsid:wp1-f3_variable:o0,1.13825e-10,3065.696697424829,conc,,,wp1-f3,conc,lst,54.0,sim,o0,0.000326190128606
oname:conc_otype:lst_usecol:sim_time:54.0_obsid:wp1-f3_variable:ph,6.80574,0.6131393394849658,conc,,,wp1-f3,conc,lst,54.0,sim,ph,1.6309506430300091
oname:conc_otype:lst_usecol:sim_time:54.0_obsid:wp1-f3_variable:so4,0.000731898,1226.2786789699317,conc,,,wp1-f3,conc,lst,54.0,sim,so4,0.000815475321515
oname:conc_otype:lst_usecol:sim_time:54.0_obsid:wp4-f5_variable:o0,6.0620199999999995e-37,3143.4730673096574,conc,,,wp4-f5,conc,lst,54.0,sim,o0,0.0003181194744117
oname:conc_otype:lst_usecol:sim_time:54.0_obsid:wp4-f5_variable:ph,6.64892,0.6286946134619315,conc,,,wp4-f5,conc,lst,54.0,sim,ph,1.5905973720586868
oname:conc_otype:lst_usecol:sim_time:54.0_obsid:wp4-f5_variable:so4,9.18483e-05,1257.389226923863,conc,,,wp4-f5,conc,lst,54.0,sim,so4,0.0007952986860293
oname:conc_otype:lst_usecol:sim_time:540.0_obsid:welopt-ly1_variable:so4,0.000254224,0.0,forecast,,,welopt-ly1,conc,lst,540.0,sim,so4,
oname:conc_otype:lst_usecol:sim_time:540.0_obsid:welopt-ly3_variable:o0,2.22902e-10,0.0,conc,,,welopt-ly3,conc,lst,540.0,sim,o0,
oname:conc_otype:lst_usecol:sim_time:540.0_obsid:welopt-ly3_variable:ph,6.60053,0.0,conc,,,welopt-ly3,conc,lst,540.0,sim,ph,
oname:conc_otype:lst_usecol:sim_time:540.0_obsid:welopt-ly3_variable:so4,0.000827809,0.0,forecast,,,welopt-ly3,conc,lst,540.0,sim,so4,
oname:conc_otype:lst_usecol:sim_time:540.0_obsid:welopt-ly5_variable:so4,0.000717016,0.0,forecast,,,welopt-ly5,conc,lst,540.0,sim,so4,
oname:conc_otype:lst_usecol:sim_time:540.0_obsid:wp1-f3_variable:o0,0.000387026,0.0,conc,,,wp1-f3,conc,lst,540.0,sim,o0,
oname:conc_otype:lst_usecol:sim_time:540.0_obsid:wp1-f3_variable:ph,6.64731,0.0,conc,,,wp1-f3,conc,lst,540.0,sim,ph,
oname:conc_otype:lst_usecol:sim_time:540.0_obsid:wp1-f3_variable:so4,0.000511668,0.0,conc,,,wp1-f3,conc,lst,540.0,sim,so4,
oname:conc_otype:lst_usecol:sim_time:540.0_obsid:wp4-f5_variable:o0,1.24938e-09,0.0,conc,,,wp4-f5,conc,lst,540.0,sim,o0,
oname:conc_otype:lst_usecol:sim_time:540.0_obsid:wp4-f5_variable:ph,6.54079,0.0,conc,,,wp4-f5,conc,lst,540.0,sim,ph,
oname:conc_otype:lst_usecol:sim_time:540.0_obsid:wp4-f5_variable:so4,0.000645773,0.0,conc,,,wp4-f5,conc,lst,540.0,sim,so4,
oname:conc_otype:lst_usecol:sim_time:541.0_obsid:welopt-ly1_variable:so4,0.000262254,0.0,forecast,,,welopt-ly1,conc,lst,541.0,sim,so4,
oname:conc_otype:lst_usecol:sim_time:541.0_obsid:welopt-ly3_variable:o0,2.51862e-10,0.0,conc,,,welopt-ly3,conc,lst,541.0,sim,o0,
oname:conc_otype:lst_usecol:sim_time:541.0_obsid:welopt-ly3_variable:ph,6.57746,0.0,conc,,,welopt-ly3,conc,lst,541.0,sim,ph,
oname:conc_otype:lst_usecol:sim_time:541.0_obsid:welopt-ly3_variable:so4,0.000808789,0.0,forecast,,,welopt-ly3,conc,lst,541.0,sim,so4,
oname:conc_otype:lst_usecol:sim_time:541.0_obsid:welopt-ly5_variable:so4,0.000697048,0.0,forecast,,,welopt-ly5,conc,lst,541.0,sim,so4,
oname:conc_otype:lst_usecol:sim_time:541.0_obsid:wp1-f3_variable:o0,0.00039071,0.0,conc,,,wp1-f3,conc,lst,541.0,sim,o0,
oname:conc_otype:lst_usecol:sim_time:541.0_obsid:wp1-f3_variable:ph,6.64042,0.0,conc,,,wp1-f3,conc,lst,541.0,sim,ph,
oname:conc_otype:lst_usecol:sim_time:541.0_obsid:wp1-f3_variable:so4,0.000507372,0.0,conc,,,wp1-f3,conc,lst,541.0,sim,so4,
oname:conc_otype:lst_usecol:sim_time:541.0_obsid:wp4-f5_variable:o0,1.70964e-09,0.0,conc,,,wp4-f5,conc,lst,541.0,sim,o0,
oname:conc_otype:lst_usecol:sim_time:541.0_obsid:wp4-f5_variable:ph,6.48319,0.0,conc,,,wp4-f5,conc,lst,541.0,sim,ph,
oname:conc_otype:lst_usecol:sim_time:541.0_obsid:wp4-f5_variable:so4,0.000627169,0.0,conc,,,wp4-f5,conc,lst,541.0,sim,so4,
oname:conc_otype:lst_usecol:sim_time:542.0_obsid:welopt-ly1_variable:so4,0.000262254,0.0,forecast,,,welopt-ly1,conc,lst,542.0,sim,so4,
oname:conc_otype:lst_usecol:sim_time:542.0_obsid:welopt-ly3_variable:o0,2.51862e-10,0.0,conc,,,welopt-ly3,conc,lst,542.0,sim,o0,
oname:conc_otype:lst_usecol:sim_time:542.0_obsid:welopt-ly3_variable:ph,6.57746,0.0,conc,,,welopt-ly3,conc,lst,542.0,sim,ph,
oname:conc_otype:lst_usecol:sim_time:542.0_obsid:welopt-ly3_variable:so4,0.000808789,0.0,forecast,,,welopt-ly3,conc,lst,542.0,sim,so4,
oname:conc_otype:lst_usecol:sim_time:542.0_obsid:welopt-ly5_variable:so4,0.000697048,0.0,forecast,,,welopt-ly5,conc,lst,542.0,sim,so4,
oname:conc_otype:lst_usecol:sim_time:542.0_obsid:wp1-f3_variable:o0,0.00039071,0.0,conc,,,wp1-f3,conc,lst,542.0,sim,o0,
oname:conc_otype:lst_usecol:sim_time:542.0_obsid:wp1-f3_variable:ph,6.64042,0.0,conc,,,wp1-f3,conc,lst,542.0,sim,ph,
oname:conc_otype:lst_usecol:sim_time:542.0_obsid:wp1-f3_variable:so4,0.000507372,0.0,conc,,,wp1-f3,conc,lst,542.0,sim,so4,
oname:conc_otype:lst_usecol:sim_time:542.0_obsid:wp4-f5_variable:o0,1.70964e-09,0.0,conc,,,wp4-f5,conc,lst,542.0,sim,o0,
oname:conc_otype:lst_usecol:sim_time:542.0_obsid:wp4-f5_variable:ph,6.48319,0.0,conc,,,wp4-f5,conc,lst,542.0,sim,ph,
oname:conc_otype:lst_usecol:sim_time:542.0_obsid:wp4-f5_variable:so4,0.000627169,0.0,conc,,,wp4-f5,conc,lst,542.0,sim,so4,
oname:conc_otype:lst_usecol:sim_time:543.0_obsid:welopt-ly1_variable:so4,0.000262254,0.0,forecast,,,welopt-ly1,conc,lst,543.0,sim,so4,
oname:conc_otype:lst_usecol:sim_time:543.0_obsid:welopt-ly3_variable:o0,2.51862e-10,0.0,conc,,,welopt-ly3,conc,lst,543.0,sim,o0,
oname:conc_otype:lst_usecol:sim_time:543.0_obsid:welopt-ly3_variable:ph,6.57746,0.0,conc,,,welopt-ly3,conc,lst,543.0,sim,ph,
oname:conc_otype:lst_usecol:sim_time:543.0_obsid:welopt-ly3_variable:so4,0.000808789,0.0,forecast,,,welopt-ly3,conc,lst,543.0,sim,so4,
oname:conc_otype:lst_usecol:sim_time:543.0_obsid:welopt-ly5_variable:so4,0.000697048,0.0,forecast,,,welopt-ly5,conc,lst,543.0,sim,so4,
oname:conc_otype:lst_usecol:sim_time:543.0_obsid:wp1-f3_variable:o0,0.00039071,0.0,conc,,,wp1-f3,conc,lst,543.0,sim,o0,
oname:conc_otype:lst_usecol:sim_time:543.0_obsid:wp1-f3_variable:ph,6.64042,0.0,conc,,,wp1-f3,conc,lst,543.0,sim,ph,
oname:conc_otype:lst_usecol:sim_time:543.0_obsid:wp1-f3_variable:so4,0.000507372,0.0,conc,,,wp1-f3,conc,lst,543.0,sim,so4,
oname:conc_otype:lst_usecol:sim_time:543.0_obsid:wp4-f5_variable:o0,1.70964e-09,0.0,conc,,,wp4-f5,conc,lst,543.0,sim,o0,
oname:conc_otype:lst_usecol:sim_time:543.0_obsid:wp4-f5_variable:ph,6.48319,0.0,conc,,,wp4-f5,conc,lst,543.0,sim,ph,
oname:conc_otype:lst_usecol:sim_time:543.0_obsid:wp4-f5_variable:so4,0.000627169,0.0,conc,,,wp4-f5,conc,lst,543.0,sim,so4,
oname:conc_otype:lst_usecol:sim_time:544.0_obsid:welopt-ly1_variable:so4,0.000262254,0.0,forecast,,,welopt-ly1,conc,lst,544.0,sim,so4,
oname:conc_otype:lst_usecol:sim_time:544.0_obsid:welopt-ly3_variable:o0,2.51862e-10,0.0,conc,,,welopt-ly3,conc,lst,544.0,sim,o0,
oname:conc_otype:lst_usecol:sim_time:544.0_obsid:welopt-ly3_variable:ph,6.57746,0.0,conc,,,welopt-ly3,conc,lst,544.0,sim,ph,
oname:conc_otype:lst_usecol:sim_time:544.0_obsid:welopt-ly3_variable:so4,0.000808789,0.0,forecast,,,welopt-ly3,conc,lst,544.0,sim,so4,
oname:conc_otype:lst_usecol:sim_time:544.0_obsid:welopt-ly5_variable:so4,0.000697048,0.0,forecast,,,welopt-ly5,conc,lst,544.0,sim,so4,
oname:conc_otype:lst_usecol:sim_time:544.0_obsid:wp1-f3_variable:o0,0.00039071,0.0,conc,,,wp1-f3,conc,lst,544.0,sim,o0,
oname:conc_otype:lst_usecol:sim_time:544.0_obsid:wp1-f3_variable:ph,6.64042,0.0,conc,,,wp1-f3,conc,lst,544.0,sim,ph,
oname:conc_otype:lst_usecol:sim_time:544.0_obsid:wp1-f3_variable:so4,0.000507372,0.0,conc,,,wp1-f3,conc,lst,544.0,sim,so4,
oname:conc_otype:lst_usecol:sim_time:544.0_obsid:wp4-f5_variable:o0,1.70964e-09,0.0,conc,,,wp4-f5,conc,lst,544.0,sim,o0,
oname:conc_otype:lst_usecol:sim_time:544.0_obsid:wp4-f5_variable:ph,6.48319,0.0,conc,,,wp4-f5,conc,lst,544.0,sim,ph,
oname:conc_otype:lst_usecol:sim_time:544.0_obsid:wp4-f5_variable:so4,0.000627169,0.0,conc,,,wp4-f5,conc,lst,544.0,sim,so4,
oname:conc_otype:lst_usecol:sim_time:545.0_obsid:welopt-ly1_variable:so4,0.000262254,0.0,forecast,,,welopt-ly1,conc,lst,545.0,sim,so4,
oname:conc_otype:lst_usecol:sim_time:545.0_obsid:welopt-ly3_variable:o0,2.51862e-10,0.0,conc,,,welopt-ly3,conc,lst,545.0,sim,o0,
oname:conc_otype:lst_usecol:sim_time:545.0_obsid:welopt-ly3_variable:ph,6.57746,0.0,conc,,,welopt-ly3,conc,lst,545.0,sim,ph,
oname:conc_otype:lst_usecol:sim_time:545.0_obsid:welopt-ly3_variable:so4,0.000808789,0.0,forecast,,,welopt-ly3,conc,lst,545.0,sim,so4,
oname:conc_otype:lst_usecol:sim_time:545.0_obsid:welopt-ly5_variable:so4,0.000697048,0.0,forecast,,,welopt-ly5,conc,lst,545.0,sim,so4,
oname:conc_otype:lst_usecol:sim_time:545.0_obsid:wp1-f3_variable:o0,0.00039071,0.0,conc,,,wp1-f3,conc,lst,545.0,sim,o0,
oname:conc_otype:lst_usecol:sim_time:545.0_obsid:wp1-f3_variable:ph,6.64042,0.0,conc,,,wp1-f3,conc,lst,545.0,sim,ph,
oname:conc_otype:lst_usecol:sim_time:545.0_obsid:wp1-f3_variable:so4,0.000507372,0.0,conc,,,wp1-f3,conc,lst,545.0,sim,so4,
oname:conc_otype:lst_usecol:sim_time:545.0_obsid:wp4-f5_variable:o0,1.70964e-09,0.0,conc,,,wp4-f5,conc,lst,545.0,sim,o0,
oname:conc_otype:lst_usecol:sim_time:545.0_obsid:wp4-f5_variable:ph,6.48319,0.0,conc,,,wp4-f5,conc,lst,545.0,sim,ph,
oname:conc_otype:lst_usecol:sim_time:545.0_obsid:wp4-f5_variable:so4,0.000627169,0.0,conc,,,wp4-f5,conc,lst,545.0,sim,so4,
oname:conc_otype:lst_usecol:sim_time:546.0_obsid:welopt-ly1_variable:so4,0.000262254,0.0,forecast,,,welopt-ly1,conc,lst,546.0,sim,so4,
oname:conc_otype:lst_usecol:sim_time:546.0_obsid:welopt-ly3_variable:o0,2.51862e-10,0.0,conc,,,welopt-ly3,conc,lst,546.0,sim,o0,
oname:conc_otype:lst_usecol:sim_time:546.0_obsid:welopt-ly3_variable:ph,6.57746,0.0,conc,,,welopt-ly3,conc,lst,546.0,sim,ph,
oname:conc_otype:lst_usecol:sim_time:546.0_obsid:welopt-ly3_variable:so4,0.000808789,0.0,forecast,,,welopt-ly3,conc,lst,546.0,sim,so4,
oname:conc_otype:lst_usecol:sim_time:546.0_obsid:welopt-ly5_variable:so4,0.000697048,0.0,forecast,,,welopt-ly5,conc,lst,546.0,sim,so4,
oname:conc_otype:lst_usecol:sim_time:546.0_obsid:wp1-f3_variable:o0,0.00039071,0.0,conc,,,wp1-f3,conc,lst,546.0,sim,o0,
oname:conc_otype:lst_usecol:sim_time:546.0_obsid:wp1-f3_variable:ph,6.64042,0.0,conc,,,wp1-f3,conc,lst,546.0,sim,ph,
oname:conc_otype:lst_usecol:sim_time:546.0_obsid:wp1-f3_variable:so4,0.000507372,0.0,conc,,,wp1-f3,conc,lst,546.0,sim,so4,
oname:conc_otype:lst_usecol:sim_time:546.0_obsid:wp4-f5_variable:o0,1.70964e-09,0.0,conc,,,wp4-f5,conc,lst,546.0,sim,o0,
oname:conc_otype:lst_usecol:sim_time:546.0_obsid:wp4-f5_variable:ph,6.48319,0.0,conc,,,wp4-f5,conc,lst,546.0,sim,ph,
oname:conc_otype:lst_usecol:sim_time:546.0_obsid:wp4-f5_variable:so4,0.000627169,0.0,conc,,,wp4-f5,conc,lst,546.0,sim,so4,
oname:conc_otype:lst_usecol:sim_time:547.0_obsid:welopt-ly1_variable:so4,0.000262254,0.0,forecast,,,welopt-ly1,conc,lst,547.0,sim,so4,
oname:conc_otype:lst_usecol:sim_time:547.0_obsid:welopt-ly3_variable:o0,2.51862e-10,0.0,conc,,,welopt-ly3,conc,lst,547.0,sim,o0,
oname:conc_otype:lst_usecol:sim_time:547.0_obsid:welopt-ly3_variable:ph,6.57746,0.0,conc,,,welopt-ly3,conc,lst,547.0,sim,ph,
oname:conc_otype:lst_usecol:sim_time:547.0_obsid:welopt-ly3_variable:so4,0.000808789,0.0,forecast,,,welopt-ly3,conc,lst,547.0,sim,so4,
oname:conc_otype:lst_usecol:sim_time:547.0_obsid:welopt-ly5_variable:so4,0.000697048,0.0,forecast,,,welopt-ly5,conc,lst,547.0,sim,so4,
oname:conc_otype:lst_usecol:sim_time:547.0_obsid:wp1-f3_variable:o0,0.00039071,0.0,conc,,,wp1-f3,conc,lst,547.0,sim,o0,
oname:conc_otype:lst_usecol:sim_time:547.0_obsid:wp1-f3_variable:ph,6.64042,0.0,conc,,,wp1-f3,conc,lst,547.0,sim,ph,
oname:conc_otype:lst_usecol:sim_time:547.0_obsid:wp1-f3_variable:so4,0.000507372,0.0,conc,,,wp1-f3,conc,lst,547.0,sim,so4,
oname:conc_otype:lst_usecol:sim_time:547.0_obsid:wp4-f5_variable:o0,1.70964e-09,0.0,conc,,,wp4-f5,conc,lst,547.0,sim,o0,
oname:conc_otype:lst_usecol:sim_time:547.0_obsid:wp4-f5_variable:ph,6.48319,0.0,conc,,,wp4-f5,conc,lst,547.0,sim,ph,
oname:conc_otype:lst_usecol:sim_time:547.0_obsid:wp4-f5_variable:so4,0.000627169,0.0,conc,,,wp4-f5,conc,lst,547.0,sim,so4,
oname:conc_otype:lst_usecol:sim_time:548.0_obsid:welopt-ly1_variable:so4,0.000270285,0.0,forecast,,,welopt-ly1,conc,lst,548.0,sim,so4,
oname:conc_otype:lst_usecol:sim_time:548.0_obsid:welopt-ly3_variable:o0,2.80324e-10,0.0,conc,,,welopt-ly3,conc,lst,548.0,sim,o0,
oname:conc_otype:lst_usecol:sim_time:548.0_obsid:welopt-ly3_variable:ph,6.55834,0.0,conc,,,welopt-ly3,conc,lst,548.0,sim,ph,
oname:conc_otype:lst_usecol:sim_time:548.0_obsid:welopt-ly3_variable:so4,0.00078429,0.0,forecast,,,welopt-ly3,conc,lst,548.0,sim,so4,
oname:conc_otype:lst_usecol:sim_time:548.0_obsid:welopt-ly5_variable:so4,0.000673881,0.0,forecast,,,welopt-ly5,conc,lst,548.0,sim,so4,
oname:conc_otype:lst_usecol:sim_time:548.0_obsid:wp1-f3_variable:o0,0.000405531,0.0,conc,,,wp1-f3,conc,lst,548.0,sim,o0,
oname:conc_otype:lst_usecol:sim_time:548.0_obsid:wp1-f3_variable:ph,6.67102,0.0,conc,,,wp1-f3,conc,lst,548.0,sim,ph,
oname:conc_otype:lst_usecol:sim_time:548.0_obsid:wp1-f3_variable:so4,0.000477001,0.0,conc,,,wp1-f3,conc,lst,548.0,sim,so4,
oname:conc_otype:lst_usecol:sim_time:548.0_obsid:wp4-f5_variable:o0,2.0772e-09,0.0,conc,,,wp4-f5,conc,lst,548.0,sim,o0,
oname:conc_otype:lst_usecol:sim_time:548.0_obsid:wp4-f5_variable:ph,6.45395,0.0,conc,,,wp4-f5,conc,lst,548.0,sim,ph,
oname:conc_otype:lst_usecol:sim_time:548.0_obsid:wp4-f5_variable:so4,0.0006254,0.0,conc,,,wp4-f5,conc,lst,548.0,sim,so4,
oname:conc_otype:lst_usecol:sim_time:549.0_obsid:welopt-ly1_variable:so4,0.000270285,0.0,forecast,,,welopt-ly1,conc,lst,549.0,sim,so4,
oname:conc_otype:lst_usecol:sim_time:549.0_obsid:welopt-ly3_variable:o0,2.80324e-10,0.0,conc,,,welopt-ly3,conc,lst,549.0,sim,o0,
oname:conc_otype:lst_usecol:sim_time:549.0_obsid:welopt-ly3_variable:ph,6.55834,0.0,conc,,,welopt-ly3,conc,lst,549.0,sim,ph,
oname:conc_otype:lst_usecol:sim_time:549.0_obsid:welopt-ly3_variable:so4,0.00078429,0.0,forecast,,,welopt-ly3,conc,lst,549.0,sim,so4,
oname:conc_otype:lst_usecol:sim_time:549.0_obsid:welopt-ly5_variable:so4,0.000673881,0.0,forecast,,,welopt-ly5,conc,lst,549.0,sim,so4,
oname:conc_otype:lst_usecol:sim_time:549.0_obsid:wp1-f3_variable:o0,0.000405531,0.0,conc,,,wp1-f3,conc,lst,549.0,sim,o0,
oname:conc_otype:lst_usecol:sim_time:549.0_obsid:wp1-f3_variable:ph,6.67102,0.0,conc,,,wp1-f3,conc,lst,549.0,sim,ph,
oname:conc_otype:lst_usecol:sim_time:549.0_obsid:wp1-f3_variable:so4,0.000477001,0.0,conc,,,wp1-f3,conc,lst,549.0,sim,so4,
oname:conc_otype:lst_usecol:sim_time:549.0_obsid:wp4-f5_variable:o0,2.0772e-09,0.0,conc,,,wp4-f5,conc,lst,549.0,sim,o0,
oname:conc_otype:lst_usecol:sim_time:549.0_obsid:wp4-f5_variable:ph,6.45395,0.0,conc,,,wp4-f5,conc,lst,549.0,sim,ph,
oname:conc_otype:lst_usecol:sim_time:549.0_obsid:wp4-f5_variable:so4,0.0006254,0.0,conc,,,wp4-f5,conc,lst,549.0,sim,so4,
oname:conc_otype:lst_usecol:sim_time:55.0_obsid:welopt-ly3_variable:o0,0.0,0.0,conc,,,welopt-ly3,conc,lst,55.0,sim,o0,
oname:conc_otype:lst_usecol:sim_time:55.0_obsid:welopt-ly3_variable:ph,6.67491,0.0,conc,,,welopt-ly3,conc,lst,55.0,sim,ph,
oname:conc_otype:lst_usecol:sim_time:55.0_obsid:welopt-ly3_variable:so4,5.51077e-05,0.0,conc,,,welopt-ly3,conc,lst,55.0,sim,so4,
oname:conc_otype:lst_usecol:sim_time:55.0_obsid:wp1-f3_variable:o0,1.13825e-10,3065.696697424829,conc,,,wp1-f3,conc,lst,55.0,sim,o0,0.000326190128606
oname:conc_otype:lst_usecol:sim_time:55.0_obsid:wp1-f3_variable:ph,6.80574,0.6131393394849658,conc,,,wp1-f3,conc,lst,55.0,sim,ph,1.6309506430300091
oname:conc_otype:lst_usecol:sim_time:55.0_obsid:wp1-f3_variable:so4,0.000731898,1226.2786789699317,conc,,,wp1-f3,conc,lst,55.0,sim,so4,0.000815475321515
oname:conc_otype:lst_usecol:sim_time:55.0_obsid:wp4-f5_variable:o0,6.0620199999999995e-37,3143.4730673096574,conc,,,wp4-f5,conc,lst,55.0,sim,o0,0.0003181194744117
oname:conc_otype:lst_usecol:sim_time:55.0_obsid:wp4-f5_variable:ph,6.64892,0.6286946134619315,conc,,,wp4-f5,conc,lst,55.0,sim,ph,1.5905973720586868
oname:conc_otype:lst_usecol:sim_time:55.0_obsid:wp4-f5_variable:so4,9.18483e-05,1257.389226923863,conc,,,wp4-f5,conc,lst,55.0,sim,so4,0.0007952986860293
oname:conc_otype:lst_usecol:sim_time:550.0_obsid:welopt-ly1_variable:so4,0.000270285,0.0,forecast,,,welopt-ly1,conc,lst,550.0,sim,so4,
oname:conc_otype:lst_usecol:sim_time:550.0_obsid:welopt-ly3_variable:o0,2.80324e-10,0.0,conc,,,welopt-ly3,conc,lst,550.0,sim,o0,
oname:conc_otype:lst_usecol:sim_time:550.0_obsid:welopt-ly3_variable:ph,6.55834,0.0,conc,,,welopt-ly3,conc,lst,550.0,sim,ph,
oname:conc_otype:lst_usecol:sim_time:550.0_obsid:welopt-ly3_variable:so4,0.00078429,0.0,forecast,,,welopt-ly3,conc,lst,550.0,sim,so4,
oname:conc_otype:lst_usecol:sim_time:550.0_obsid:welopt-ly5_variable:so4,0.000673881,0.0,forecast,,,welopt-ly5,conc,lst,550.0,sim,so4,
oname:conc_otype:lst_usecol:sim_time:550.0_obsid:wp1-f3_variable:o0,0.000405531,0.0,conc,,,wp1-f3,conc,lst,550.0,sim,o0,
oname:conc_otype:lst_usecol:sim_time:550.0_obsid:wp1-f3_variable:ph,6.67102,0.0,conc,,,wp1-f3,conc,lst,550.0,sim,ph,
oname:conc_otype:lst_usecol:sim_time:550.0_obsid:wp1-f3_variable:so4,0.000477001,0.0,conc,,,wp1-f3,conc,lst,550.0,sim,so4,
oname:conc_otype:lst_usecol:sim_time:550.0_obsid:wp4-f5_variable:o0,2.0772e-09,0.0,conc,,,wp4-f5,conc,lst,550.0,sim,o0,
oname:conc_otype:lst_usecol:sim_time:550.0_obsid:wp4-f5_variable:ph,6.45395,0.0,conc,,,wp4-f5,conc,lst,550.0,sim,ph,
oname:conc_otype:lst_usecol:sim_time:550.0_obsid:wp4-f5_variable:so4,0.0006254,0.0,conc,,,wp4-f5,conc,lst,550.0,sim,so4,
oname:conc_otype:lst_usecol:sim_time:551.0_obsid:welopt-ly1_variable:so4,0.000270285,0.0,forecast,,,welopt-ly1,conc,lst,551.0,sim,so4,
oname:conc_otype:lst_usecol:sim_time:551.0_obsid:welopt-ly3_variable:o0,2.80324e-10,0.0,conc,,,welopt-ly3,conc,lst,551.0,sim,o0,
oname:conc_otype:lst_usecol:sim_time:551.0_obsid:welopt-ly3_variable:ph,6.55834,0.0,conc,,,welopt-ly3,conc,lst,551.0,sim,ph,
oname:conc_otype:lst_usecol:sim_time:551.0_obsid:welopt-ly3_variable:so4,0.00078429,0.0,forecast,,,welopt-ly3,conc,lst,551.0,sim,so4,
oname:conc_otype:lst_usecol:sim_time:551.0_obsid:welopt-ly5_variable:so4,0.000673881,0.0,forecast,,,welopt-ly5,conc,lst,551.0,sim,so4,
oname:conc_otype:lst_usecol:sim_time:551.0_obsid:wp1-f3_variable:o0,0.000405531,0.0,conc,,,wp1-f3,conc,lst,551.0,sim,o0,
oname:conc_otype:lst_usecol:sim_time:551.0_obsid:wp1-f3_variable:ph,6.67102,0.0,conc,,,wp1-f3,conc,lst,551.0,sim,ph,
oname:conc_otype:lst_usecol:sim_time:551.0_obsid:wp1-f3_variable:so4,0.000477001,0.0,conc,,,wp1-f3,conc,lst,551.0,sim,so4,
oname:conc_otype:lst_usecol:sim_time:551.0_obsid:wp4-f5_variable:o0,2.0772e-09,0.0,conc,,,wp4-f5,conc,lst,551.0,sim,o0,
oname:conc_otype:lst_usecol:sim_time:551.0_obsid:wp4-f5_variable:ph,6.45395,0.0,conc,,,wp4-f5,conc,lst,551.0,sim,ph,
oname:conc_otype:lst_usecol:sim_time:551.0_obsid:wp4-f5_variable:so4,0.0006254,0.0,conc,,,wp4-f5,conc,lst,551.0,sim,so4,
oname:conc_otype:lst_usecol:sim_time:552.0_obsid:welopt-ly1_variable:so4,0.000270285,0.0,forecast,,,welopt-ly1,conc,lst,552.0,sim,so4,
oname:conc_otype:lst_usecol:sim_time:552.0_obsid:welopt-ly3_variable:o0,2.80324e-10,0.0,conc,,,welopt-ly3,conc,lst,552.0,sim,o0,
oname:conc_otype:lst_usecol:sim_time:552.0_obsid:welopt-ly3_variable:ph,6.55834,0.0,conc,,,welopt-ly3,conc,lst,552.0,sim,ph,
oname:conc_otype:lst_usecol:sim_time:552.0_obsid:welopt-ly3_variable:so4,0.00078429,0.0,forecast,,,welopt-ly3,conc,lst,552.0,sim,so4,
oname:conc_otype:lst_usecol:sim_time:552.0_obsid:welopt-ly5_variable:so4,0.000673881,0.0,forecast,,,welopt-ly5,conc,lst,552.0,sim,so4,
oname:conc_otype:lst_usecol:sim_time:552.0_obsid:wp1-f3_variable:o0,0.000405531,0.0,conc,,,wp1-f3,conc,lst,552.0,sim,o0,
oname:conc_otype:lst_usecol:sim_time:552.0_obsid:wp1-f3_variable:ph,6.67102,0.0,conc,,,wp1-f3,conc,lst,552.0,sim,ph,
oname:conc_otype:lst_usecol:sim_time:552.0_obsid:wp1-f3_variable:so4,0.000477001,0.0,conc,,,wp1-f3,conc,lst,552.0,sim,so4,
oname:conc_otype:lst_usecol:sim_time:552.0_obsid:wp4-f5_variable:o0,2.0772e-09,0.0,conc,,,wp4-f5,conc,lst,552.0,sim,o0,
oname:conc_otype:lst_usecol:sim_time:552.0_obsid:wp4-f5_variable:ph,6.45395,0.0,conc,,,wp4-f5,conc,lst,552.0,sim,ph,
oname:conc_otype:lst_usecol:sim_time:552.0_obsid:wp4-f5_variable:so4,0.0006254,0.0,conc,,,wp4-f5,conc,lst,552.0,sim,so4,
oname:conc_otype:lst_usecol:sim_time:553.0_obsid:welopt-ly1_variable:so4,0.000270285,0.0,forecast,,,welopt-ly1,conc,lst,553.0,sim,so4,
oname:conc_otype:lst_usecol:sim_time:553.0_obsid:welopt-ly3_variable:o0,2.80324e-10,0.0,conc,,,welopt-ly3,conc,lst,553.0,sim,o0,
oname:conc_otype:lst_usecol:sim_time:553.0_obsid:welopt-ly3_variable:ph,6.55834,0.0,conc,,,welopt-ly3,conc,lst,553.0,sim,ph,
oname:conc_otype:lst_usecol:sim_time:553.0_obsid:welopt-ly3_variable:so4,0.00078429,0.0,forecast,,,welopt-ly3,conc,lst,553.0,sim,so4,
oname:conc_otype:lst_usecol:sim_time:553.0_obsid:welopt-ly5_variable:so4,0.000673881,0.0,forecast,,,welopt-ly5,conc,lst,553.0,sim,so4,
oname:conc_otype:lst_usecol:sim_time:553.0_obsid:wp1-f3_variable:o0,0.000405531,0.0,conc,,,wp1-f3,conc,lst,553.0,sim,o0,
oname:conc_otype:lst_usecol:sim_time:553.0_obsid:wp1-f3_variable:ph,6.67102,0.0,conc,,,wp1-f3,conc,lst,553.0,sim,ph,
oname:conc_otype:lst_usecol:sim_time:553.0_obsid:wp1-f3_variable:so4,0.000477001,0.0,conc,,,wp1-f3,conc,lst,553.0,sim,so4,
oname:conc_otype:lst_usecol:sim_time:553.0_obsid:wp4-f5_variable:o0,2.0772e-09,0.0,conc,,,wp4-f5,conc,lst,553.0,sim,o0,
oname:conc_otype:lst_usecol:sim_time:553.0_obsid:wp4-f5_variable:ph,6.45395,0.0,conc,,,wp4-f5,conc,lst,553.0,sim,ph,
oname:conc_otype:lst_usecol:sim_time:553.0_obsid:wp4-f5_variable:so4,0.0006254,0.0,conc,,,wp4-f5,conc,lst,553.0,sim,so4,
oname:conc_otype:lst_usecol:sim_time:554.0_obsid:welopt-ly1_variable:so4,0.000270285,0.0,forecast,,,welopt-ly1,conc,lst,554.0,sim,so4,
oname:conc_otype:lst_usecol:sim_time:554.0_obsid:welopt-ly3_variable:o0,2.80324e-10,0.0,conc,,,welopt-ly3,conc,lst,554.0,sim,o0,
oname:conc_otype:lst_usecol:sim_time:554.0_obsid:welopt-ly3_variable:ph,6.55834,0.0,conc,,,welopt-ly3,conc,lst,554.0,sim,ph,
oname:conc_otype:lst_usecol:sim_time:554.0_obsid:welopt-ly3_variable:so4,0.00078429,0.0,forecast,,,welopt-ly3,conc,lst,554.0,sim,so4,
oname:conc_otype:lst_usecol:sim_time:554.0_obsid:welopt-ly5_variable:so4,0.000673881,0.0,forecast,,,welopt-ly5,conc,lst,554.0,sim,so4,
oname:conc_otype:lst_usecol:sim_time:554.0_obsid:wp1-f3_variable:o0,0.000405531,0.0,conc,,,wp1-f3,conc,lst,554.0,sim,o0,
oname:conc_otype:lst_usecol:sim_time:554.0_obsid:wp1-f3_variable:ph,6.67102,0.0,conc,,,wp1-f3,conc,lst,554.0,sim,ph,
oname:conc_otype:lst_usecol:sim_time:554.0_obsid:wp1-f3_variable:so4,0.000477001,0.0,conc,,,wp1-f3,conc,lst,554.0,sim,so4,
oname:conc_otype:lst_usecol:sim_time:554.0_obsid:wp4-f5_variable:o0,2.0772e-09,0.0,conc,,,wp4-f5,conc,lst,554.0,sim,o0,
oname:conc_otype:lst_usecol:sim_time:554.0_obsid:wp4-f5_variable:ph,6.45395,0.0,conc,,,wp4-f5,conc,lst,554.0,sim,ph,
oname:conc_otype:lst_usecol:sim_time:554.0_obsid:wp4-f5_variable:so4,0.0006254,0.0,conc,,,wp4-f5,conc,lst,554.0,sim,so4,
oname:conc_otype:lst_usecol:sim_time:555.0_obsid:welopt-ly1_variable:so4,0.00027829,0.0,forecast,,,welopt-ly1,conc,lst,555.0,sim,so4,
oname:conc_otype:lst_usecol:sim_time:555.0_obsid:welopt-ly3_variable:o0,3.45587e-10,0.0,conc,,,welopt-ly3,conc,lst,555.0,sim,o0,
oname:conc_otype:lst_usecol:sim_time:555.0_obsid:welopt-ly3_variable:ph,6.55567,0.0,conc,,,welopt-ly3,conc,lst,555.0,sim,ph,
oname:conc_otype:lst_usecol:sim_time:555.0_obsid:welopt-ly3_variable:so4,0.000739745,0.0,forecast,,,welopt-ly3,conc,lst,555.0,sim,so4,
oname:conc_otype:lst_usecol:sim_time:555.0_obsid:welopt-ly5_variable:so4,0.000633412,0.0,forecast,,,welopt-ly5,conc,lst,555.0,sim,so4,
oname:conc_otype:lst_usecol:sim_time:555.0_obsid:wp1-f3_variable:o0,0.000446612,0.0,conc,,,wp1-f3,conc,lst,555.0,sim,o0,
oname:conc_otype:lst_usecol:sim_time:555.0_obsid:wp1-f3_variable:ph,6.72072,0.0,conc,,,wp1-f3,conc,lst,555.0,sim,ph,
oname:conc_otype:lst_usecol:sim_time:555.0_obsid:wp1-f3_variable:so4,0.000417342,0.0,conc,,,wp1-f3,conc,lst,555.0,sim,so4,
oname:conc_otype:lst_usecol:sim_time:555.0_obsid:wp4-f5_variable:o0,1.83534e-09,0.0,conc,,,wp4-f5,conc,lst,555.0,sim,o0,
oname:conc_otype:lst_usecol:sim_time:555.0_obsid:wp4-f5_variable:ph,6.49006,0.0,conc,,,wp4-f5,conc,lst,555.0,sim,ph,
oname:conc_otype:lst_usecol:sim_time:555.0_obsid:wp4-f5_variable:so4,0.000583023,0.0,conc,,,wp4-f5,conc,lst,555.0,sim,so4,
oname:conc_otype:lst_usecol:sim_time:556.0_obsid:welopt-ly1_variable:so4,0.00027829,0.0,forecast,,,welopt-ly1,conc,lst,556.0,sim,so4,
oname:conc_otype:lst_usecol:sim_time:556.0_obsid:welopt-ly3_variable:o0,3.45587e-10,0.0,conc,,,welopt-ly3,conc,lst,556.0,sim,o0,
oname:conc_otype:lst_usecol:sim_time:556.0_obsid:welopt-ly3_variable:ph,6.55567,0.0,conc,,,welopt-ly3,conc,lst,556.0,sim,ph,
oname:conc_otype:lst_usecol:sim_time:556.0_obsid:welopt-ly3_variable:so4,0.000739745,0.0,forecast,,,welopt-ly3,conc,lst,556.0,sim,so4,
oname:conc_otype:lst_usecol:sim_time:556.0_obsid:welopt-ly5_variable:so4,0.000633412,0.0,forecast,,,welopt-ly5,conc,lst,556.0,sim,so4,
oname:conc_otype:lst_usecol:sim_time:556.0_obsid:wp1-f3_variable:o0,0.000446612,0.0,conc,,,wp1-f3,conc,lst,556.0,sim,o0,
oname:conc_otype:lst_usecol:sim_time:556.0_obsid:wp1-f3_variable:ph,6.72072,0.0,conc,,,wp1-f3,conc,lst,556.0,sim,ph,
oname:conc_otype:lst_usecol:sim_time:556.0_obsid:wp1-f3_variable:so4,0.000417342,0.0,conc,,,wp1-f3,conc,lst,556.0,sim,so4,
oname:conc_otype:lst_usecol:sim_time:556.0_obsid:wp4-f5_variable:o0,1.83534e-09,0.0,conc,,,wp4-f5,conc,lst,556.0,sim,o0,
oname:conc_otype:lst_usecol:sim_time:556.0_obsid:wp4-f5_variable:ph,6.49006,0.0,conc,,,wp4-f5,conc,lst,556.0,sim,ph,
oname:conc_otype:lst_usecol:sim_time:556.0_obsid:wp4-f5_variable:so4,0.000583023,0.0,conc,,,wp4-f5,conc,lst,556.0,sim,so4,
oname:conc_otype:lst_usecol:sim_time:557.0_obsid:welopt-ly1_variable:so4,0.00027829,0.0,forecast,,,welopt-ly1,conc,lst,557.0,sim,so4,
oname:conc_otype:lst_usecol:sim_time:557.0_obsid:welopt-ly3_variable:o0,3.45587e-10,0.0,conc,,,welopt-ly3,conc,lst,557.0,sim,o0,
oname:conc_otype:lst_usecol:sim_time:557.0_obsid:welopt-ly3_variable:ph,6.55567,0.0,conc,,,welopt-ly3,conc,lst,557.0,sim,ph,
oname:conc_otype:lst_usecol:sim_time:557.0_obsid:welopt-ly3_variable:so4,0.000739745,0.0,forecast,,,welopt-ly3,conc,lst,557.0,sim,so4,
oname:conc_otype:lst_usecol:sim_time:557.0_obsid:welopt-ly5_variable:so4,0.000633412,0.0,forecast,,,welopt-ly5,conc,lst,557.0,sim,so4,
oname:conc_otype:lst_usecol:sim_time:557.0_obsid:wp1-f3_variable:o0,0.000446612,0.0,conc,,,wp1-f3,conc,lst,557.0,sim,o0,
oname:conc_otype:lst_usecol:sim_time:557.0_obsid:wp1-f3_variable:ph,6.72072,0.0,conc,,,wp1-f3,conc,lst,557.0,sim,ph,
oname:conc_otype:lst_usecol:sim_time:557.0_obsid:wp1-f3_variable:so4,0.000417342,0.0,conc,,,wp1-f3,conc,lst,557.0,sim,so4,
oname:conc_otype:lst_usecol:sim_time:557.0_obsid:wp4-f5_variable:o0,1.83534e-09,0.0,conc,,,wp4-f5,conc,lst,557.0,sim,o0,
oname:conc_otype:lst_usecol:sim_time:557.0_obsid:wp4-f5_variable:ph,6.49006,0.0,conc,,,wp4-f5,conc,lst,557.0,sim,ph,
oname:conc_otype:lst_usecol:sim_time:557.0_obsid:wp4-f5_variable:so4,0.000583023,0.0,conc,,,wp4-f5,conc,lst,557.0,sim,so4,
oname:conc_otype:lst_usecol:sim_time:558.0_obsid:welopt-ly1_variable:so4,0.00027829,0.0,forecast,,,welopt-ly1,conc,lst,558.0,sim,so4,
oname:conc_otype:lst_usecol:sim_time:558.0_obsid:welopt-ly3_variable:o0,3.45587e-10,0.0,conc,,,welopt-ly3,conc,lst,558.0,sim,o0,
oname:conc_otype:lst_usecol:sim_time:558.0_obsid:welopt-ly3_variable:ph,6.55567,0.0,conc,,,welopt-ly3,conc,lst,558.0,sim,ph,
oname:conc_otype:lst_usecol:sim_time:558.0_obsid:welopt-ly3_variable:so4,0.000739745,0.0,forecast,,,welopt-ly3,conc,lst,558.0,sim,so4,
oname:conc_otype:lst_usecol:sim_time:558.0_obsid:welopt-ly5_variable:so4,0.000633412,0.0,forecast,,,welopt-ly5,conc,lst,558.0,sim,so4,
oname:conc_otype:lst_usecol:sim_time:558.0_obsid:wp1-f3_variable:o0,0.000446612,0.0,conc,,,wp1-f3,conc,lst,558.0,sim,o0,
oname:conc_otype:lst_usecol:sim_time:558.0_obsid:wp1-f3_variable:ph,6.72072,0.0,conc,,,wp1-f3,conc,lst,558.0,sim,ph,
oname:conc_otype:lst_usecol:sim_time:558.0_obsid:wp1-f3_variable:so4,0.000417342,0.0,conc,,,wp1-f3,conc,lst,558.0,sim,so4,
oname:conc_otype:lst_usecol:sim_time:558.0_obsid:wp4-f5_variable:o0,1.83534e-09,0.0,conc,,,wp4-f5,conc,lst,558.0,sim,o0,
oname:conc_otype:lst_usecol:sim_time:558.0_obsid:wp4-f5_variable:ph,6.49006,0.0,conc,,,wp4-f5,conc,lst,558.0,sim,ph,
oname:conc_otype:lst_usecol:sim_time:558.0_obsid:wp4-f5_variable:so4,0.000583023,0.0,conc,,,wp4-f5,conc,lst,558.0,sim,so4,
oname:conc_otype:lst_usecol:sim_time:559.0_obsid:welopt-ly1_variable:so4,0.00027829,0.0,forecast,,,welopt-ly1,conc,lst,559.0,sim,so4,
oname:conc_otype:lst_usecol:sim_time:559.0_obsid:welopt-ly3_variable:o0,3.45587e-10,0.0,conc,,,welopt-ly3,conc,lst,559.0,sim,o0,
oname:conc_otype:lst_usecol:sim_time:559.0_obsid:welopt-ly3_variable:ph,6.55567,0.0,conc,,,welopt-ly3,conc,lst,559.0,sim,ph,
oname:conc_otype:lst_usecol:sim_time:559.0_obsid:welopt-ly3_variable:so4,0.000739745,0.0,forecast,,,welopt-ly3,conc,lst,559.0,sim,so4,
oname:conc_otype:lst_usecol:sim_time:559.0_obsid:welopt-ly5_variable:so4,0.000633412,0.0,forecast,,,welopt-ly5,conc,lst,559.0,sim,so4,
oname:conc_otype:lst_usecol:sim_time:559.0_obsid:wp1-f3_variable:o0,0.000446612,0.0,conc,,,wp1-f3,conc,lst,559.0,sim,o0,
oname:conc_otype:lst_usecol:sim_time:559.0_obsid:wp1-f3_variable:ph,6.72072,0.0,conc,,,wp1-f3,conc,lst,559.0,sim,ph,
oname:conc_otype:lst_usecol:sim_time:559.0_obsid:wp1-f3_variable:so4,0.000417342,0.0,conc,,,wp1-f3,conc,lst,559.0,sim,so4,
oname:conc_otype:lst_usecol:sim_time:559.0_obsid:wp4-f5_variable:o0,1.83534e-09,0.0,conc,,,wp4-f5,conc,lst,559.0,sim,o0,
oname:conc_otype:lst_usecol:sim_time:559.0_obsid:wp4-f5_variable:ph,6.49006,0.0,conc,,,wp4-f5,conc,lst,559.0,sim,ph,
oname:conc_otype:lst_usecol:sim_time:559.0_obsid:wp4-f5_variable:so4,0.000583023,0.0,conc,,,wp4-f5,conc,lst,559.0,sim,so4,
oname:conc_otype:lst_usecol:sim_time:56.0_obsid:welopt-ly3_variable:o0,0.0,0.0,conc,,,welopt-ly3,conc,lst,56.0,sim,o0,
oname:conc_otype:lst_usecol:sim_time:56.0_obsid:welopt-ly3_variable:ph,6.67491,0.0,conc,,,welopt-ly3,conc,lst,56.0,sim,ph,
oname:conc_otype:lst_usecol:sim_time:56.0_obsid:welopt-ly3_variable:so4,5.51077e-05,0.0,conc,,,welopt-ly3,conc,lst,56.0,sim,so4,
oname:conc_otype:lst_usecol:sim_time:56.0_obsid:wp1-f3_variable:o0,1.13825e-10,3065.696697424829,conc,,,wp1-f3,conc,lst,56.0,sim,o0,0.000326190128606
oname:conc_otype:lst_usecol:sim_time:56.0_obsid:wp1-f3_variable:ph,6.80574,0.6131393394849658,conc,,,wp1-f3,conc,lst,56.0,sim,ph,1.6309506430300091
oname:conc_otype:lst_usecol:sim_time:56.0_obsid:wp1-f3_variable:so4,0.000731898,1226.2786789699317,conc,,,wp1-f3,conc,lst,56.0,sim,so4,0.000815475321515
oname:conc_otype:lst_usecol:sim_time:56.0_obsid:wp4-f5_variable:o0,6.0620199999999995e-37,3143.4730673096574,conc,,,wp4-f5,conc,lst,56.0,sim,o0,0.0003181194744117
oname:conc_otype:lst_usecol:sim_time:56.0_obsid:wp4-f5_variable:ph,6.64892,0.6286946134619315,conc,,,wp4-f5,conc,lst,56.0,sim,ph,1.5905973720586868
oname:conc_otype:lst_usecol:sim_time:56.0_obsid:wp4-f5_variable:so4,9.18483e-05,1257.389226923863,conc,,,wp4-f5,conc,lst,56.0,sim,so4,0.0007952986860293
oname:conc_otype:lst_usecol:sim_time:560.0_obsid:welopt-ly1_variable:so4,0.00027829,0.0,forecast,,,welopt-ly1,conc,lst,560.0,sim,so4,
oname:conc_otype:lst_usecol:sim_time:560.0_obsid:welopt-ly3_variable:o0,3.45587e-10,0.0,conc,,,welopt-ly3,conc,lst,560.0,sim,o0,
oname:conc_otype:lst_usecol:sim_time:560.0_obsid:welopt-ly3_variable:ph,6.55567,0.0,conc,,,welopt-ly3,conc,lst,560.0,sim,ph,
oname:conc_otype:lst_usecol:sim_time:560.0_obsid:welopt-ly3_variable:so4,0.000739745,0.0,forecast,,,welopt-ly3,conc,lst,560.0,sim,so4,
oname:conc_otype:lst_usecol:sim_time:560.0_obsid:welopt-ly5_variable:so4,0.000633412,0.0,forecast,,,welopt-ly5,conc,lst,560.0,sim,so4,
oname:conc_otype:lst_usecol:sim_time:560.0_obsid:wp1-f3_variable:o0,0.000446612,0.0,conc,,,wp1-f3,conc,lst,560.0,sim,o0,
oname:conc_otype:lst_usecol:sim_time:560.0_obsid:wp1-f3_variable:ph,6.72072,0.0,conc,,,wp1-f3,conc,lst,560.0,sim,ph,
oname:conc_otype:lst_usecol:sim_time:560.0_obsid:wp1-f3_variable:so4,0.000417342,0.0,conc,,,wp1-f3,conc,lst,560.0,sim,so4,
oname:conc_otype:lst_usecol:sim_time:560.0_obsid:wp4-f5_variable:o0,1.83534e-09,0.0,conc,,,wp4-f5,conc,lst,560.0,sim,o0,
oname:conc_otype:lst_usecol:sim_time:560.0_obsid:wp4-f5_variable:ph,6.49006,0.0,conc,,,wp4-f5,conc,lst,560.0,sim,ph,
oname:conc_otype:lst_usecol:sim_time:560.0_obsid:wp4-f5_variable:so4,0.000583023,0.0,conc,,,wp4-f5,conc,lst,560.0,sim,so4,
oname:conc_otype:lst_usecol:sim_time:561.0_obsid:welopt-ly1_variable:so4,0.00027829,0.0,forecast,,,welopt-ly1,conc,lst,561.0,sim,so4,
oname:conc_otype:lst_usecol:sim_time:561.0_obsid:welopt-ly3_variable:o0,3.45587e-10,0.0,conc,,,welopt-ly3,conc,lst,561.0,sim,o0,
oname:conc_otype:lst_usecol:sim_time:561.0_obsid:welopt-ly3_variable:ph,6.55567,0.0,conc,,,welopt-ly3,conc,lst,561.0,sim,ph,
oname:conc_otype:lst_usecol:sim_time:561.0_obsid:welopt-ly3_variable:so4,0.000739745,0.0,forecast,,,welopt-ly3,conc,lst,561.0,sim,so4,
oname:conc_otype:lst_usecol:sim_time:561.0_obsid:welopt-ly5_variable:so4,0.000633412,0.0,forecast,,,welopt-ly5,conc,lst,561.0,sim,so4,
oname:conc_otype:lst_usecol:sim_time:561.0_obsid:wp1-f3_variable:o0,0.000446612,0.0,conc,,,wp1-f3,conc,lst,561.0,sim,o0,
oname:conc_otype:lst_usecol:sim_time:561.0_obsid:wp1-f3_variable:ph,6.72072,0.0,conc,,,wp1-f3,conc,lst,561.0,sim,ph,
oname:conc_otype:lst_usecol:sim_time:561.0_obsid:wp1-f3_variable:so4,0.000417342,0.0,conc,,,wp1-f3,conc,lst,561.0,sim,so4,
oname:conc_otype:lst_usecol:sim_time:561.0_obsid:wp4-f5_variable:o0,1.83534e-09,0.0,conc,,,wp4-f5,conc,lst,561.0,sim,o0,
oname:conc_otype:lst_usecol:sim_time:561.0_obsid:wp4-f5_variable:ph,6.49006,0.0,conc,,,wp4-f5,conc,lst,561.0,sim,ph,
oname:conc_otype:lst_usecol:sim_time:561.0_obsid:wp4-f5_variable:so4,0.000583023,0.0,conc,,,wp4-f5,conc,lst,561.0,sim,so4,
oname:conc_otype:lst_usecol:sim_time:562.0_obsid:welopt-ly1_variable:so4,0.000286256,0.0,forecast,,,welopt-ly1,conc,lst,562.0,sim,so4,
oname:conc_otype:lst_usecol:sim_time:562.0_obsid:welopt-ly3_variable:o0,3.62235e-10,0.0,conc,,,welopt-ly3,conc,lst,562.0,sim,o0,
oname:conc_otype:lst_usecol:sim_time:562.0_obsid:welopt-ly3_variable:ph,6.54919,0.0,conc,,,welopt-ly3,conc,lst,562.0,sim,ph,
oname:conc_otype:lst_usecol:sim_time:562.0_obsid:welopt-ly3_variable:so4,0.000715475,0.0,forecast,,,welopt-ly3,conc,lst,562.0,sim,so4,
oname:conc_otype:lst_usecol:sim_time:562.0_obsid:welopt-ly5_variable:so4,0.000604947,0.0,forecast,,,welopt-ly5,conc,lst,562.0,sim,so4,
oname:conc_otype:lst_usecol:sim_time:562.0_obsid:wp1-f3_variable:o0,0.000451468,0.0,conc,,,wp1-f3,conc,lst,562.0,sim,o0,
oname:conc_otype:lst_usecol:sim_time:562.0_obsid:wp1-f3_variable:ph,6.72905,0.0,conc,,,wp1-f3,conc,lst,562.0,sim,ph,
oname:conc_otype:lst_usecol:sim_time:562.0_obsid:wp1-f3_variable:so4,0.000408518,0.0,conc,,,wp1-f3,conc,lst,562.0,sim,so4,
oname:conc_otype:lst_usecol:sim_time:562.0_obsid:wp4-f5_variable:o0,2.60372e-09,0.0,conc,,,wp4-f5,conc,lst,562.0,sim,o0,
oname:conc_otype:lst_usecol:sim_time:562.0_obsid:wp4-f5_variable:ph,6.51409,0.0,conc,,,wp4-f5,conc,lst,562.0,sim,ph,
oname:conc_otype:lst_usecol:sim_time:562.0_obsid:wp4-f5_variable:so4,0.000541756,0.0,conc,,,wp4-f5,conc,lst,562.0,sim,so4,
oname:conc_otype:lst_usecol:sim_time:563.0_obsid:welopt-ly1_variable:so4,0.000286256,0.0,forecast,,,welopt-ly1,conc,lst,563.0,sim,so4,
oname:conc_otype:lst_usecol:sim_time:563.0_obsid:welopt-ly3_variable:o0,3.62235e-10,0.0,conc,,,welopt-ly3,conc,lst,563.0,sim,o0,
oname:conc_otype:lst_usecol:sim_time:563.0_obsid:welopt-ly3_variable:ph,6.54919,0.0,conc,,,welopt-ly3,conc,lst,563.0,sim,ph,
oname:conc_otype:lst_usecol:sim_time:563.0_obsid:welopt-ly3_variable:so4,0.000715475,0.0,forecast,,,welopt-ly3,conc,lst,563.0,sim,so4,
oname:conc_otype:lst_usecol:sim_time:563.0_obsid:welopt-ly5_variable:so4,0.000604947,0.0,forecast,,,welopt-ly5,conc,lst,563.0,sim,so4,
oname:conc_otype:lst_usecol:sim_time:563.0_obsid:wp1-f3_variable:o0,0.000451468,0.0,conc,,,wp1-f3,conc,lst,563.0,sim,o0,
oname:conc_otype:lst_usecol:sim_time:563.0_obsid:wp1-f3_variable:ph,6.72905,0.0,conc,,,wp1-f3,conc,lst,563.0,sim,ph,
oname:conc_otype:lst_usecol:sim_time:563.0_obsid:wp1-f3_variable:so4,0.000408518,0.0,conc,,,wp1-f3,conc,lst,563.0,sim,so4,
oname:conc_otype:lst_usecol:sim_time:563.0_obsid:wp4-f5_variable:o0,2.60372e-09,0.0,conc,,,wp4-f5,conc,lst,563.0,sim,o0,
oname:conc_otype:lst_usecol:sim_time:563.0_obsid:wp4-f5_variable:ph,6.51409,0.0,conc,,,wp4-f5,conc,lst,563.0,sim,ph,
oname:conc_otype:lst_usecol:sim_time:563.0_obsid:wp4-f5_variable:so4,0.000541756,0.0,conc,,,wp4-f5,conc,lst,563.0,sim,so4,
oname:conc_otype:lst_usecol:sim_time:564.0_obsid:welopt-ly1_variable:so4,0.000286256,0.0,forecast,,,welopt-ly1,conc,lst,564.0,sim,so4,
oname:conc_otype:lst_usecol:sim_time:564.0_obsid:welopt-ly3_variable:o0,3.62235e-10,0.0,conc,,,welopt-ly3,conc,lst,564.0,sim,o0,
oname:conc_otype:lst_usecol:sim_time:564.0_obsid:welopt-ly3_variable:ph,6.54919,0.0,conc,,,welopt-ly3,conc,lst,564.0,sim,ph,
oname:conc_otype:lst_usecol:sim_time:564.0_obsid:welopt-ly3_variable:so4,0.000715475,0.0,forecast,,,welopt-ly3,conc,lst,564.0,sim,so4,
oname:conc_otype:lst_usecol:sim_time:564.0_obsid:welopt-ly5_variable:so4,0.000604947,0.0,forecast,,,welopt-ly5,conc,lst,564.0,sim,so4,
oname:conc_otype:lst_usecol:sim_time:564.0_obsid:wp1-f3_variable:o0,0.000451468,0.0,conc,,,wp1-f3,conc,lst,564.0,sim,o0,
oname:conc_otype:lst_usecol:sim_time:564.0_obsid:wp1-f3_variable:ph,6.72905,0.0,conc,,,wp1-f3,conc,lst,564.0,sim,ph,
oname:conc_otype:lst_usecol:sim_time:564.0_obsid:wp1-f3_variable:so4,0.000408518,0.0,conc,,,wp1-f3,conc,lst,564.0,sim,so4,
oname:conc_otype:lst_usecol:sim_time:564.0_obsid:wp4-f5_variable:o0,2.60372e-09,0.0,conc,,,wp4-f5,conc,lst,564.0,sim,o0,
oname:conc_otype:lst_usecol:sim_time:564.0_obsid:wp4-f5_variable:ph,6.51409,0.0,conc,,,wp4-f5,conc,lst,564.0,sim,ph,
oname:conc_otype:lst_usecol:sim_time:564.0_obsid:wp4-f5_variable:so4,0.000541756,0.0,conc,,,wp4-f5,conc,lst,564.0,sim,so4,
oname:conc_otype:lst_usecol:sim_time:565.0_obsid:welopt-ly1_variable:so4,0.000286256,0.0,forecast,,,welopt-ly1,conc,lst,565.0,sim,so4,
oname:conc_otype:lst_usecol:sim_time:565.0_obsid:welopt-ly3_variable:o0,3.62235e-10,0.0,conc,,,welopt-ly3,conc,lst,565.0,sim,o0,
oname:conc_otype:lst_usecol:sim_time:565.0_obsid:welopt-ly3_variable:ph,6.54919,0.0,conc,,,welopt-ly3,conc,lst,565.0,sim,ph,
oname:conc_otype:lst_usecol:sim_time:565.0_obsid:welopt-ly3_variable:so4,0.000715475,0.0,forecast,,,welopt-ly3,conc,lst,565.0,sim,so4,
oname:conc_otype:lst_usecol:sim_time:565.0_obsid:welopt-ly5_variable:so4,0.000604947,0.0,forecast,,,welopt-ly5,conc,lst,565.0,sim,so4,
oname:conc_otype:lst_usecol:sim_time:565.0_obsid:wp1-f3_variable:o0,0.000451468,0.0,conc,,,wp1-f3,conc,lst,565.0,sim,o0,
oname:conc_otype:lst_usecol:sim_time:565.0_obsid:wp1-f3_variable:ph,6.72905,0.0,conc,,,wp1-f3,conc,lst,565.0,sim,ph,
oname:conc_otype:lst_usecol:sim_time:565.0_obsid:wp1-f3_variable:so4,0.000408518,0.0,conc,,,wp1-f3,conc,lst,565.0,sim,so4,
oname:conc_otype:lst_usecol:sim_time:565.0_obsid:wp4-f5_variable:o0,2.60372e-09,0.0,conc,,,wp4-f5,conc,lst,565.0,sim,o0,
oname:conc_otype:lst_usecol:sim_time:565.0_obsid:wp4-f5_variable:ph,6.51409,0.0,conc,,,wp4-f5,conc,lst,565.0,sim,ph,
oname:conc_otype:lst_usecol:sim_time:565.0_obsid:wp4-f5_variable:so4,0.000541756,0.0,conc,,,wp4-f5,conc,lst,565.0,sim,so4,
oname:conc_otype:lst_usecol:sim_time:566.0_obsid:welopt-ly1_variable:so4,0.000286256,0.0,forecast,,,welopt-ly1,conc,lst,566.0,sim,so4,
oname:conc_otype:lst_usecol:sim_time:566.0_obsid:welopt-ly3_variable:o0,3.62235e-10,0.0,conc,,,welopt-ly3,conc,lst,566.0,sim,o0,
oname:conc_otype:lst_usecol:sim_time:566.0_obsid:welopt-ly3_variable:ph,6.54919,0.0,conc,,,welopt-ly3,conc,lst,566.0,sim,ph,
oname:conc_otype:lst_usecol:sim_time:566.0_obsid:welopt-ly3_variable:so4,0.000715475,0.0,forecast,,,welopt-ly3,conc,lst,566.0,sim,so4,
oname:conc_otype:lst_usecol:sim_time:566.0_obsid:welopt-ly5_variable:so4,0.000604947,0.0,forecast,,,welopt-ly5,conc,lst,566.0,sim,so4,
oname:conc_otype:lst_usecol:sim_time:566.0_obsid:wp1-f3_variable:o0,0.000451468,0.0,conc,,,wp1-f3,conc,lst,566.0,sim,o0,
oname:conc_otype:lst_usecol:sim_time:566.0_obsid:wp1-f3_variable:ph,6.72905,0.0,conc,,,wp1-f3,conc,lst,566.0,sim,ph,
oname:conc_otype:lst_usecol:sim_time:566.0_obsid:wp1-f3_variable:so4,0.000408518,0.0,conc,,,wp1-f3,conc,lst,566.0,sim,so4,
oname:conc_otype:lst_usecol:sim_time:566.0_obsid:wp4-f5_variable:o0,2.60372e-09,0.0,conc,,,wp4-f5,conc,lst,566.0,sim,o0,
oname:conc_otype:lst_usecol:sim_time:566.0_obsid:wp4-f5_variable:ph,6.51409,0.0,conc,,,wp4-f5,conc,lst,566.0,sim,ph,
oname:conc_otype:lst_usecol:sim_time:566.0_obsid:wp4-f5_variable:so4,0.000541756,0.0,conc,,,wp4-f5,conc,lst,566.0,sim,so4,
oname:conc_otype:lst_usecol:sim_time:567.0_obsid:welopt-ly1_variable:so4,0.000286256,0.0,forecast,,,welopt-ly1,conc,lst,567.0,sim,so4,
oname:conc_otype:lst_usecol:sim_time:567.0_obsid:welopt-ly3_variable:o0,3.62235e-10,0.0,conc,,,welopt-ly3,conc,lst,567.0,sim,o0,
oname:conc_otype:lst_usecol:sim_time:567.0_obsid:welopt-ly3_variable:ph,6.54919,0.0,conc,,,welopt-ly3,conc,lst,567.0,sim,ph,
oname:conc_otype:lst_usecol:sim_time:567.0_obsid:welopt-ly3_variable:so4,0.000715475,0.0,forecast,,,welopt-ly3,conc,lst,567.0,sim,so4,
oname:conc_otype:lst_usecol:sim_time:567.0_obsid:welopt-ly5_variable:so4,0.000604947,0.0,forecast,,,welopt-ly5,conc,lst,567.0,sim,so4,
oname:conc_otype:lst_usecol:sim_time:567.0_obsid:wp1-f3_variable:o0,0.000451468,0.0,conc,,,wp1-f3,conc,lst,567.0,sim,o0,
oname:conc_otype:lst_usecol:sim_time:567.0_obsid:wp1-f3_variable:ph,6.72905,0.0,conc,,,wp1-f3,conc,lst,567.0,sim,ph,
oname:conc_otype:lst_usecol:sim_time:567.0_obsid:wp1-f3_variable:so4,0.000408518,0.0,conc,,,wp1-f3,conc,lst,567.0,sim,so4,
oname:conc_otype:lst_usecol:sim_time:567.0_obsid:wp4-f5_variable:o0,2.60372e-09,0.0,conc,,,wp4-f5,conc,lst,567.0,sim,o0,
oname:conc_otype:lst_usecol:sim_time:567.0_obsid:wp4-f5_variable:ph,6.51409,0.0,conc,,,wp4-f5,conc,lst,567.0,sim,ph,
oname:conc_otype:lst_usecol:sim_time:567.0_obsid:wp4-f5_variable:so4,0.000541756,0.0,conc,,,wp4-f5,conc,lst,567.0,sim,so4,
oname:conc_otype:lst_usecol:sim_time:568.0_obsid:welopt-ly1_variable:so4,0.000286256,0.0,forecast,,,welopt-ly1,conc,lst,568.0,sim,so4,
oname:conc_otype:lst_usecol:sim_time:568.0_obsid:welopt-ly3_variable:o0,3.62235e-10,0.0,conc,,,welopt-ly3,conc,lst,568.0,sim,o0,
oname:conc_otype:lst_usecol:sim_time:568.0_obsid:welopt-ly3_variable:ph,6.54919,0.0,conc,,,welopt-ly3,conc,lst,568.0,sim,ph,
oname:conc_otype:lst_usecol:sim_time:568.0_obsid:welopt-ly3_variable:so4,0.000715475,0.0,forecast,,,welopt-ly3,conc,lst,568.0,sim,so4,
oname:conc_otype:lst_usecol:sim_time:568.0_obsid:welopt-ly5_variable:so4,0.000604947,0.0,forecast,,,welopt-ly5,conc,lst,568.0,sim,so4,
oname:conc_otype:lst_usecol:sim_time:568.0_obsid:wp1-f3_variable:o0,0.000451468,0.0,conc,,,wp1-f3,conc,lst,568.0,sim,o0,
oname:conc_otype:lst_usecol:sim_time:568.0_obsid:wp1-f3_variable:ph,6.72905,0.0,conc,,,wp1-f3,conc,lst,568.0,sim,ph,
oname:conc_otype:lst_usecol:sim_time:568.0_obsid:wp1-f3_variable:so4,0.000408518,0.0,conc,,,wp1-f3,conc,lst,568.0,sim,so4,
oname:conc_otype:lst_usecol:sim_time:568.0_obsid:wp4-f5_variable:o0,2.60372e-09,0.0,conc,,,wp4-f5,conc,lst,568.0,sim,o0,
oname:conc_otype:lst_usecol:sim_time:568.0_obsid:wp4-f5_variable:ph,6.51409,0.0,conc,,,wp4-f5,conc,lst,568.0,sim,ph,
oname:conc_otype:lst_usecol:sim_time:568.0_obsid:wp4-f5_variable:so4,0.000541756,0.0,conc,,,wp4-f5,conc,lst,568.0,sim,so4,
oname:conc_otype:lst_usecol:sim_time:569.0_obsid:welopt-ly1_variable:so4,0.000294231,0.0,forecast,,,welopt-ly1,conc,lst,569.0,sim,so4,
oname:conc_otype:lst_usecol:sim_time:569.0_obsid:welopt-ly3_variable:o0,3.6991e-10,0.0,conc,,,welopt-ly3,conc,lst,569.0,sim,o0,
oname:conc_otype:lst_usecol:sim_time:569.0_obsid:welopt-ly3_variable:ph,6.54839,0.0,conc,,,welopt-ly3,conc,lst,569.0,sim,ph,
oname:conc_otype:lst_usecol:sim_time:569.0_obsid:welopt-ly3_variable:so4,0.000692051,0.0,forecast,,,welopt-ly3,conc,lst,569.0,sim,so4,
oname:conc_otype:lst_usecol:sim_time:569.0_obsid:welopt-ly5_variable:so4,0.000589768,0.0,forecast,,,welopt-ly5,conc,lst,569.0,sim,so4,
oname:conc_otype:lst_usecol:sim_time:569.0_obsid:wp1-f3_variable:o0,0.00045109,0.0,conc,,,wp1-f3,conc,lst,569.0,sim,o0,
oname:conc_otype:lst_usecol:sim_time:569.0_obsid:wp1-f3_variable:ph,6.73196,0.0,conc,,,wp1-f3,conc,lst,569.0,sim,ph,
oname:conc_otype:lst_usecol:sim_time:569.0_obsid:wp1-f3_variable:so4,0.000406545,0.0,conc,,,wp1-f3,conc,lst,569.0,sim,so4,
oname:conc_otype:lst_usecol:sim_time:569.0_obsid:wp4-f5_variable:o0,3.23189e-09,0.0,conc,,,wp4-f5,conc,lst,569.0,sim,o0,
oname:conc_otype:lst_usecol:sim_time:569.0_obsid:wp4-f5_variable:ph,6.52258,0.0,conc,,,wp4-f5,conc,lst,569.0,sim,ph,
oname:conc_otype:lst_usecol:sim_time:569.0_obsid:wp4-f5_variable:so4,0.000534273,0.0,conc,,,wp4-f5,conc,lst,569.0,sim,so4,
oname:conc_otype:lst_usecol:sim_time:57.0_obsid:welopt-ly3_variable:o0,0.0,0.0,conc,,,welopt-ly3,conc,lst,57.0,sim,o0,
oname:conc_otype:lst_usecol:sim_time:57.0_obsid:welopt-ly3_variable:ph,6.67491,0.0,conc,,,welopt-ly3,conc,lst,57.0,sim,ph,
oname:conc_otype:lst_usecol:sim_time:57.0_obsid:welopt-ly3_variable:so4,5.51077e-05,0.0,conc,,,welopt-ly3,conc,lst,57.0,sim,so4,
oname:conc_otype:lst_usecol:sim_time:57.0_obsid:wp1-f3_variable:o0,1.13825e-10,3065.696697424829,conc,,,wp1-f3,conc,lst,57.0,sim,o0,0.000326190128606
oname:conc_otype:lst_usecol:sim_time:57.0_obsid:wp1-f3_variable:ph,6.80574,0.6131393394849658,conc,,,wp1-f3,conc,lst,57.0,sim,ph,1.6309506430300091
oname:conc_otype:lst_usecol:sim_time:57.0_obsid:wp1-f3_variable:so4,0.000731898,1226.2786789699317,conc,,,wp1-f3,conc,lst,57.0,sim,so4,0.000815475321515
oname:conc_otype:lst_usecol:sim_time:57.0_obsid:wp4-f5_variable:o0,6.0620199999999995e-37,3143.4730673096574,conc,,,wp4-f5,conc,lst,57.0,sim,o0,0.0003181194744117
oname:conc_otype:lst_usecol:sim_time:57.0_obsid:wp4-f5_variable:ph,6.64892,0.6286946134619315,conc,,,wp4-f5,conc,lst,57.0,sim,ph,1.5905973720586868
oname:conc_otype:lst_usecol:sim_time:57.0_obsid:wp4-f5_variable:so4,9.18483e-05,1257.389226923863,conc,,,wp4-f5,conc,lst,57.0,sim,so4,0.0007952986860293
oname:conc_otype:lst_usecol:sim_time:57.125_obsid:wp1-f3_variable:o0,1.14148e-10,3065.696697424829,conc,,,wp1-f3,conc,lst,57.125,sim,o0,0.000326190128606
oname:conc_otype:lst_usecol:sim_time:57.125_obsid:wp1-f3_variable:ph,6.80643,0.6131393394849658,conc,,,wp1-f3,conc,lst,57.125,sim,ph,1.6309506430300091
oname:conc_otype:lst_usecol:sim_time:57.125_obsid:wp1-f3_variable:so4,0.000729778,1226.2786789699317,conc,,,wp1-f3,conc,lst,57.125,sim,so4,0.000815475321515
oname:conc_otype:lst_usecol:sim_time:570.0_obsid:welopt-ly1_variable:so4,0.000294231,0.0,forecast,,,welopt-ly1,conc,lst,570.0,sim,so4,
oname:conc_otype:lst_usecol:sim_time:570.0_obsid:welopt-ly3_variable:o0,3.6991e-10,0.0,conc,,,welopt-ly3,conc,lst,570.0,sim,o0,
oname:conc_otype:lst_usecol:sim_time:570.0_obsid:welopt-ly3_variable:ph,6.54839,0.0,conc,,,welopt-ly3,conc,lst,570.0,sim,ph,
oname:conc_otype:lst_usecol:sim_time:570.0_obsid:welopt-ly3_variable:so4,0.000692051,0.0,forecast,,,welopt-ly3,conc,lst,570.0,sim,so4,
oname:conc_otype:lst_usecol:sim_time:570.0_obsid:welopt-ly5_variable:so4,0.000589768,0.0,forecast,,,welopt-ly5,conc,lst,570.0,sim,so4,
oname:conc_otype:lst_usecol:sim_time:570.0_obsid:wp1-f3_variable:o0,0.00045109,0.0,conc,,,wp1-f3,conc,lst,570.0,sim,o0,
oname:conc_otype:lst_usecol:sim_time:570.0_obsid:wp1-f3_variable:ph,6.73196,0.0,conc,,,wp1-f3,conc,lst,570.0,sim,ph,
oname:conc_otype:lst_usecol:sim_time:570.0_obsid:wp1-f3_variable:so4,0.000406545,0.0,conc,,,wp1-f3,conc,lst,570.0,sim,so4,
oname:conc_otype:lst_usecol:sim_time:570.0_obsid:wp4-f5_variable:o0,3.23189e-09,0.0,conc,,,wp4-f5,conc,lst,570.0,sim,o0,
oname:conc_otype:lst_usecol:sim_time:570.0_obsid:wp4-f5_variable:ph,6.52258,0.0,conc,,,wp4-f5,conc,lst,570.0,sim,ph,
oname:conc_otype:lst_usecol:sim_time:570.0_obsid:wp4-f5_variable:so4,0.000534273,0.0,conc,,,wp4-f5,conc,lst,570.0,sim,so4,
oname:conc_otype:lst_usecol:sim_time:571.0_obsid:welopt-ly1_variable:so4,0.000294231,0.0,forecast,,,welopt-ly1,conc,lst,571.0,sim,so4,
oname:conc_otype:lst_usecol:sim_time:571.0_obsid:welopt-ly3_variable:o0,3.6991e-10,0.0,conc,,,welopt-ly3,conc,lst,571.0,sim,o0,
oname:conc_otype:lst_usecol:sim_time:571.0_obsid:welopt-ly3_variable:ph,6.54839,0.0,conc,,,welopt-ly3,conc,lst,571.0,sim,ph,
oname:conc_otype:lst_usecol:sim_time:571.0_obsid:welopt-ly3_variable:so4,0.000692051,0.0,forecast,,,welopt-ly3,conc,lst,571.0,sim,so4,
oname:conc_otype:lst_usecol:sim_time:571.0_obsid:welopt-ly5_variable:so4,0.000589768,0.0,forecast,,,welopt-ly5,conc,lst,571.0,sim,so4,
oname:conc_otype:lst_usecol:sim_time:571.0_obsid:wp1-f3_variable:o0,0.00045109,0.0,conc,,,wp1-f3,conc,lst,571.0,sim,o0,
oname:conc_otype:lst_usecol:sim_time:571.0_obsid:wp1-f3_variable:ph,6.73196,0.0,conc,,,wp1-f3,conc,lst,571.0,sim,ph,
oname:conc_otype:lst_usecol:sim_time:571.0_obsid:wp1-f3_variable:so4,0.000406545,0.0,conc,,,wp1-f3,conc,lst,571.0,sim,so4,
oname:conc_otype:lst_usecol:sim_time:571.0_obsid:wp4-f5_variable:o0,3.23189e-09,0.0,conc,,,wp4-f5,conc,lst,571.0,sim,o0,
oname:conc_otype:lst_usecol:sim_time:571.0_obsid:wp4-f5_variable:ph,6.52258,0.0,conc,,,wp4-f5,conc,lst,571.0,sim,ph,
oname:conc_otype:lst_usecol:sim_time:571.0_obsid:wp4-f5_variable:so4,0.000534273,0.0,conc,,,wp4-f5,conc,lst,571.0,sim,so4,
oname:conc_otype:lst_usecol:sim_time:572.0_obsid:welopt-ly1_variable:so4,0.000294231,0.0,forecast,,,welopt-ly1,conc,lst,572.0,sim,so4,
oname:conc_otype:lst_usecol:sim_time:572.0_obsid:welopt-ly3_variable:o0,3.6991e-10,0.0,conc,,,welopt-ly3,conc,lst,572.0,sim,o0,
oname:conc_otype:lst_usecol:sim_time:572.0_obsid:welopt-ly3_variable:ph,6.54839,0.0,conc,,,welopt-ly3,conc,lst,572.0,sim,ph,
oname:conc_otype:lst_usecol:sim_time:572.0_obsid:welopt-ly3_variable:so4,0.000692051,0.0,forecast,,,welopt-ly3,conc,lst,572.0,sim,so4,
oname:conc_otype:lst_usecol:sim_time:572.0_obsid:welopt-ly5_variable:so4,0.000589768,0.0,forecast,,,welopt-ly5,conc,lst,572.0,sim,so4,
oname:conc_otype:lst_usecol:sim_time:572.0_obsid:wp1-f3_variable:o0,0.00045109,0.0,conc,,,wp1-f3,conc,lst,572.0,sim,o0,
oname:conc_otype:lst_usecol:sim_time:572.0_obsid:wp1-f3_variable:ph,6.73196,0.0,conc,,,wp1-f3,conc,lst,572.0,sim,ph,
oname:conc_otype:lst_usecol:sim_time:572.0_obsid:wp1-f3_variable:so4,0.000406545,0.0,conc,,,wp1-f3,conc,lst,572.0,sim,so4,
oname:conc_otype:lst_usecol:sim_time:572.0_obsid:wp4-f5_variable:o0,3.23189e-09,0.0,conc,,,wp4-f5,conc,lst,572.0,sim,o0,
oname:conc_otype:lst_usecol:sim_time:572.0_obsid:wp4-f5_variable:ph,6.52258,0.0,conc,,,wp4-f5,conc,lst,572.0,sim,ph,
oname:conc_otype:lst_usecol:sim_time:572.0_obsid:wp4-f5_variable:so4,0.000534273,0.0,conc,,,wp4-f5,conc,lst,572.0,sim,so4,
oname:conc_otype:lst_usecol:sim_time:573.0_obsid:welopt-ly1_variable:so4,0.000294231,0.0,forecast,,,welopt-ly1,conc,lst,573.0,sim,so4,
oname:conc_otype:lst_usecol:sim_time:573.0_obsid:welopt-ly3_variable:o0,3.6991e-10,0.0,conc,,,welopt-ly3,conc,lst,573.0,sim,o0,
oname:conc_otype:lst_usecol:sim_time:573.0_obsid:welopt-ly3_variable:ph,6.54839,0.0,conc,,,welopt-ly3,conc,lst,573.0,sim,ph,
oname:conc_otype:lst_usecol:sim_time:573.0_obsid:welopt-ly3_variable:so4,0.000692051,0.0,forecast,,,welopt-ly3,conc,lst,573.0,sim,so4,
oname:conc_otype:lst_usecol:sim_time:573.0_obsid:welopt-ly5_variable:so4,0.000589768,0.0,forecast,,,welopt-ly5,conc,lst,573.0,sim,so4,
oname:conc_otype:lst_usecol:sim_time:573.0_obsid:wp1-f3_variable:o0,0.00045109,0.0,conc,,,wp1-f3,conc,lst,573.0,sim,o0,
oname:conc_otype:lst_usecol:sim_time:573.0_obsid:wp1-f3_variable:ph,6.73196,0.0,conc,,,wp1-f3,conc,lst,573.0,sim,ph,
oname:conc_otype:lst_usecol:sim_time:573.0_obsid:wp1-f3_variable:so4,0.000406545,0.0,conc,,,wp1-f3,conc,lst,573.0,sim,so4,
oname:conc_otype:lst_usecol:sim_time:573.0_obsid:wp4-f5_variable:o0,3.23189e-09,0.0,conc,,,wp4-f5,conc,lst,573.0,sim,o0,
oname:conc_otype:lst_usecol:sim_time:573.0_obsid:wp4-f5_variable:ph,6.52258,0.0,conc,,,wp4-f5,conc,lst,573.0,sim,ph,
oname:conc_otype:lst_usecol:sim_time:573.0_obsid:wp4-f5_variable:so4,0.000534273,0.0,conc,,,wp4-f5,conc,lst,573.0,sim,so4,
oname:conc_otype:lst_usecol:sim_time:574.0_obsid:welopt-ly1_variable:so4,0.000294231,0.0,forecast,,,welopt-ly1,conc,lst,574.0,sim,so4,
oname:conc_otype:lst_usecol:sim_time:574.0_obsid:welopt-ly3_variable:o0,3.6991e-10,0.0,conc,,,welopt-ly3,conc,lst,574.0,sim,o0,
oname:conc_otype:lst_usecol:sim_time:574.0_obsid:welopt-ly3_variable:ph,6.54839,0.0,conc,,,welopt-ly3,conc,lst,574.0,sim,ph,
oname:conc_otype:lst_usecol:sim_time:574.0_obsid:welopt-ly3_variable:so4,0.000692051,0.0,forecast,,,welopt-ly3,conc,lst,574.0,sim,so4,
oname:conc_otype:lst_usecol:sim_time:574.0_obsid:welopt-ly5_variable:so4,0.000589768,0.0,forecast,,,welopt-ly5,conc,lst,574.0,sim,so4,
oname:conc_otype:lst_usecol:sim_time:574.0_obsid:wp1-f3_variable:o0,0.00045109,0.0,conc,,,wp1-f3,conc,lst,574.0,sim,o0,
oname:conc_otype:lst_usecol:sim_time:574.0_obsid:wp1-f3_variable:ph,6.73196,0.0,conc,,,wp1-f3,conc,lst,574.0,sim,ph,
oname:conc_otype:lst_usecol:sim_time:574.0_obsid:wp1-f3_variable:so4,0.000406545,0.0,conc,,,wp1-f3,conc,lst,574.0,sim,so4,
oname:conc_otype:lst_usecol:sim_time:574.0_obsid:wp4-f5_variable:o0,3.23189e-09,0.0,conc,,,wp4-f5,conc,lst,574.0,sim,o0,
oname:conc_otype:lst_usecol:sim_time:574.0_obsid:wp4-f5_variable:ph,6.52258,0.0,conc,,,wp4-f5,conc,lst,574.0,sim,ph,
oname:conc_otype:lst_usecol:sim_time:574.0_obsid:wp4-f5_variable:so4,0.000534273,0.0,conc,,,wp4-f5,conc,lst,574.0,sim,so4,
oname:conc_otype:lst_usecol:sim_time:575.0_obsid:welopt-ly1_variable:so4,0.000294231,0.0,forecast,,,welopt-ly1,conc,lst,575.0,sim,so4,
oname:conc_otype:lst_usecol:sim_time:575.0_obsid:welopt-ly3_variable:o0,3.6991e-10,0.0,conc,,,welopt-ly3,conc,lst,575.0,sim,o0,
oname:conc_otype:lst_usecol:sim_time:575.0_obsid:welopt-ly3_variable:ph,6.54839,0.0,conc,,,welopt-ly3,conc,lst,575.0,sim,ph,
oname:conc_otype:lst_usecol:sim_time:575.0_obsid:welopt-ly3_variable:so4,0.000692051,0.0,forecast,,,welopt-ly3,conc,lst,575.0,sim,so4,
oname:conc_otype:lst_usecol:sim_time:575.0_obsid:welopt-ly5_variable:so4,0.000589768,0.0,forecast,,,welopt-ly5,conc,lst,575.0,sim,so4,
oname:conc_otype:lst_usecol:sim_time:575.0_obsid:wp1-f3_variable:o0,0.00045109,0.0,conc,,,wp1-f3,conc,lst,575.0,sim,o0,
oname:conc_otype:lst_usecol:sim_time:575.0_obsid:wp1-f3_variable:ph,6.73196,0.0,conc,,,wp1-f3,conc,lst,575.0,sim,ph,
oname:conc_otype:lst_usecol:sim_time:575.0_obsid:wp1-f3_variable:so4,0.000406545,0.0,conc,,,wp1-f3,conc,lst,575.0,sim,so4,
oname:conc_otype:lst_usecol:sim_time:575.0_obsid:wp4-f5_variable:o0,3.23189e-09,0.0,conc,,,wp4-f5,conc,lst,575.0,sim,o0,
oname:conc_otype:lst_usecol:sim_time:575.0_obsid:wp4-f5_variable:ph,6.52258,0.0,conc,,,wp4-f5,conc,lst,575.0,sim,ph,
oname:conc_otype:lst_usecol:sim_time:575.0_obsid:wp4-f5_variable:so4,0.000534273,0.0,conc,,,wp4-f5,conc,lst,575.0,sim,so4,
oname:conc_otype:lst_usecol:sim_time:576.0_obsid:welopt-ly1_variable:so4,0.00030211,0.0,forecast,,,welopt-ly1,conc,lst,576.0,sim,so4,
oname:conc_otype:lst_usecol:sim_time:576.0_obsid:welopt-ly3_variable:o0,3.70641e-10,0.0,conc,,,welopt-ly3,conc,lst,576.0,sim,o0,
oname:conc_otype:lst_usecol:sim_time:576.0_obsid:welopt-ly3_variable:ph,6.55413,0.0,conc,,,welopt-ly3,conc,lst,576.0,sim,ph,
oname:conc_otype:lst_usecol:sim_time:576.0_obsid:welopt-ly3_variable:so4,0.000669744,0.0,forecast,,,welopt-ly3,conc,lst,576.0,sim,so4,
oname:conc_otype:lst_usecol:sim_time:576.0_obsid:welopt-ly5_variable:so4,0.000578976,0.0,forecast,,,welopt-ly5,conc,lst,576.0,sim,so4,
oname:conc_otype:lst_usecol:sim_time:576.0_obsid:wp1-f3_variable:o0,0.00042108,0.0,conc,,,wp1-f3,conc,lst,576.0,sim,o0,
oname:conc_otype:lst_usecol:sim_time:576.0_obsid:wp1-f3_variable:ph,6.76615,0.0,conc,,,wp1-f3,conc,lst,576.0,sim,ph,
oname:conc_otype:lst_usecol:sim_time:576.0_obsid:wp1-f3_variable:so4,0.000452126,0.0,conc,,,wp1-f3,conc,lst,576.0,sim,so4,
oname:conc_otype:lst_usecol:sim_time:576.0_obsid:wp4-f5_variable:o0,2.36564e-09,0.0,conc,,,wp4-f5,conc,lst,576.0,sim,o0,
oname:conc_otype:lst_usecol:sim_time:576.0_obsid:wp4-f5_variable:ph,6.53149,0.0,conc,,,wp4-f5,conc,lst,576.0,sim,ph,
oname:conc_otype:lst_usecol:sim_time:576.0_obsid:wp4-f5_variable:so4,0.000534098,0.0,conc,,,wp4-f5,conc,lst,576.0,sim,so4,
oname:conc_otype:lst_usecol:sim_time:577.0_obsid:welopt-ly1_variable:so4,0.00030211,0.0,forecast,,,welopt-ly1,conc,lst,577.0,sim,so4,
oname:conc_otype:lst_usecol:sim_time:577.0_obsid:welopt-ly3_variable:o0,3.70641e-10,0.0,conc,,,welopt-ly3,conc,lst,577.0,sim,o0,
oname:conc_otype:lst_usecol:sim_time:577.0_obsid:welopt-ly3_variable:ph,6.55413,0.0,conc,,,welopt-ly3,conc,lst,577.0,sim,ph,
oname:conc_otype:lst_usecol:sim_time:577.0_obsid:welopt-ly3_variable:so4,0.000669744,0.0,forecast,,,welopt-ly3,conc,lst,577.0,sim,so4,
oname:conc_otype:lst_usecol:sim_time:577.0_obsid:welopt-ly5_variable:so4,0.000578976,0.0,forecast,,,welopt-ly5,conc,lst,577.0,sim,so4,
oname:conc_otype:lst_usecol:sim_time:577.0_obsid:wp1-f3_variable:o0,0.00042108,0.0,conc,,,wp1-f3,conc,lst,577.0,sim,o0,
oname:conc_otype:lst_usecol:sim_time:577.0_obsid:wp1-f3_variable:ph,6.76615,0.0,conc,,,wp1-f3,conc,lst,577.0,sim,ph,
oname:conc_otype:lst_usecol:sim_time:577.0_obsid:wp1-f3_variable:so4,0.000452126,0.0,conc,,,wp1-f3,conc,lst,577.0,sim,so4,
oname:conc_otype:lst_usecol:sim_time:577.0_obsid:wp4-f5_variable:o0,2.36564e-09,0.0,conc,,,wp4-f5,conc,lst,577.0,sim,o0,
oname:conc_otype:lst_usecol:sim_time:577.0_obsid:wp4-f5_variable:ph,6.53149,0.0,conc,,,wp4-f5,conc,lst,577.0,sim,ph,
oname:conc_otype:lst_usecol:sim_time:577.0_obsid:wp4-f5_variable:so4,0.000534098,0.0,conc,,,wp4-f5,conc,lst,577.0,sim,so4,
oname:conc_otype:lst_usecol:sim_time:578.0_obsid:welopt-ly1_variable:so4,0.00030211,0.0,forecast,,,welopt-ly1,conc,lst,578.0,sim,so4,
oname:conc_otype:lst_usecol:sim_time:578.0_obsid:welopt-ly3_variable:o0,3.70641e-10,0.0,conc,,,welopt-ly3,conc,lst,578.0,sim,o0,
oname:conc_otype:lst_usecol:sim_time:578.0_obsid:welopt-ly3_variable:ph,6.55413,0.0,conc,,,welopt-ly3,conc,lst,578.0,sim,ph,
oname:conc_otype:lst_usecol:sim_time:578.0_obsid:welopt-ly3_variable:so4,0.000669744,0.0,forecast,,,welopt-ly3,conc,lst,578.0,sim,so4,
oname:conc_otype:lst_usecol:sim_time:578.0_obsid:welopt-ly5_variable:so4,0.000578976,0.0,forecast,,,welopt-ly5,conc,lst,578.0,sim,so4,
oname:conc_otype:lst_usecol:sim_time:578.0_obsid:wp1-f3_variable:o0,0.00042108,0.0,conc,,,wp1-f3,conc,lst,578.0,sim,o0,
oname:conc_otype:lst_usecol:sim_time:578.0_obsid:wp1-f3_variable:ph,6.76615,0.0,conc,,,wp1-f3,conc,lst,578.0,sim,ph,
oname:conc_otype:lst_usecol:sim_time:578.0_obsid:wp1-f3_variable:so4,0.000452126,0.0,conc,,,wp1-f3,conc,lst,578.0,sim,so4,
oname:conc_otype:lst_usecol:sim_time:578.0_obsid:wp4-f5_variable:o0,2.36564e-09,0.0,conc,,,wp4-f5,conc,lst,578.0,sim,o0,
oname:conc_otype:lst_usecol:sim_time:578.0_obsid:wp4-f5_variable:ph,6.53149,0.0,conc,,,wp4-f5,conc,lst,578.0,sim,ph,
oname:conc_otype:lst_usecol:sim_time:578.0_obsid:wp4-f5_variable:so4,0.000534098,0.0,conc,,,wp4-f5,conc,lst,578.0,sim,so4,
oname:conc_otype:lst_usecol:sim_time:579.0_obsid:welopt-ly1_variable:so4,0.00030211,0.0,forecast,,,welopt-ly1,conc,lst,579.0,sim,so4,
oname:conc_otype:lst_usecol:sim_time:579.0_obsid:welopt-ly3_variable:o0,3.70641e-10,0.0,conc,,,welopt-ly3,conc,lst,579.0,sim,o0,
oname:conc_otype:lst_usecol:sim_time:579.0_obsid:welopt-ly3_variable:ph,6.55413,0.0,conc,,,welopt-ly3,conc,lst,579.0,sim,ph,
oname:conc_otype:lst_usecol:sim_time:579.0_obsid:welopt-ly3_variable:so4,0.000669744,0.0,forecast,,,welopt-ly3,conc,lst,579.0,sim,so4,
oname:conc_otype:lst_usecol:sim_time:579.0_obsid:welopt-ly5_variable:so4,0.000578976,0.0,forecast,,,welopt-ly5,conc,lst,579.0,sim,so4,
oname:conc_otype:lst_usecol:sim_time:579.0_obsid:wp1-f3_variable:o0,0.00042108,0.0,conc,,,wp1-f3,conc,lst,579.0,sim,o0,
oname:conc_otype:lst_usecol:sim_time:579.0_obsid:wp1-f3_variable:ph,6.76615,0.0,conc,,,wp1-f3,conc,lst,579.0,sim,ph,
oname:conc_otype:lst_usecol:sim_time:579.0_obsid:wp1-f3_variable:so4,0.000452126,0.0,conc,,,wp1-f3,conc,lst,579.0,sim,so4,
oname:conc_otype:lst_usecol:sim_time:579.0_obsid:wp4-f5_variable:o0,2.36564e-09,0.0,conc,,,wp4-f5,conc,lst,579.0,sim,o0,
oname:conc_otype:lst_usecol:sim_time:579.0_obsid:wp4-f5_variable:ph,6.53149,0.0,conc,,,wp4-f5,conc,lst,579.0,sim,ph,
oname:conc_otype:lst_usecol:sim_time:579.0_obsid:wp4-f5_variable:so4,0.000534098,0.0,conc,,,wp4-f5,conc,lst,579.0,sim,so4,
oname:conc_otype:lst_usecol:sim_time:58.0_obsid:welopt-ly3_variable:o0,0.0,0.0,conc,,,welopt-ly3,conc,lst,58.0,sim,o0,
oname:conc_otype:lst_usecol:sim_time:58.0_obsid:welopt-ly3_variable:ph,6.67491,0.0,conc,,,welopt-ly3,conc,lst,58.0,sim,ph,
oname:conc_otype:lst_usecol:sim_time:58.0_obsid:welopt-ly3_variable:so4,5.51058e-05,0.0,conc,,,welopt-ly3,conc,lst,58.0,sim,so4,
oname:conc_otype:lst_usecol:sim_time:58.0_obsid:wp1-f3_variable:o0,1.16404e-10,3065.696697424829,conc,,,wp1-f3,conc,lst,58.0,sim,o0,0.000326190128606
oname:conc_otype:lst_usecol:sim_time:58.0_obsid:wp1-f3_variable:ph,6.81127,0.6131393394849658,conc,,,wp1-f3,conc,lst,58.0,sim,ph,1.6309506430300091
oname:conc_otype:lst_usecol:sim_time:58.0_obsid:wp1-f3_variable:so4,0.000714939,1226.2786789699317,conc,,,wp1-f3,conc,lst,58.0,sim,so4,0.000815475321515
oname:conc_otype:lst_usecol:sim_time:58.0_obsid:wp4-f5_variable:o0,2.66217e-36,3143.4730673096574,conc,,,wp4-f5,conc,lst,58.0,sim,o0,0.0003181194744117
oname:conc_otype:lst_usecol:sim_time:58.0_obsid:wp4-f5_variable:ph,6.644,0.6286946134619315,conc,,,wp4-f5,conc,lst,58.0,sim,ph,1.5905973720586868
oname:conc_otype:lst_usecol:sim_time:58.0_obsid:wp4-f5_variable:so4,0.000130178,1140.169123444054,conc,,,wp4-f5,conc,lst,58.0,sim,so4,0.0008770628667608
oname:conc_otype:lst_usecol:sim_time:580.0_obsid:welopt-ly1_variable:so4,0.00030211,0.0,forecast,,,welopt-ly1,conc,lst,580.0,sim,so4,
oname:conc_otype:lst_usecol:sim_time:580.0_obsid:welopt-ly3_variable:o0,3.70641e-10,0.0,conc,,,welopt-ly3,conc,lst,580.0,sim,o0,
oname:conc_otype:lst_usecol:sim_time:580.0_obsid:welopt-ly3_variable:ph,6.55413,0.0,conc,,,welopt-ly3,conc,lst,580.0,sim,ph,
oname:conc_otype:lst_usecol:sim_time:580.0_obsid:welopt-ly3_variable:so4,0.000669744,0.0,forecast,,,welopt-ly3,conc,lst,580.0,sim,so4,
oname:conc_otype:lst_usecol:sim_time:580.0_obsid:welopt-ly5_variable:so4,0.000578976,0.0,forecast,,,welopt-ly5,conc,lst,580.0,sim,so4,
oname:conc_otype:lst_usecol:sim_time:580.0_obsid:wp1-f3_variable:o0,0.00042108,0.0,conc,,,wp1-f3,conc,lst,580.0,sim,o0,
oname:conc_otype:lst_usecol:sim_time:580.0_obsid:wp1-f3_variable:ph,6.76615,0.0,conc,,,wp1-f3,conc,lst,580.0,sim,ph,
oname:conc_otype:lst_usecol:sim_time:580.0_obsid:wp1-f3_variable:so4,0.000452126,0.0,conc,,,wp1-f3,conc,lst,580.0,sim,so4,
oname:conc_otype:lst_usecol:sim_time:580.0_obsid:wp4-f5_variable:o0,2.36564e-09,0.0,conc,,,wp4-f5,conc,lst,580.0,sim,o0,
oname:conc_otype:lst_usecol:sim_time:580.0_obsid:wp4-f5_variable:ph,6.53149,0.0,conc,,,wp4-f5,conc,lst,580.0,sim,ph,
oname:conc_otype:lst_usecol:sim_time:580.0_obsid:wp4-f5_variable:so4,0.000534098,0.0,conc,,,wp4-f5,conc,lst,580.0,sim,so4,
oname:conc_otype:lst_usecol:sim_time:581.0_obsid:welopt-ly1_variable:so4,0.00030211,0.0,forecast,,,welopt-ly1,conc,lst,581.0,sim,so4,
oname:conc_otype:lst_usecol:sim_time:581.0_obsid:welopt-ly3_variable:o0,3.70641e-10,0.0,conc,,,welopt-ly3,conc,lst,581.0,sim,o0,
oname:conc_otype:lst_usecol:sim_time:581.0_obsid:welopt-ly3_variable:ph,6.55413,0.0,conc,,,welopt-ly3,conc,lst,581.0,sim,ph,
oname:conc_otype:lst_usecol:sim_time:581.0_obsid:welopt-ly3_variable:so4,0.000669744,0.0,forecast,,,welopt-ly3,conc,lst,581.0,sim,so4,
oname:conc_otype:lst_usecol:sim_time:581.0_obsid:welopt-ly5_variable:so4,0.000578976,0.0,forecast,,,welopt-ly5,conc,lst,581.0,sim,so4,
oname:conc_otype:lst_usecol:sim_time:581.0_obsid:wp1-f3_variable:o0,0.00042108,0.0,conc,,,wp1-f3,conc,lst,581.0,sim,o0,
oname:conc_otype:lst_usecol:sim_time:581.0_obsid:wp1-f3_variable:ph,6.76615,0.0,conc,,,wp1-f3,conc,lst,581.0,sim,ph,
oname:conc_otype:lst_usecol:sim_time:581.0_obsid:wp1-f3_variable:so4,0.000452126,0.0,conc,,,wp1-f3,conc,lst,581.0,sim,so4,
oname:conc_otype:lst_usecol:sim_time:581.0_obsid:wp4-f5_variable:o0,2.36564e-09,0.0,conc,,,wp4-f5,conc,lst,581.0,sim,o0,
oname:conc_otype:lst_usecol:sim_time:581.0_obsid:wp4-f5_variable:ph,6.53149,0.0,conc,,,wp4-f5,conc,lst,581.0,sim,ph,
oname:conc_otype:lst_usecol:sim_time:581.0_obsid:wp4-f5_variable:so4,0.000534098,0.0,conc,,,wp4-f5,conc,lst,581.0,sim,so4,
oname:conc_otype:lst_usecol:sim_time:582.0_obsid:welopt-ly1_variable:so4,0.00030211,0.0,forecast,,,welopt-ly1,conc,lst,582.0,sim,so4,
oname:conc_otype:lst_usecol:sim_time:582.0_obsid:welopt-ly3_variable:o0,3.70641e-10,0.0,conc,,,welopt-ly3,conc,lst,582.0,sim,o0,
oname:conc_otype:lst_usecol:sim_time:582.0_obsid:welopt-ly3_variable:ph,6.55413,0.0,conc,,,welopt-ly3,conc,lst,582.0,sim,ph,
oname:conc_otype:lst_usecol:sim_time:582.0_obsid:welopt-ly3_variable:so4,0.000669744,0.0,forecast,,,welopt-ly3,conc,lst,582.0,sim,so4,
oname:conc_otype:lst_usecol:sim_time:582.0_obsid:welopt-ly5_variable:so4,0.000578976,0.0,forecast,,,welopt-ly5,conc,lst,582.0,sim,so4,
oname:conc_otype:lst_usecol:sim_time:582.0_obsid:wp1-f3_variable:o0,0.00042108,0.0,conc,,,wp1-f3,conc,lst,582.0,sim,o0,
oname:conc_otype:lst_usecol:sim_time:582.0_obsid:wp1-f3_variable:ph,6.76615,0.0,conc,,,wp1-f3,conc,lst,582.0,sim,ph,
oname:conc_otype:lst_usecol:sim_time:582.0_obsid:wp1-f3_variable:so4,0.000452126,0.0,conc,,,wp1-f3,conc,lst,582.0,sim,so4,
oname:conc_otype:lst_usecol:sim_time:582.0_obsid:wp4-f5_variable:o0,2.36564e-09,0.0,conc,,,wp4-f5,conc,lst,582.0,sim,o0,
oname:conc_otype:lst_usecol:sim_time:582.0_obsid:wp4-f5_variable:ph,6.53149,0.0,conc,,,wp4-f5,conc,lst,582.0,sim,ph,
oname:conc_otype:lst_usecol:sim_time:582.0_obsid:wp4-f5_variable:so4,0.000534098,0.0,conc,,,wp4-f5,conc,lst,582.0,sim,so4,
oname:conc_otype:lst_usecol:sim_time:583.0_obsid:welopt-ly1_variable:so4,0.000309891,0.0,forecast,,,welopt-ly1,conc,lst,583.0,sim,so4,
oname:conc_otype:lst_usecol:sim_time:583.0_obsid:welopt-ly3_variable:o0,3.55229e-10,0.0,conc,,,welopt-ly3,conc,lst,583.0,sim,o0,
oname:conc_otype:lst_usecol:sim_time:583.0_obsid:welopt-ly3_variable:ph,6.56677,0.0,conc,,,welopt-ly3,conc,lst,583.0,sim,ph,
oname:conc_otype:lst_usecol:sim_time:583.0_obsid:welopt-ly3_variable:so4,0.000655026,0.0,forecast,,,welopt-ly3,conc,lst,583.0,sim,so4,
oname:conc_otype:lst_usecol:sim_time:583.0_obsid:welopt-ly5_variable:so4,0.000623737,0.0,forecast,,,welopt-ly5,conc,lst,583.0,sim,so4,
oname:conc_otype:lst_usecol:sim_time:583.0_obsid:wp1-f3_variable:o0,0.000330768,0.0,conc,,,wp1-f3,conc,lst,583.0,sim,o0,
oname:conc_otype:lst_usecol:sim_time:583.0_obsid:wp1-f3_variable:ph,6.81996,0.0,conc,,,wp1-f3,conc,lst,583.0,sim,ph,
oname:conc_otype:lst_usecol:sim_time:583.0_obsid:wp1-f3_variable:so4,0.000563531,0.0,conc,,,wp1-f3,conc,lst,583.0,sim,so4,
oname:conc_otype:lst_usecol:sim_time:583.0_obsid:wp4-f5_variable:o0,7.29594e-10,0.0,conc,,,wp4-f5,conc,lst,583.0,sim,o0,
oname:conc_otype:lst_usecol:sim_time:583.0_obsid:wp4-f5_variable:ph,6.62469,0.0,conc,,,wp4-f5,conc,lst,583.0,sim,ph,
oname:conc_otype:lst_usecol:sim_time:583.0_obsid:wp4-f5_variable:so4,0.000600163,0.0,conc,,,wp4-f5,conc,lst,583.0,sim,so4,
oname:conc_otype:lst_usecol:sim_time:584.0_obsid:welopt-ly1_variable:so4,0.000309891,0.0,forecast,,,welopt-ly1,conc,lst,584.0,sim,so4,
oname:conc_otype:lst_usecol:sim_time:584.0_obsid:welopt-ly3_variable:o0,3.55229e-10,0.0,conc,,,welopt-ly3,conc,lst,584.0,sim,o0,
oname:conc_otype:lst_usecol:sim_time:584.0_obsid:welopt-ly3_variable:ph,6.56677,0.0,conc,,,welopt-ly3,conc,lst,584.0,sim,ph,
oname:conc_otype:lst_usecol:sim_time:584.0_obsid:welopt-ly3_variable:so4,0.000655026,0.0,forecast,,,welopt-ly3,conc,lst,584.0,sim,so4,
oname:conc_otype:lst_usecol:sim_time:584.0_obsid:welopt-ly5_variable:so4,0.000623737,0.0,forecast,,,welopt-ly5,conc,lst,584.0,sim,so4,
oname:conc_otype:lst_usecol:sim_time:584.0_obsid:wp1-f3_variable:o0,0.000330768,0.0,conc,,,wp1-f3,conc,lst,584.0,sim,o0,
oname:conc_otype:lst_usecol:sim_time:584.0_obsid:wp1-f3_variable:ph,6.81996,0.0,conc,,,wp1-f3,conc,lst,584.0,sim,ph,
oname:conc_otype:lst_usecol:sim_time:584.0_obsid:wp1-f3_variable:so4,0.000563531,0.0,conc,,,wp1-f3,conc,lst,584.0,sim,so4,
oname:conc_otype:lst_usecol:sim_time:584.0_obsid:wp4-f5_variable:o0,7.29594e-10,0.0,conc,,,wp4-f5,conc,lst,584.0,sim,o0,
oname:conc_otype:lst_usecol:sim_time:584.0_obsid:wp4-f5_variable:ph,6.62469,0.0,conc,,,wp4-f5,conc,lst,584.0,sim,ph,
oname:conc_otype:lst_usecol:sim_time:584.0_obsid:wp4-f5_variable:so4,0.000600163,0.0,conc,,,wp4-f5,conc,lst,584.0,sim,so4,
oname:conc_otype:lst_usecol:sim_time:585.0_obsid:welopt-ly1_variable:so4,0.000309891,0.0,forecast,,,welopt-ly1,conc,lst,585.0,sim,so4,
oname:conc_otype:lst_usecol:sim_time:585.0_obsid:welopt-ly3_variable:o0,3.55229e-10,0.0,conc,,,welopt-ly3,conc,lst,585.0,sim,o0,
oname:conc_otype:lst_usecol:sim_time:585.0_obsid:welopt-ly3_variable:ph,6.56677,0.0,conc,,,welopt-ly3,conc,lst,585.0,sim,ph,
oname:conc_otype:lst_usecol:sim_time:585.0_obsid:welopt-ly3_variable:so4,0.000655026,0.0,forecast,,,welopt-ly3,conc,lst,585.0,sim,so4,
oname:conc_otype:lst_usecol:sim_time:585.0_obsid:welopt-ly5_variable:so4,0.000623737,0.0,forecast,,,welopt-ly5,conc,lst,585.0,sim,so4,
oname:conc_otype:lst_usecol:sim_time:585.0_obsid:wp1-f3_variable:o0,0.000330768,0.0,conc,,,wp1-f3,conc,lst,585.0,sim,o0,
oname:conc_otype:lst_usecol:sim_time:585.0_obsid:wp1-f3_variable:ph,6.81996,0.0,conc,,,wp1-f3,conc,lst,585.0,sim,ph,
oname:conc_otype:lst_usecol:sim_time:585.0_obsid:wp1-f3_variable:so4,0.000563531,0.0,conc,,,wp1-f3,conc,lst,585.0,sim,so4,
oname:conc_otype:lst_usecol:sim_time:585.0_obsid:wp4-f5_variable:o0,7.29594e-10,0.0,conc,,,wp4-f5,conc,lst,585.0,sim,o0,
oname:conc_otype:lst_usecol:sim_time:585.0_obsid:wp4-f5_variable:ph,6.62469,0.0,conc,,,wp4-f5,conc,lst,585.0,sim,ph,
oname:conc_otype:lst_usecol:sim_time:585.0_obsid:wp4-f5_variable:so4,0.000600163,0.0,conc,,,wp4-f5,conc,lst,585.0,sim,so4,
oname:conc_otype:lst_usecol:sim_time:586.0_obsid:welopt-ly1_variable:so4,0.000309891,0.0,forecast,,,welopt-ly1,conc,lst,586.0,sim,so4,
oname:conc_otype:lst_usecol:sim_time:586.0_obsid:welopt-ly3_variable:o0,3.55229e-10,0.0,conc,,,welopt-ly3,conc,lst,586.0,sim,o0,
oname:conc_otype:lst_usecol:sim_time:586.0_obsid:welopt-ly3_variable:ph,6.56677,0.0,conc,,,welopt-ly3,conc,lst,586.0,sim,ph,
oname:conc_otype:lst_usecol:sim_time:586.0_obsid:welopt-ly3_variable:so4,0.000655026,0.0,forecast,,,welopt-ly3,conc,lst,586.0,sim,so4,
oname:conc_otype:lst_usecol:sim_time:586.0_obsid:welopt-ly5_variable:so4,0.000623737,0.0,forecast,,,welopt-ly5,conc,lst,586.0,sim,so4,
oname:conc_otype:lst_usecol:sim_time:586.0_obsid:wp1-f3_variable:o0,0.000330768,0.0,conc,,,wp1-f3,conc,lst,586.0,sim,o0,
oname:conc_otype:lst_usecol:sim_time:586.0_obsid:wp1-f3_variable:ph,6.81996,0.0,conc,,,wp1-f3,conc,lst,586.0,sim,ph,
oname:conc_otype:lst_usecol:sim_time:586.0_obsid:wp1-f3_variable:so4,0.000563531,0.0,conc,,,wp1-f3,conc,lst,586.0,sim,so4,
oname:conc_otype:lst_usecol:sim_time:586.0_obsid:wp4-f5_variable:o0,7.29594e-10,0.0,conc,,,wp4-f5,conc,lst,586.0,sim,o0,
oname:conc_otype:lst_usecol:sim_time:586.0_obsid:wp4-f5_variable:ph,6.62469,0.0,conc,,,wp4-f5,conc,lst,586.0,sim,ph,
oname:conc_otype:lst_usecol:sim_time:586.0_obsid:wp4-f5_variable:so4,0.000600163,0.0,conc,,,wp4-f5,conc,lst,586.0,sim,so4,
oname:conc_otype:lst_usecol:sim_time:587.0_obsid:welopt-ly1_variable:so4,0.000309891,0.0,forecast,,,welopt-ly1,conc,lst,587.0,sim,so4,
oname:conc_otype:lst_usecol:sim_time:587.0_obsid:welopt-ly3_variable:o0,3.55229e-10,0.0,conc,,,welopt-ly3,conc,lst,587.0,sim,o0,
oname:conc_otype:lst_usecol:sim_time:587.0_obsid:welopt-ly3_variable:ph,6.56677,0.0,conc,,,welopt-ly3,conc,lst,587.0,sim,ph,
oname:conc_otype:lst_usecol:sim_time:587.0_obsid:welopt-ly3_variable:so4,0.000655026,0.0,forecast,,,welopt-ly3,conc,lst,587.0,sim,so4,
oname:conc_otype:lst_usecol:sim_time:587.0_obsid:welopt-ly5_variable:so4,0.000623737,0.0,forecast,,,welopt-ly5,conc,lst,587.0,sim,so4,
oname:conc_otype:lst_usecol:sim_time:587.0_obsid:wp1-f3_variable:o0,0.000330768,0.0,conc,,,wp1-f3,conc,lst,587.0,sim,o0,
oname:conc_otype:lst_usecol:sim_time:587.0_obsid:wp1-f3_variable:ph,6.81996,0.0,conc,,,wp1-f3,conc,lst,587.0,sim,ph,
oname:conc_otype:lst_usecol:sim_time:587.0_obsid:wp1-f3_variable:so4,0.000563531,0.0,conc,,,wp1-f3,conc,lst,587.0,sim,so4,
oname:conc_otype:lst_usecol:sim_time:587.0_obsid:wp4-f5_variable:o0,7.29594e-10,0.0,conc,,,wp4-f5,conc,lst,587.0,sim,o0,
oname:conc_otype:lst_usecol:sim_time:587.0_obsid:wp4-f5_variable:ph,6.62469,0.0,conc,,,wp4-f5,conc,lst,587.0,sim,ph,
oname:conc_otype:lst_usecol:sim_time:587.0_obsid:wp4-f5_variable:so4,0.000600163,0.0,conc,,,wp4-f5,conc,lst,587.0,sim,so4,
oname:conc_otype:lst_usecol:sim_time:588.0_obsid:welopt-ly1_variable:so4,0.000309891,0.0,forecast,,,welopt-ly1,conc,lst,588.0,sim,so4,
oname:conc_otype:lst_usecol:sim_time:588.0_obsid:welopt-ly3_variable:o0,3.55229e-10,0.0,conc,,,welopt-ly3,conc,lst,588.0,sim,o0,
oname:conc_otype:lst_usecol:sim_time:588.0_obsid:welopt-ly3_variable:ph,6.56677,0.0,conc,,,welopt-ly3,conc,lst,588.0,sim,ph,
oname:conc_otype:lst_usecol:sim_time:588.0_obsid:welopt-ly3_variable:so4,0.000655026,0.0,forecast,,,welopt-ly3,conc,lst,588.0,sim,so4,
oname:conc_otype:lst_usecol:sim_time:588.0_obsid:welopt-ly5_variable:so4,0.000623737,0.0,forecast,,,welopt-ly5,conc,lst,588.0,sim,so4,
oname:conc_otype:lst_usecol:sim_time:588.0_obsid:wp1-f3_variable:o0,0.000330768,0.0,conc,,,wp1-f3,conc,lst,588.0,sim,o0,
oname:conc_otype:lst_usecol:sim_time:588.0_obsid:wp1-f3_variable:ph,6.81996,0.0,conc,,,wp1-f3,conc,lst,588.0,sim,ph,
oname:conc_otype:lst_usecol:sim_time:588.0_obsid:wp1-f3_variable:so4,0.000563531,0.0,conc,,,wp1-f3,conc,lst,588.0,sim,so4,
oname:conc_otype:lst_usecol:sim_time:588.0_obsid:wp4-f5_variable:o0,7.29594e-10,0.0,conc,,,wp4-f5,conc,lst,588.0,sim,o0,
oname:conc_otype:lst_usecol:sim_time:588.0_obsid:wp4-f5_variable:ph,6.62469,0.0,conc,,,wp4-f5,conc,lst,588.0,sim,ph,
oname:conc_otype:lst_usecol:sim_time:588.0_obsid:wp4-f5_variable:so4,0.000600163,0.0,conc,,,wp4-f5,conc,lst,588.0,sim,so4,
oname:conc_otype:lst_usecol:sim_time:589.0_obsid:welopt-ly1_variable:so4,0.000309891,0.0,forecast,,,welopt-ly1,conc,lst,589.0,sim,so4,
oname:conc_otype:lst_usecol:sim_time:589.0_obsid:welopt-ly3_variable:o0,3.55229e-10,0.0,conc,,,welopt-ly3,conc,lst,589.0,sim,o0,
oname:conc_otype:lst_usecol:sim_time:589.0_obsid:welopt-ly3_variable:ph,6.56677,0.0,conc,,,welopt-ly3,conc,lst,589.0,sim,ph,
oname:conc_otype:lst_usecol:sim_time:589.0_obsid:welopt-ly3_variable:so4,0.000655026,0.0,forecast,,,welopt-ly3,conc,lst,589.0,sim,so4,
oname:conc_otype:lst_usecol:sim_time:589.0_obsid:welopt-ly5_variable:so4,0.000623737,0.0,forecast,,,welopt-ly5,conc,lst,589.0,sim,so4,
oname:conc_otype:lst_usecol:sim_time:589.0_obsid:wp1-f3_variable:o0,0.000330768,0.0,conc,,,wp1-f3,conc,lst,589.0,sim,o0,
oname:conc_otype:lst_usecol:sim_time:589.0_obsid:wp1-f3_variable:ph,6.81996,0.0,conc,,,wp1-f3,conc,lst,589.0,sim,ph,
oname:conc_otype:lst_usecol:sim_time:589.0_obsid:wp1-f3_variable:so4,0.000563531,0.0,conc,,,wp1-f3,conc,lst,589.0,sim,so4,
oname:conc_otype:lst_usecol:sim_time:589.0_obsid:wp4-f5_variable:o0,7.29594e-10,0.0,conc,,,wp4-f5,conc,lst,589.0,sim,o0,
oname:conc_otype:lst_usecol:sim_time:589.0_obsid:wp4-f5_variable:ph,6.62469,0.0,conc,,,wp4-f5,conc,lst,589.0,sim,ph,
oname:conc_otype:lst_usecol:sim_time:589.0_obsid:wp4-f5_variable:so4,0.000600163,0.0,conc,,,wp4-f5,conc,lst,589.0,sim,so4,
oname:conc_otype:lst_usecol:sim_time:59.0_obsid:welopt-ly3_variable:o0,0.0,0.0,conc,,,welopt-ly3,conc,lst,59.0,sim,o0,
oname:conc_otype:lst_usecol:sim_time:59.0_obsid:welopt-ly3_variable:ph,6.67491,0.0,conc,,,welopt-ly3,conc,lst,59.0,sim,ph,
oname:conc_otype:lst_usecol:sim_time:59.0_obsid:welopt-ly3_variable:so4,5.51058e-05,0.0,conc,,,welopt-ly3,conc,lst,59.0,sim,so4,
oname:conc_otype:lst_usecol:sim_time:59.0_obsid:wp1-f3_variable:o0,1.16404e-10,3065.696697424829,conc,,,wp1-f3,conc,lst,59.0,sim,o0,0.000326190128606
oname:conc_otype:lst_usecol:sim_time:59.0_obsid:wp1-f3_variable:ph,6.81127,0.6131393394849658,conc,,,wp1-f3,conc,lst,59.0,sim,ph,1.6309506430300091
oname:conc_otype:lst_usecol:sim_time:59.0_obsid:wp1-f3_variable:so4,0.000714939,1226.2786789699317,conc,,,wp1-f3,conc,lst,59.0,sim,so4,0.000815475321515
oname:conc_otype:lst_usecol:sim_time:59.0_obsid:wp4-f5_variable:o0,2.66217e-36,3143.4730673096574,conc,,,wp4-f5,conc,lst,59.0,sim,o0,0.0003181194744117
oname:conc_otype:lst_usecol:sim_time:59.0_obsid:wp4-f5_variable:ph,6.644,0.6286946134619315,conc,,,wp4-f5,conc,lst,59.0,sim,ph,1.5905973720586868
oname:conc_otype:lst_usecol:sim_time:59.0_obsid:wp4-f5_variable:so4,0.000130178,1140.169123444054,conc,,,wp4-f5,conc,lst,59.0,sim,so4,0.0008770628667608
oname:conc_otype:lst_usecol:sim_time:590.0_obsid:welopt-ly1_variable:so4,0.000317301,0.0,forecast,,,welopt-ly1,conc,lst,590.0,sim,so4,
oname:conc_otype:lst_usecol:sim_time:590.0_obsid:welopt-ly3_variable:o0,3.46581e-10,0.0,conc,,,welopt-ly3,conc,lst,590.0,sim,o0,
oname:conc_otype:lst_usecol:sim_time:590.0_obsid:welopt-ly3_variable:ph,6.58041,0.0,conc,,,welopt-ly3,conc,lst,590.0,sim,ph,
oname:conc_otype:lst_usecol:sim_time:590.0_obsid:welopt-ly3_variable:so4,0.000655874,0.0,forecast,,,welopt-ly3,conc,lst,590.0,sim,so4,
oname:conc_otype:lst_usecol:sim_time:590.0_obsid:welopt-ly5_variable:so4,0.00066337,0.0,forecast,,,welopt-ly5,conc,lst,590.0,sim,so4,
oname:conc_otype:lst_usecol:sim_time:590.0_obsid:wp1-f3_variable:o0,0.000317315,0.0,conc,,,wp1-f3,conc,lst,590.0,sim,o0,
oname:conc_otype:lst_usecol:sim_time:590.0_obsid:wp1-f3_variable:ph,6.83585,0.0,conc,,,wp1-f3,conc,lst,590.0,sim,ph,
oname:conc_otype:lst_usecol:sim_time:590.0_obsid:wp1-f3_variable:so4,0.000581608,0.0,conc,,,wp1-f3,conc,lst,590.0,sim,so4,
oname:conc_otype:lst_usecol:sim_time:590.0_obsid:wp4-f5_variable:o0,5.81534e-10,0.0,conc,,,wp4-f5,conc,lst,590.0,sim,o0,
oname:conc_otype:lst_usecol:sim_time:590.0_obsid:wp4-f5_variable:ph,6.72649,0.0,conc,,,wp4-f5,conc,lst,590.0,sim,ph,
oname:conc_otype:lst_usecol:sim_time:590.0_obsid:wp4-f5_variable:so4,0.000683682,0.0,conc,,,wp4-f5,conc,lst,590.0,sim,so4,
oname:conc_otype:lst_usecol:sim_time:591.0_obsid:welopt-ly1_variable:so4,0.000317301,0.0,forecast,,,welopt-ly1,conc,lst,591.0,sim,so4,
oname:conc_otype:lst_usecol:sim_time:591.0_obsid:welopt-ly3_variable:o0,3.46581e-10,0.0,conc,,,welopt-ly3,conc,lst,591.0,sim,o0,
oname:conc_otype:lst_usecol:sim_time:591.0_obsid:welopt-ly3_variable:ph,6.58041,0.0,conc,,,welopt-ly3,conc,lst,591.0,sim,ph,
oname:conc_otype:lst_usecol:sim_time:591.0_obsid:welopt-ly3_variable:so4,0.000655874,0.0,forecast,,,welopt-ly3,conc,lst,591.0,sim,so4,
oname:conc_otype:lst_usecol:sim_time:591.0_obsid:welopt-ly5_variable:so4,0.00066337,0.0,forecast,,,welopt-ly5,conc,lst,591.0,sim,so4,
oname:conc_otype:lst_usecol:sim_time:591.0_obsid:wp1-f3_variable:o0,0.000317315,0.0,conc,,,wp1-f3,conc,lst,591.0,sim,o0,
oname:conc_otype:lst_usecol:sim_time:591.0_obsid:wp1-f3_variable:ph,6.83585,0.0,conc,,,wp1-f3,conc,lst,591.0,sim,ph,
oname:conc_otype:lst_usecol:sim_time:591.0_obsid:wp1-f3_variable:so4,0.000581608,0.0,conc,,,wp1-f3,conc,lst,591.0,sim,so4,
oname:conc_otype:lst_usecol:sim_time:591.0_obsid:wp4-f5_variable:o0,5.81534e-10,0.0,conc,,,wp4-f5,conc,lst,591.0,sim,o0,
oname:conc_otype:lst_usecol:sim_time:591.0_obsid:wp4-f5_variable:ph,6.72649,0.0,conc,,,wp4-f5,conc,lst,591.0,sim,ph,
oname:conc_otype:lst_usecol:sim_time:591.0_obsid:wp4-f5_variable:so4,0.000683682,0.0,conc,,,wp4-f5,conc,lst,591.0,sim,so4,
oname:conc_otype:lst_usecol:sim_time:592.0_obsid:welopt-ly1_variable:so4,0.000317301,0.0,forecast,,,welopt-ly1,conc,lst,592.0,sim,so4,
oname:conc_otype:lst_usecol:sim_time:592.0_obsid:welopt-ly3_variable:o0,3.46581e-10,0.0,conc,,,welopt-ly3,conc,lst,592.0,sim,o0,
oname:conc_otype:lst_usecol:sim_time:592.0_obsid:welopt-ly3_variable:ph,6.58041,0.0,conc,,,welopt-ly3,conc,lst,592.0,sim,ph,
oname:conc_otype:lst_usecol:sim_time:592.0_obsid:welopt-ly3_variable:so4,0.000655874,0.0,forecast,,,welopt-ly3,conc,lst,592.0,sim,so4,
oname:conc_otype:lst_usecol:sim_time:592.0_obsid:welopt-ly5_variable:so4,0.00066337,0.0,forecast,,,welopt-ly5,conc,lst,592.0,sim,so4,
oname:conc_otype:lst_usecol:sim_time:592.0_obsid:wp1-f3_variable:o0,0.000317315,0.0,conc,,,wp1-f3,conc,lst,592.0,sim,o0,
oname:conc_otype:lst_usecol:sim_time:592.0_obsid:wp1-f3_variable:ph,6.83585,0.0,conc,,,wp1-f3,conc,lst,592.0,sim,ph,
oname:conc_otype:lst_usecol:sim_time:592.0_obsid:wp1-f3_variable:so4,0.000581608,0.0,conc,,,wp1-f3,conc,lst,592.0,sim,so4,
oname:conc_otype:lst_usecol:sim_time:592.0_obsid:wp4-f5_variable:o0,5.81534e-10,0.0,conc,,,wp4-f5,conc,lst,592.0,sim,o0,
oname:conc_otype:lst_usecol:sim_time:592.0_obsid:wp4-f5_variable:ph,6.72649,0.0,conc,,,wp4-f5,conc,lst,592.0,sim,ph,
oname:conc_otype:lst_usecol:sim_time:592.0_obsid:wp4-f5_variable:so4,0.000683682,0.0,conc,,,wp4-f5,conc,lst,592.0,sim,so4,
oname:conc_otype:lst_usecol:sim_time:593.0_obsid:welopt-ly1_variable:so4,0.000317301,0.0,forecast,,,welopt-ly1,conc,lst,593.0,sim,so4,
oname:conc_otype:lst_usecol:sim_time:593.0_obsid:welopt-ly3_variable:o0,3.46581e-10,0.0,conc,,,welopt-ly3,conc,lst,593.0,sim,o0,
oname:conc_otype:lst_usecol:sim_time:593.0_obsid:welopt-ly3_variable:ph,6.58041,0.0,conc,,,welopt-ly3,conc,lst,593.0,sim,ph,
oname:conc_otype:lst_usecol:sim_time:593.0_obsid:welopt-ly3_variable:so4,0.000655874,0.0,forecast,,,welopt-ly3,conc,lst,593.0,sim,so4,
oname:conc_otype:lst_usecol:sim_time:593.0_obsid:welopt-ly5_variable:so4,0.00066337,0.0,forecast,,,welopt-ly5,conc,lst,593.0,sim,so4,
oname:conc_otype:lst_usecol:sim_time:593.0_obsid:wp1-f3_variable:o0,0.000317315,0.0,conc,,,wp1-f3,conc,lst,593.0,sim,o0,
oname:conc_otype:lst_usecol:sim_time:593.0_obsid:wp1-f3_variable:ph,6.83585,0.0,conc,,,wp1-f3,conc,lst,593.0,sim,ph,
oname:conc_otype:lst_usecol:sim_time:593.0_obsid:wp1-f3_variable:so4,0.000581608,0.0,conc,,,wp1-f3,conc,lst,593.0,sim,so4,
oname:conc_otype:lst_usecol:sim_time:593.0_obsid:wp4-f5_variable:o0,5.81534e-10,0.0,conc,,,wp4-f5,conc,lst,593.0,sim,o0,
oname:conc_otype:lst_usecol:sim_time:593.0_obsid:wp4-f5_variable:ph,6.72649,0.0,conc,,,wp4-f5,conc,lst,593.0,sim,ph,
oname:conc_otype:lst_usecol:sim_time:593.0_obsid:wp4-f5_variable:so4,0.000683682,0.0,conc,,,wp4-f5,conc,lst,593.0,sim,so4,
oname:conc_otype:lst_usecol:sim_time:594.0_obsid:welopt-ly1_variable:so4,0.000317301,0.0,forecast,,,welopt-ly1,conc,lst,594.0,sim,so4,
oname:conc_otype:lst_usecol:sim_time:594.0_obsid:welopt-ly3_variable:o0,3.46581e-10,0.0,conc,,,welopt-ly3,conc,lst,594.0,sim,o0,
oname:conc_otype:lst_usecol:sim_time:594.0_obsid:welopt-ly3_variable:ph,6.58041,0.0,conc,,,welopt-ly3,conc,lst,594.0,sim,ph,
oname:conc_otype:lst_usecol:sim_time:594.0_obsid:welopt-ly3_variable:so4,0.000655874,0.0,forecast,,,welopt-ly3,conc,lst,594.0,sim,so4,
oname:conc_otype:lst_usecol:sim_time:594.0_obsid:welopt-ly5_variable:so4,0.00066337,0.0,forecast,,,welopt-ly5,conc,lst,594.0,sim,so4,
oname:conc_otype:lst_usecol:sim_time:594.0_obsid:wp1-f3_variable:o0,0.000317315,0.0,conc,,,wp1-f3,conc,lst,594.0,sim,o0,
oname:conc_otype:lst_usecol:sim_time:594.0_obsid:wp1-f3_variable:ph,6.83585,0.0,conc,,,wp1-f3,conc,lst,594.0,sim,ph,
oname:conc_otype:lst_usecol:sim_time:594.0_obsid:wp1-f3_variable:so4,0.000581608,0.0,conc,,,wp1-f3,conc,lst,594.0,sim,so4,
oname:conc_otype:lst_usecol:sim_time:594.0_obsid:wp4-f5_variable:o0,5.81534e-10,0.0,conc,,,wp4-f5,conc,lst,594.0,sim,o0,
oname:conc_otype:lst_usecol:sim_time:594.0_obsid:wp4-f5_variable:ph,6.72649,0.0,conc,,,wp4-f5,conc,lst,594.0,sim,ph,
oname:conc_otype:lst_usecol:sim_time:594.0_obsid:wp4-f5_variable:so4,0.000683682,0.0,conc,,,wp4-f5,conc,lst,594.0,sim,so4,
oname:conc_otype:lst_usecol:sim_time:595.0_obsid:welopt-ly1_variable:so4,0.000317301,0.0,forecast,,,welopt-ly1,conc,lst,595.0,sim,so4,
oname:conc_otype:lst_usecol:sim_time:595.0_obsid:welopt-ly3_variable:o0,3.46581e-10,0.0,conc,,,welopt-ly3,conc,lst,595.0,sim,o0,
oname:conc_otype:lst_usecol:sim_time:595.0_obsid:welopt-ly3_variable:ph,6.58041,0.0,conc,,,welopt-ly3,conc,lst,595.0,sim,ph,
oname:conc_otype:lst_usecol:sim_time:595.0_obsid:welopt-ly3_variable:so4,0.000655874,0.0,forecast,,,welopt-ly3,conc,lst,595.0,sim,so4,
oname:conc_otype:lst_usecol:sim_time:595.0_obsid:welopt-ly5_variable:so4,0.00066337,0.0,forecast,,,welopt-ly5,conc,lst,595.0,sim,so4,
oname:conc_otype:lst_usecol:sim_time:595.0_obsid:wp1-f3_variable:o0,0.000317315,0.0,conc,,,wp1-f3,conc,lst,595.0,sim,o0,
oname:conc_otype:lst_usecol:sim_time:595.0_obsid:wp1-f3_variable:ph,6.83585,0.0,conc,,,wp1-f3,conc,lst,595.0,sim,ph,
oname:conc_otype:lst_usecol:sim_time:595.0_obsid:wp1-f3_variable:so4,0.000581608,0.0,conc,,,wp1-f3,conc,lst,595.0,sim,so4,
oname:conc_otype:lst_usecol:sim_time:595.0_obsid:wp4-f5_variable:o0,5.81534e-10,0.0,conc,,,wp4-f5,conc,lst,595.0,sim,o0,
oname:conc_otype:lst_usecol:sim_time:595.0_obsid:wp4-f5_variable:ph,6.72649,0.0,conc,,,wp4-f5,conc,lst,595.0,sim,ph,
oname:conc_otype:lst_usecol:sim_time:595.0_obsid:wp4-f5_variable:so4,0.000683682,0.0,conc,,,wp4-f5,conc,lst,595.0,sim,so4,
oname:conc_otype:lst_usecol:sim_time:596.0_obsid:welopt-ly1_variable:so4,0.000317301,0.0,forecast,,,welopt-ly1,conc,lst,596.0,sim,so4,
oname:conc_otype:lst_usecol:sim_time:596.0_obsid:welopt-ly3_variable:o0,3.46581e-10,0.0,conc,,,welopt-ly3,conc,lst,596.0,sim,o0,
oname:conc_otype:lst_usecol:sim_time:596.0_obsid:welopt-ly3_variable:ph,6.58041,0.0,conc,,,welopt-ly3,conc,lst,596.0,sim,ph,
oname:conc_otype:lst_usecol:sim_time:596.0_obsid:welopt-ly3_variable:so4,0.000655874,0.0,forecast,,,welopt-ly3,conc,lst,596.0,sim,so4,
oname:conc_otype:lst_usecol:sim_time:596.0_obsid:welopt-ly5_variable:so4,0.00066337,0.0,forecast,,,welopt-ly5,conc,lst,596.0,sim,so4,
oname:conc_otype:lst_usecol:sim_time:596.0_obsid:wp1-f3_variable:o0,0.000317315,0.0,conc,,,wp1-f3,conc,lst,596.0,sim,o0,
oname:conc_otype:lst_usecol:sim_time:596.0_obsid:wp1-f3_variable:ph,6.83585,0.0,conc,,,wp1-f3,conc,lst,596.0,sim,ph,
oname:conc_otype:lst_usecol:sim_time:596.0_obsid:wp1-f3_variable:so4,0.000581608,0.0,conc,,,wp1-f3,conc,lst,596.0,sim,so4,
oname:conc_otype:lst_usecol:sim_time:596.0_obsid:wp4-f5_variable:o0,5.81534e-10,0.0,conc,,,wp4-f5,conc,lst,596.0,sim,o0,
oname:conc_otype:lst_usecol:sim_time:596.0_obsid:wp4-f5_variable:ph,6.72649,0.0,conc,,,wp4-f5,conc,lst,596.0,sim,ph,
oname:conc_otype:lst_usecol:sim_time:596.0_obsid:wp4-f5_variable:so4,0.000683682,0.0,conc,,,wp4-f5,conc,lst,596.0,sim,so4,
oname:conc_otype:lst_usecol:sim_time:597.0_obsid:welopt-ly1_variable:so4,0.000324557,0.0,forecast,,,welopt-ly1,conc,lst,597.0,sim,so4,
oname:conc_otype:lst_usecol:sim_time:597.0_obsid:welopt-ly3_variable:o0,3.52268e-10,0.0,conc,,,welopt-ly3,conc,lst,597.0,sim,o0,
oname:conc_otype:lst_usecol:sim_time:597.0_obsid:welopt-ly3_variable:ph,6.58888,0.0,conc,,,welopt-ly3,conc,lst,597.0,sim,ph,
oname:conc_otype:lst_usecol:sim_time:597.0_obsid:welopt-ly3_variable:so4,0.000666622,0.0,forecast,,,welopt-ly3,conc,lst,597.0,sim,so4,
oname:conc_otype:lst_usecol:sim_time:597.0_obsid:welopt-ly5_variable:so4,0.00068821,0.0,forecast,,,welopt-ly5,conc,lst,597.0,sim,so4,
oname:conc_otype:lst_usecol:sim_time:597.0_obsid:wp1-f3_variable:o0,0.000311168,0.0,conc,,,wp1-f3,conc,lst,597.0,sim,o0,
oname:conc_otype:lst_usecol:sim_time:597.0_obsid:wp1-f3_variable:ph,6.83754,0.0,conc,,,wp1-f3,conc,lst,597.0,sim,ph,
oname:conc_otype:lst_usecol:sim_time:597.0_obsid:wp1-f3_variable:so4,0.000587535,0.0,conc,,,wp1-f3,conc,lst,597.0,sim,so4,
oname:conc_otype:lst_usecol:sim_time:597.0_obsid:wp4-f5_variable:o0,5.55187e-10,0.0,conc,,,wp4-f5,conc,lst,597.0,sim,o0,
oname:conc_otype:lst_usecol:sim_time:597.0_obsid:wp4-f5_variable:ph,6.76206,0.0,conc,,,wp4-f5,conc,lst,597.0,sim,ph,
oname:conc_otype:lst_usecol:sim_time:597.0_obsid:wp4-f5_variable:so4,0.000713159,0.0,conc,,,wp4-f5,conc,lst,597.0,sim,so4,
oname:conc_otype:lst_usecol:sim_time:598.0_obsid:welopt-ly1_variable:so4,0.000324557,0.0,forecast,,,welopt-ly1,conc,lst,598.0,sim,so4,
oname:conc_otype:lst_usecol:sim_time:598.0_obsid:welopt-ly3_variable:o0,3.52268e-10,0.0,conc,,,welopt-ly3,conc,lst,598.0,sim,o0,
oname:conc_otype:lst_usecol:sim_time:598.0_obsid:welopt-ly3_variable:ph,6.58888,0.0,conc,,,welopt-ly3,conc,lst,598.0,sim,ph,
oname:conc_otype:lst_usecol:sim_time:598.0_obsid:welopt-ly3_variable:so4,0.000666622,0.0,forecast,,,welopt-ly3,conc,lst,598.0,sim,so4,
oname:conc_otype:lst_usecol:sim_time:598.0_obsid:welopt-ly5_variable:so4,0.00068821,0.0,forecast,,,welopt-ly5,conc,lst,598.0,sim,so4,
oname:conc_otype:lst_usecol:sim_time:598.0_obsid:wp1-f3_variable:o0,0.000311168,0.0,conc,,,wp1-f3,conc,lst,598.0,sim,o0,
oname:conc_otype:lst_usecol:sim_time:598.0_obsid:wp1-f3_variable:ph,6.83754,0.0,conc,,,wp1-f3,conc,lst,598.0,sim,ph,
oname:conc_otype:lst_usecol:sim_time:598.0_obsid:wp1-f3_variable:so4,0.000587535,0.0,conc,,,wp1-f3,conc,lst,598.0,sim,so4,
oname:conc_otype:lst_usecol:sim_time:598.0_obsid:wp4-f5_variable:o0,5.55187e-10,0.0,conc,,,wp4-f5,conc,lst,598.0,sim,o0,
oname:conc_otype:lst_usecol:sim_time:598.0_obsid:wp4-f5_variable:ph,6.76206,0.0,conc,,,wp4-f5,conc,lst,598.0,sim,ph,
oname:conc_otype:lst_usecol:sim_time:598.0_obsid:wp4-f5_variable:so4,0.000713159,0.0,conc,,,wp4-f5,conc,lst,598.0,sim,so4,
oname:conc_otype:lst_usecol:sim_time:599.0_obsid:welopt-ly1_variable:so4,0.000324557,0.0,forecast,,,welopt-ly1,conc,lst,599.0,sim,so4,
oname:conc_otype:lst_usecol:sim_time:599.0_obsid:welopt-ly3_variable:o0,3.52268e-10,0.0,conc,,,welopt-ly3,conc,lst,599.0,sim,o0,
oname:conc_otype:lst_usecol:sim_time:599.0_obsid:welopt-ly3_variable:ph,6.58888,0.0,conc,,,welopt-ly3,conc,lst,599.0,sim,ph,
oname:conc_otype:lst_usecol:sim_time:599.0_obsid:welopt-ly3_variable:so4,0.000666622,0.0,forecast,,,welopt-ly3,conc,lst,599.0,sim,so4,
oname:conc_otype:lst_usecol:sim_time:599.0_obsid:welopt-ly5_variable:so4,0.00068821,0.0,forecast,,,welopt-ly5,conc,lst,599.0,sim,so4,
oname:conc_otype:lst_usecol:sim_time:599.0_obsid:wp1-f3_variable:o0,0.000311168,0.0,conc,,,wp1-f3,conc,lst,599.0,sim,o0,
oname:conc_otype:lst_usecol:sim_time:599.0_obsid:wp1-f3_variable:ph,6.83754,0.0,conc,,,wp1-f3,conc,lst,599.0,sim,ph,
oname:conc_otype:lst_usecol:sim_time:599.0_obsid:wp1-f3_variable:so4,0.000587535,0.0,conc,,,wp1-f3,conc,lst,599.0,sim,so4,
oname:conc_otype:lst_usecol:sim_time:599.0_obsid:wp4-f5_variable:o0,5.55187e-10,0.0,conc,,,wp4-f5,conc,lst,599.0,sim,o0,
oname:conc_otype:lst_usecol:sim_time:599.0_obsid:wp4-f5_variable:ph,6.76206,0.0,conc,,,wp4-f5,conc,lst,599.0,sim,ph,
oname:conc_otype:lst_usecol:sim_time:599.0_obsid:wp4-f5_variable:so4,0.000713159,0.0,conc,,,wp4-f5,conc,lst,599.0,sim,so4,
oname:conc_otype:lst_usecol:sim_time:6.0_obsid:welopt-ly3_variable:o0,0.0,0.0,conc,,,welopt-ly3,conc,lst,6.0,sim,o0,
oname:conc_otype:lst_usecol:sim_time:6.0_obsid:welopt-ly3_variable:ph,6.67491,0.0,conc,,,welopt-ly3,conc,lst,6.0,sim,ph,
oname:conc_otype:lst_usecol:sim_time:6.0_obsid:welopt-ly3_variable:so4,5.51205e-05,0.0,conc,,,welopt-ly3,conc,lst,6.0,sim,so4,
oname:conc_otype:lst_usecol:sim_time:6.0_obsid:wp1-f3_variable:o0,0.0,0.0,conc,,,wp1-f3,conc,lst,6.0,sim,o0,0.000326190128606
oname:conc_otype:lst_usecol:sim_time:6.0_obsid:wp1-f3_variable:ph,6.67484,0.6131393394849658,conc,,,wp1-f3,conc,lst,6.0,sim,ph,1.6309506430300091
oname:conc_otype:lst_usecol:sim_time:6.0_obsid:wp1-f3_variable:so4,5.54049e-05,1226.2786789699317,conc,,,wp1-f3,conc,lst,6.0,sim,so4,0.000815475321515
oname:conc_otype:lst_usecol:sim_time:6.0_obsid:wp4-f5_variable:o0,0.0,0.0,conc,,,wp4-f5,conc,lst,6.0,sim,o0,0.0003181194744117
oname:conc_otype:lst_usecol:sim_time:6.0_obsid:wp4-f5_variable:ph,6.67491,0.6286946134619315,conc,,,wp4-f5,conc,lst,6.0,sim,ph,1.5905973720586868
oname:conc_otype:lst_usecol:sim_time:6.0_obsid:wp4-f5_variable:so4,5.51205e-05,1257.389226923863,conc,,,wp4-f5,conc,lst,6.0,sim,so4,0.0007952986860293
oname:conc_otype:lst_usecol:sim_time:6.14167_obsid:wp1-f3_variable:o0,0.0,0.0,conc,,,wp1-f3,conc,lst,6.14167,sim,o0,0.000326190128606
oname:conc_otype:lst_usecol:sim_time:6.14167_obsid:wp1-f3_variable:ph,6.67484,0.6131393394849658,conc,,,wp1-f3,conc,lst,6.14167,sim,ph,1.6309506430300091
oname:conc_otype:lst_usecol:sim_time:6.14167_obsid:wp1-f3_variable:so4,5.54049e-05,1226.2786789699317,conc,,,wp1-f3,conc,lst,6.14167,sim,so4,0.000815475321515
oname:conc_otype:lst_usecol:sim_time:60.0_obsid:welopt-ly3_variable:o0,0.0,0.0,conc,,,welopt-ly3,conc,lst,60.0,sim,o0,
oname:conc_otype:lst_usecol:sim_time:60.0_obsid:welopt-ly3_variable:ph,6.67491,0.0,conc,,,welopt-ly3,conc,lst,60.0,sim,ph,
oname:conc_otype:lst_usecol:sim_time:60.0_obsid:welopt-ly3_variable:so4,5.51058e-05,0.0,conc,,,welopt-ly3,conc,lst,60.0,sim,so4,
oname:conc_otype:lst_usecol:sim_time:60.0_obsid:wp1-f3_variable:o0,1.16404e-10,3065.696697424829,conc,,,wp1-f3,conc,lst,60.0,sim,o0,0.000326190128606
oname:conc_otype:lst_usecol:sim_time:60.0_obsid:wp1-f3_variable:ph,6.81127,0.6131393394849658,conc,,,wp1-f3,conc,lst,60.0,sim,ph,1.6309506430300091
oname:conc_otype:lst_usecol:sim_time:60.0_obsid:wp1-f3_variable:so4,0.000714939,1226.2786789699317,conc,,,wp1-f3,conc,lst,60.0,sim,so4,0.000815475321515
oname:conc_otype:lst_usecol:sim_time:60.0_obsid:wp4-f5_variable:o0,2.66217e-36,3143.4730673096574,conc,,,wp4-f5,conc,lst,60.0,sim,o0,0.0003181194744117
oname:conc_otype:lst_usecol:sim_time:60.0_obsid:wp4-f5_variable:ph,6.644,0.6286946134619315,conc,,,wp4-f5,conc,lst,60.0,sim,ph,1.5905973720586868
oname:conc_otype:lst_usecol:sim_time:60.0_obsid:wp4-f5_variable:so4,0.000130178,1140.169123444054,conc,,,wp4-f5,conc,lst,60.0,sim,so4,0.0008770628667608
oname:conc_otype:lst_usecol:sim_time:600.0_obsid:welopt-ly1_variable:so4,0.000324557,0.0,forecast,,,welopt-ly1,conc,lst,600.0,sim,so4,
oname:conc_otype:lst_usecol:sim_time:600.0_obsid:welopt-ly3_variable:o0,3.52268e-10,0.0,conc,,,welopt-ly3,conc,lst,600.0,sim,o0,
oname:conc_otype:lst_usecol:sim_time:600.0_obsid:welopt-ly3_variable:ph,6.58888,0.0,conc,,,welopt-ly3,conc,lst,600.0,sim,ph,
oname:conc_otype:lst_usecol:sim_time:600.0_obsid:welopt-ly3_variable:so4,0.000666622,0.0,forecast,,,welopt-ly3,conc,lst,600.0,sim,so4,
oname:conc_otype:lst_usecol:sim_time:600.0_obsid:welopt-ly5_variable:so4,0.00068821,0.0,forecast,,,welopt-ly5,conc,lst,600.0,sim,so4,
oname:conc_otype:lst_usecol:sim_time:600.0_obsid:wp1-f3_variable:o0,0.000311168,0.0,conc,,,wp1-f3,conc,lst,600.0,sim,o0,
oname:conc_otype:lst_usecol:sim_time:600.0_obsid:wp1-f3_variable:ph,6.83754,0.0,conc,,,wp1-f3,conc,lst,600.0,sim,ph,
oname:conc_otype:lst_usecol:sim_time:600.0_obsid:wp1-f3_variable:so4,0.000587535,0.0,conc,,,wp1-f3,conc,lst,600.0,sim,so4,
oname:conc_otype:lst_usecol:sim_time:600.0_obsid:wp4-f5_variable:o0,5.55187e-10,0.0,conc,,,wp4-f5,conc,lst,600.0,sim,o0,
oname:conc_otype:lst_usecol:sim_time:600.0_obsid:wp4-f5_variable:ph,6.76206,0.0,conc,,,wp4-f5,conc,lst,600.0,sim,ph,
oname:conc_otype:lst_usecol:sim_time:600.0_obsid:wp4-f5_variable:so4,0.000713159,0.0,conc,,,wp4-f5,conc,lst,600.0,sim,so4,
oname:conc_otype:lst_usecol:sim_time:601.0_obsid:welopt-ly1_variable:so4,0.000324557,0.0,forecast,,,welopt-ly1,conc,lst,601.0,sim,so4,
oname:conc_otype:lst_usecol:sim_time:601.0_obsid:welopt-ly3_variable:o0,3.52268e-10,0.0,conc,,,welopt-ly3,conc,lst,601.0,sim,o0,
oname:conc_otype:lst_usecol:sim_time:601.0_obsid:welopt-ly3_variable:ph,6.58888,0.0,conc,,,welopt-ly3,conc,lst,601.0,sim,ph,
oname:conc_otype:lst_usecol:sim_time:601.0_obsid:welopt-ly3_variable:so4,0.000666622,0.0,forecast,,,welopt-ly3,conc,lst,601.0,sim,so4,
oname:conc_otype:lst_usecol:sim_time:601.0_obsid:welopt-ly5_variable:so4,0.00068821,0.0,forecast,,,welopt-ly5,conc,lst,601.0,sim,so4,
oname:conc_otype:lst_usecol:sim_time:601.0_obsid:wp1-f3_variable:o0,0.000311168,0.0,conc,,,wp1-f3,conc,lst,601.0,sim,o0,
oname:conc_otype:lst_usecol:sim_time:601.0_obsid:wp1-f3_variable:ph,6.83754,0.0,conc,,,wp1-f3,conc,lst,601.0,sim,ph,
oname:conc_otype:lst_usecol:sim_time:601.0_obsid:wp1-f3_variable:so4,0.000587535,0.0,conc,,,wp1-f3,conc,lst,601.0,sim,so4,
oname:conc_otype:lst_usecol:sim_time:601.0_obsid:wp4-f5_variable:o0,5.55187e-10,0.0,conc,,,wp4-f5,conc,lst,601.0,sim,o0,
oname:conc_otype:lst_usecol:sim_time:601.0_obsid:wp4-f5_variable:ph,6.76206,0.0,conc,,,wp4-f5,conc,lst,601.0,sim,ph,
oname:conc_otype:lst_usecol:sim_time:601.0_obsid:wp4-f5_variable:so4,0.000713159,0.0,conc,,,wp4-f5,conc,lst,601.0,sim,so4,
oname:conc_otype:lst_usecol:sim_time:602.0_obsid:welopt-ly1_variable:so4,0.000324557,0.0,forecast,,,welopt-ly1,conc,lst,602.0,sim,so4,
oname:conc_otype:lst_usecol:sim_time:602.0_obsid:welopt-ly3_variable:o0,3.52268e-10,0.0,conc,,,welopt-ly3,conc,lst,602.0,sim,o0,
oname:conc_otype:lst_usecol:sim_time:602.0_obsid:welopt-ly3_variable:ph,6.58888,0.0,conc,,,welopt-ly3,conc,lst,602.0,sim,ph,
oname:conc_otype:lst_usecol:sim_time:602.0_obsid:welopt-ly3_variable:so4,0.000666622,0.0,forecast,,,welopt-ly3,conc,lst,602.0,sim,so4,
oname:conc_otype:lst_usecol:sim_time:602.0_obsid:welopt-ly5_variable:so4,0.00068821,0.0,forecast,,,welopt-ly5,conc,lst,602.0,sim,so4,
oname:conc_otype:lst_usecol:sim_time:602.0_obsid:wp1-f3_variable:o0,0.000311168,0.0,conc,,,wp1-f3,conc,lst,602.0,sim,o0,
oname:conc_otype:lst_usecol:sim_time:602.0_obsid:wp1-f3_variable:ph,6.83754,0.0,conc,,,wp1-f3,conc,lst,602.0,sim,ph,
oname:conc_otype:lst_usecol:sim_time:602.0_obsid:wp1-f3_variable:so4,0.000587535,0.0,conc,,,wp1-f3,conc,lst,602.0,sim,so4,
oname:conc_otype:lst_usecol:sim_time:602.0_obsid:wp4-f5_variable:o0,5.55187e-10,0.0,conc,,,wp4-f5,conc,lst,602.0,sim,o0,
oname:conc_otype:lst_usecol:sim_time:602.0_obsid:wp4-f5_variable:ph,6.76206,0.0,conc,,,wp4-f5,conc,lst,602.0,sim,ph,
oname:conc_otype:lst_usecol:sim_time:602.0_obsid:wp4-f5_variable:so4,0.000713159,0.0,conc,,,wp4-f5,conc,lst,602.0,sim,so4,
oname:conc_otype:lst_usecol:sim_time:603.0_obsid:welopt-ly1_variable:so4,0.000324557,0.0,forecast,,,welopt-ly1,conc,lst,603.0,sim,so4,
oname:conc_otype:lst_usecol:sim_time:603.0_obsid:welopt-ly3_variable:o0,3.52268e-10,0.0,conc,,,welopt-ly3,conc,lst,603.0,sim,o0,
oname:conc_otype:lst_usecol:sim_time:603.0_obsid:welopt-ly3_variable:ph,6.58888,0.0,conc,,,welopt-ly3,conc,lst,603.0,sim,ph,
oname:conc_otype:lst_usecol:sim_time:603.0_obsid:welopt-ly3_variable:so4,0.000666622,0.0,forecast,,,welopt-ly3,conc,lst,603.0,sim,so4,
oname:conc_otype:lst_usecol:sim_time:603.0_obsid:welopt-ly5_variable:so4,0.00068821,0.0,forecast,,,welopt-ly5,conc,lst,603.0,sim,so4,
oname:conc_otype:lst_usecol:sim_time:603.0_obsid:wp1-f3_variable:o0,0.000311168,0.0,conc,,,wp1-f3,conc,lst,603.0,sim,o0,
oname:conc_otype:lst_usecol:sim_time:603.0_obsid:wp1-f3_variable:ph,6.83754,0.0,conc,,,wp1-f3,conc,lst,603.0,sim,ph,
oname:conc_otype:lst_usecol:sim_time:603.0_obsid:wp1-f3_variable:so4,0.000587535,0.0,conc,,,wp1-f3,conc,lst,603.0,sim,so4,
oname:conc_otype:lst_usecol:sim_time:603.0_obsid:wp4-f5_variable:o0,5.55187e-10,0.0,conc,,,wp4-f5,conc,lst,603.0,sim,o0,
oname:conc_otype:lst_usecol:sim_time:603.0_obsid:wp4-f5_variable:ph,6.76206,0.0,conc,,,wp4-f5,conc,lst,603.0,sim,ph,
oname:conc_otype:lst_usecol:sim_time:603.0_obsid:wp4-f5_variable:so4,0.000713159,0.0,conc,,,wp4-f5,conc,lst,603.0,sim,so4,
oname:conc_otype:lst_usecol:sim_time:604.0_obsid:welopt-ly1_variable:so4,0.000331539,0.0,forecast,,,welopt-ly1,conc,lst,604.0,sim,so4,
oname:conc_otype:lst_usecol:sim_time:604.0_obsid:welopt-ly3_variable:o0,3.28264e-10,0.0,conc,,,welopt-ly3,conc,lst,604.0,sim,o0,
oname:conc_otype:lst_usecol:sim_time:604.0_obsid:welopt-ly3_variable:ph,6.62841,0.0,conc,,,welopt-ly3,conc,lst,604.0,sim,ph,
oname:conc_otype:lst_usecol:sim_time:604.0_obsid:welopt-ly3_variable:so4,0.000682345,0.0,forecast,,,welopt-ly3,conc,lst,604.0,sim,so4,
oname:conc_otype:lst_usecol:sim_time:604.0_obsid:welopt-ly5_variable:so4,0.000708523,0.0,forecast,,,welopt-ly5,conc,lst,604.0,sim,so4,
oname:conc_otype:lst_usecol:sim_time:604.0_obsid:wp1-f3_variable:o0,0.00031342,0.0,conc,,,wp1-f3,conc,lst,604.0,sim,o0,
oname:conc_otype:lst_usecol:sim_time:604.0_obsid:wp1-f3_variable:ph,6.83534,0.0,conc,,,wp1-f3,conc,lst,604.0,sim,ph,
oname:conc_otype:lst_usecol:sim_time:604.0_obsid:wp1-f3_variable:so4,0.000588797,0.0,conc,,,wp1-f3,conc,lst,604.0,sim,so4,
oname:conc_otype:lst_usecol:sim_time:604.0_obsid:wp4-f5_variable:o0,5.5747e-10,0.0,conc,,,wp4-f5,conc,lst,604.0,sim,o0,
oname:conc_otype:lst_usecol:sim_time:604.0_obsid:wp4-f5_variable:ph,6.76879,0.0,conc,,,wp4-f5,conc,lst,604.0,sim,ph,
oname:conc_otype:lst_usecol:sim_time:604.0_obsid:wp4-f5_variable:so4,0.000719197,0.0,conc,,,wp4-f5,conc,lst,604.0,sim,so4,
oname:conc_otype:lst_usecol:sim_time:605.0_obsid:welopt-ly1_variable:so4,0.000331539,0.0,forecast,,,welopt-ly1,conc,lst,605.0,sim,so4,
oname:conc_otype:lst_usecol:sim_time:605.0_obsid:welopt-ly3_variable:o0,3.28264e-10,0.0,conc,,,welopt-ly3,conc,lst,605.0,sim,o0,
oname:conc_otype:lst_usecol:sim_time:605.0_obsid:welopt-ly3_variable:ph,6.62841,0.0,conc,,,welopt-ly3,conc,lst,605.0,sim,ph,
oname:conc_otype:lst_usecol:sim_time:605.0_obsid:welopt-ly3_variable:so4,0.000682345,0.0,forecast,,,welopt-ly3,conc,lst,605.0,sim,so4,
oname:conc_otype:lst_usecol:sim_time:605.0_obsid:welopt-ly5_variable:so4,0.000708523,0.0,forecast,,,welopt-ly5,conc,lst,605.0,sim,so4,
oname:conc_otype:lst_usecol:sim_time:605.0_obsid:wp1-f3_variable:o0,0.00031342,0.0,conc,,,wp1-f3,conc,lst,605.0,sim,o0,
oname:conc_otype:lst_usecol:sim_time:605.0_obsid:wp1-f3_variable:ph,6.83534,0.0,conc,,,wp1-f3,conc,lst,605.0,sim,ph,
oname:conc_otype:lst_usecol:sim_time:605.0_obsid:wp1-f3_variable:so4,0.000588797,0.0,conc,,,wp1-f3,conc,lst,605.0,sim,so4,
oname:conc_otype:lst_usecol:sim_time:605.0_obsid:wp4-f5_variable:o0,5.5747e-10,0.0,conc,,,wp4-f5,conc,lst,605.0,sim,o0,
oname:conc_otype:lst_usecol:sim_time:605.0_obsid:wp4-f5_variable:ph,6.76879,0.0,conc,,,wp4-f5,conc,lst,605.0,sim,ph,
oname:conc_otype:lst_usecol:sim_time:605.0_obsid:wp4-f5_variable:so4,0.000719197,0.0,conc,,,wp4-f5,conc,lst,605.0,sim,so4,
oname:conc_otype:lst_usecol:sim_time:606.0_obsid:welopt-ly1_variable:so4,0.000331539,0.0,forecast,,,welopt-ly1,conc,lst,606.0,sim,so4,
oname:conc_otype:lst_usecol:sim_time:606.0_obsid:welopt-ly3_variable:o0,3.28264e-10,0.0,conc,,,welopt-ly3,conc,lst,606.0,sim,o0,
oname:conc_otype:lst_usecol:sim_time:606.0_obsid:welopt-ly3_variable:ph,6.62841,0.0,conc,,,welopt-ly3,conc,lst,606.0,sim,ph,
oname:conc_otype:lst_usecol:sim_time:606.0_obsid:welopt-ly3_variable:so4,0.000682345,0.0,forecast,,,welopt-ly3,conc,lst,606.0,sim,so4,
oname:conc_otype:lst_usecol:sim_time:606.0_obsid:welopt-ly5_variable:so4,0.000708523,0.0,forecast,,,welopt-ly5,conc,lst,606.0,sim,so4,
oname:conc_otype:lst_usecol:sim_time:606.0_obsid:wp1-f3_variable:o0,0.00031342,0.0,conc,,,wp1-f3,conc,lst,606.0,sim,o0,
oname:conc_otype:lst_usecol:sim_time:606.0_obsid:wp1-f3_variable:ph,6.83534,0.0,conc,,,wp1-f3,conc,lst,606.0,sim,ph,
oname:conc_otype:lst_usecol:sim_time:606.0_obsid:wp1-f3_variable:so4,0.000588797,0.0,conc,,,wp1-f3,conc,lst,606.0,sim,so4,
oname:conc_otype:lst_usecol:sim_time:606.0_obsid:wp4-f5_variable:o0,5.5747e-10,0.0,conc,,,wp4-f5,conc,lst,606.0,sim,o0,
oname:conc_otype:lst_usecol:sim_time:606.0_obsid:wp4-f5_variable:ph,6.76879,0.0,conc,,,wp4-f5,conc,lst,606.0,sim,ph,
oname:conc_otype:lst_usecol:sim_time:606.0_obsid:wp4-f5_variable:so4,0.000719197,0.0,conc,,,wp4-f5,conc,lst,606.0,sim,so4,
oname:conc_otype:lst_usecol:sim_time:607.0_obsid:welopt-ly1_variable:so4,0.000331539,0.0,forecast,,,welopt-ly1,conc,lst,607.0,sim,so4,
oname:conc_otype:lst_usecol:sim_time:607.0_obsid:welopt-ly3_variable:o0,3.28264e-10,0.0,conc,,,welopt-ly3,conc,lst,607.0,sim,o0,
oname:conc_otype:lst_usecol:sim_time:607.0_obsid:welopt-ly3_variable:ph,6.62841,0.0,conc,,,welopt-ly3,conc,lst,607.0,sim,ph,
oname:conc_otype:lst_usecol:sim_time:607.0_obsid:welopt-ly3_variable:so4,0.000682345,0.0,forecast,,,welopt-ly3,conc,lst,607.0,sim,so4,
oname:conc_otype:lst_usecol:sim_time:607.0_obsid:welopt-ly5_variable:so4,0.000708523,0.0,forecast,,,welopt-ly5,conc,lst,607.0,sim,so4,
oname:conc_otype:lst_usecol:sim_time:607.0_obsid:wp1-f3_variable:o0,0.00031342,0.0,conc,,,wp1-f3,conc,lst,607.0,sim,o0,
oname:conc_otype:lst_usecol:sim_time:607.0_obsid:wp1-f3_variable:ph,6.83534,0.0,conc,,,wp1-f3,conc,lst,607.0,sim,ph,
oname:conc_otype:lst_usecol:sim_time:607.0_obsid:wp1-f3_variable:so4,0.000588797,0.0,conc,,,wp1-f3,conc,lst,607.0,sim,so4,
oname:conc_otype:lst_usecol:sim_time:607.0_obsid:wp4-f5_variable:o0,5.5747e-10,0.0,conc,,,wp4-f5,conc,lst,607.0,sim,o0,
oname:conc_otype:lst_usecol:sim_time:607.0_obsid:wp4-f5_variable:ph,6.76879,0.0,conc,,,wp4-f5,conc,lst,607.0,sim,ph,
oname:conc_otype:lst_usecol:sim_time:607.0_obsid:wp4-f5_variable:so4,0.000719197,0.0,conc,,,wp4-f5,conc,lst,607.0,sim,so4,
oname:conc_otype:lst_usecol:sim_time:608.0_obsid:welopt-ly1_variable:so4,0.000331539,0.0,forecast,,,welopt-ly1,conc,lst,608.0,sim,so4,
oname:conc_otype:lst_usecol:sim_time:608.0_obsid:welopt-ly3_variable:o0,3.28264e-10,0.0,conc,,,welopt-ly3,conc,lst,608.0,sim,o0,
oname:conc_otype:lst_usecol:sim_time:608.0_obsid:welopt-ly3_variable:ph,6.62841,0.0,conc,,,welopt-ly3,conc,lst,608.0,sim,ph,
oname:conc_otype:lst_usecol:sim_time:608.0_obsid:welopt-ly3_variable:so4,0.000682345,0.0,forecast,,,welopt-ly3,conc,lst,608.0,sim,so4,
oname:conc_otype:lst_usecol:sim_time:608.0_obsid:welopt-ly5_variable:so4,0.000708523,0.0,forecast,,,welopt-ly5,conc,lst,608.0,sim,so4,
oname:conc_otype:lst_usecol:sim_time:608.0_obsid:wp1-f3_variable:o0,0.00031342,0.0,conc,,,wp1-f3,conc,lst,608.0,sim,o0,
oname:conc_otype:lst_usecol:sim_time:608.0_obsid:wp1-f3_variable:ph,6.83534,0.0,conc,,,wp1-f3,conc,lst,608.0,sim,ph,
oname:conc_otype:lst_usecol:sim_time:608.0_obsid:wp1-f3_variable:so4,0.000588797,0.0,conc,,,wp1-f3,conc,lst,608.0,sim,so4,
oname:conc_otype:lst_usecol:sim_time:608.0_obsid:wp4-f5_variable:o0,5.5747e-10,0.0,conc,,,wp4-f5,conc,lst,608.0,sim,o0,
oname:conc_otype:lst_usecol:sim_time:608.0_obsid:wp4-f5_variable:ph,6.76879,0.0,conc,,,wp4-f5,conc,lst,608.0,sim,ph,
oname:conc_otype:lst_usecol:sim_time:608.0_obsid:wp4-f5_variable:so4,0.000719197,0.0,conc,,,wp4-f5,conc,lst,608.0,sim,so4,
oname:conc_otype:lst_usecol:sim_time:608.977_obsid:wp4-f5_variable:ph,6.76879,0.0,conc,,,wp4-f5,conc,lst,608.977,sim,ph,
oname:conc_otype:lst_usecol:sim_time:608.977_obsid:wp4-f5_variable:so4,0.000719197,0.0,conc,,,wp4-f5,conc,lst,608.977,sim,so4,
oname:conc_otype:lst_usecol:sim_time:609.0_obsid:welopt-ly1_variable:so4,0.000331539,0.0,forecast,,,welopt-ly1,conc,lst,609.0,sim,so4,
oname:conc_otype:lst_usecol:sim_time:609.0_obsid:welopt-ly3_variable:o0,3.28264e-10,0.0,conc,,,welopt-ly3,conc,lst,609.0,sim,o0,
oname:conc_otype:lst_usecol:sim_time:609.0_obsid:welopt-ly3_variable:ph,6.62841,0.0,conc,,,welopt-ly3,conc,lst,609.0,sim,ph,
oname:conc_otype:lst_usecol:sim_time:609.0_obsid:welopt-ly3_variable:so4,0.000682345,0.0,forecast,,,welopt-ly3,conc,lst,609.0,sim,so4,
oname:conc_otype:lst_usecol:sim_time:609.0_obsid:welopt-ly5_variable:so4,0.000708523,0.0,forecast,,,welopt-ly5,conc,lst,609.0,sim,so4,
oname:conc_otype:lst_usecol:sim_time:609.0_obsid:wp1-f3_variable:o0,0.00031342,0.0,conc,,,wp1-f3,conc,lst,609.0,sim,o0,
oname:conc_otype:lst_usecol:sim_time:609.0_obsid:wp1-f3_variable:ph,6.83534,0.0,conc,,,wp1-f3,conc,lst,609.0,sim,ph,
oname:conc_otype:lst_usecol:sim_time:609.0_obsid:wp1-f3_variable:so4,0.000588797,0.0,conc,,,wp1-f3,conc,lst,609.0,sim,so4,
oname:conc_otype:lst_usecol:sim_time:609.0_obsid:wp4-f5_variable:o0,5.5747e-10,0.0,conc,,,wp4-f5,conc,lst,609.0,sim,o0,
oname:conc_otype:lst_usecol:sim_time:609.0_obsid:wp4-f5_variable:ph,6.76879,0.0,conc,,,wp4-f5,conc,lst,609.0,sim,ph,
oname:conc_otype:lst_usecol:sim_time:609.0_obsid:wp4-f5_variable:so4,0.000719197,0.0,conc,,,wp4-f5,conc,lst,609.0,sim,so4,
oname:conc_otype:lst_usecol:sim_time:61.0_obsid:welopt-ly3_variable:o0,0.0,0.0,conc,,,welopt-ly3,conc,lst,61.0,sim,o0,
oname:conc_otype:lst_usecol:sim_time:61.0_obsid:welopt-ly3_variable:ph,6.67491,0.0,conc,,,welopt-ly3,conc,lst,61.0,sim,ph,
oname:conc_otype:lst_usecol:sim_time:61.0_obsid:welopt-ly3_variable:so4,5.51058e-05,0.0,conc,,,welopt-ly3,conc,lst,61.0,sim,so4,
oname:conc_otype:lst_usecol:sim_time:61.0_obsid:wp1-f3_variable:o0,1.16404e-10,3065.696697424829,conc,,,wp1-f3,conc,lst,61.0,sim,o0,0.000326190128606
oname:conc_otype:lst_usecol:sim_time:61.0_obsid:wp1-f3_variable:ph,6.81127,0.6131393394849658,conc,,,wp1-f3,conc,lst,61.0,sim,ph,1.6309506430300091
oname:conc_otype:lst_usecol:sim_time:61.0_obsid:wp1-f3_variable:so4,0.000714939,1226.2786789699317,conc,,,wp1-f3,conc,lst,61.0,sim,so4,0.000815475321515
oname:conc_otype:lst_usecol:sim_time:61.0_obsid:wp4-f5_variable:o0,2.66217e-36,3143.4730673096574,conc,,,wp4-f5,conc,lst,61.0,sim,o0,0.0003181194744117
oname:conc_otype:lst_usecol:sim_time:61.0_obsid:wp4-f5_variable:ph,6.644,0.6286946134619315,conc,,,wp4-f5,conc,lst,61.0,sim,ph,1.5905973720586868
oname:conc_otype:lst_usecol:sim_time:61.0_obsid:wp4-f5_variable:so4,0.000130178,1140.169123444054,conc,,,wp4-f5,conc,lst,61.0,sim,so4,0.0008770628667608
oname:conc_otype:lst_usecol:sim_time:610.0_obsid:welopt-ly1_variable:so4,0.000331539,0.0,forecast,,,welopt-ly1,conc,lst,610.0,sim,so4,
oname:conc_otype:lst_usecol:sim_time:610.0_obsid:welopt-ly3_variable:o0,3.28264e-10,0.0,conc,,,welopt-ly3,conc,lst,610.0,sim,o0,
oname:conc_otype:lst_usecol:sim_time:610.0_obsid:welopt-ly3_variable:ph,6.62841,0.0,conc,,,welopt-ly3,conc,lst,610.0,sim,ph,
oname:conc_otype:lst_usecol:sim_time:610.0_obsid:welopt-ly3_variable:so4,0.000682345,0.0,forecast,,,welopt-ly3,conc,lst,610.0,sim,so4,
oname:conc_otype:lst_usecol:sim_time:610.0_obsid:welopt-ly5_variable:so4,0.000708523,0.0,forecast,,,welopt-ly5,conc,lst,610.0,sim,so4,
oname:conc_otype:lst_usecol:sim_time:610.0_obsid:wp1-f3_variable:o0,0.00031342,0.0,conc,,,wp1-f3,conc,lst,610.0,sim,o0,
oname:conc_otype:lst_usecol:sim_time:610.0_obsid:wp1-f3_variable:ph,6.83534,0.0,conc,,,wp1-f3,conc,lst,610.0,sim,ph,
oname:conc_otype:lst_usecol:sim_time:610.0_obsid:wp1-f3_variable:so4,0.000588797,0.0,conc,,,wp1-f3,conc,lst,610.0,sim,so4,
oname:conc_otype:lst_usecol:sim_time:610.0_obsid:wp4-f5_variable:o0,5.5747e-10,0.0,conc,,,wp4-f5,conc,lst,610.0,sim,o0,
oname:conc_otype:lst_usecol:sim_time:610.0_obsid:wp4-f5_variable:ph,6.76879,0.0,conc,,,wp4-f5,conc,lst,610.0,sim,ph,
oname:conc_otype:lst_usecol:sim_time:610.0_obsid:wp4-f5_variable:so4,0.000719197,0.0,conc,,,wp4-f5,conc,lst,610.0,sim,so4,
oname:conc_otype:lst_usecol:sim_time:611.0_obsid:welopt-ly1_variable:so4,0.000336934,0.0,forecast,,,welopt-ly1,conc,lst,611.0,sim,so4,
oname:conc_otype:lst_usecol:sim_time:611.0_obsid:welopt-ly3_variable:o0,3.26634e-10,0.0,conc,,,welopt-ly3,conc,lst,611.0,sim,o0,
oname:conc_otype:lst_usecol:sim_time:611.0_obsid:welopt-ly3_variable:ph,6.64652,0.0,conc,,,welopt-ly3,conc,lst,611.0,sim,ph,
oname:conc_otype:lst_usecol:sim_time:611.0_obsid:welopt-ly3_variable:so4,0.000700985,0.0,forecast,,,welopt-ly3,conc,lst,611.0,sim,so4,
oname:conc_otype:lst_usecol:sim_time:611.0_obsid:welopt-ly5_variable:so4,0.000723045,0.0,forecast,,,welopt-ly5,conc,lst,611.0,sim,so4,
oname:conc_otype:lst_usecol:sim_time:611.0_obsid:wp1-f3_variable:o0,0.000318558,0.0,conc,,,wp1-f3,conc,lst,611.0,sim,o0,
oname:conc_otype:lst_usecol:sim_time:611.0_obsid:wp1-f3_variable:ph,6.82099,0.0,conc,,,wp1-f3,conc,lst,611.0,sim,ph,
oname:conc_otype:lst_usecol:sim_time:611.0_obsid:wp1-f3_variable:so4,0.00056729,0.0,conc,,,wp1-f3,conc,lst,611.0,sim,so4,
oname:conc_otype:lst_usecol:sim_time:611.0_obsid:wp4-f5_variable:o0,5.79064e-10,0.0,conc,,,wp4-f5,conc,lst,611.0,sim,o0,
oname:conc_otype:lst_usecol:sim_time:611.0_obsid:wp4-f5_variable:ph,6.76331,0.0,conc,,,wp4-f5,conc,lst,611.0,sim,ph,
oname:conc_otype:lst_usecol:sim_time:611.0_obsid:wp4-f5_variable:so4,0.000720133,0.0,conc,,,wp4-f5,conc,lst,611.0,sim,so4,
oname:conc_otype:lst_usecol:sim_time:612.0_obsid:welopt-ly1_variable:so4,0.000336934,0.0,forecast,,,welopt-ly1,conc,lst,612.0,sim,so4,
oname:conc_otype:lst_usecol:sim_time:612.0_obsid:welopt-ly3_variable:o0,3.26634e-10,0.0,conc,,,welopt-ly3,conc,lst,612.0,sim,o0,
oname:conc_otype:lst_usecol:sim_time:612.0_obsid:welopt-ly3_variable:ph,6.64652,0.0,conc,,,welopt-ly3,conc,lst,612.0,sim,ph,
oname:conc_otype:lst_usecol:sim_time:612.0_obsid:welopt-ly3_variable:so4,0.000700985,0.0,forecast,,,welopt-ly3,conc,lst,612.0,sim,so4,
oname:conc_otype:lst_usecol:sim_time:612.0_obsid:welopt-ly5_variable:so4,0.000723045,0.0,forecast,,,welopt-ly5,conc,lst,612.0,sim,so4,
oname:conc_otype:lst_usecol:sim_time:612.0_obsid:wp1-f3_variable:o0,0.000318558,0.0,conc,,,wp1-f3,conc,lst,612.0,sim,o0,
oname:conc_otype:lst_usecol:sim_time:612.0_obsid:wp1-f3_variable:ph,6.82099,0.0,conc,,,wp1-f3,conc,lst,612.0,sim,ph,
oname:conc_otype:lst_usecol:sim_time:612.0_obsid:wp1-f3_variable:so4,0.00056729,0.0,conc,,,wp1-f3,conc,lst,612.0,sim,so4,
oname:conc_otype:lst_usecol:sim_time:612.0_obsid:wp4-f5_variable:o0,5.79064e-10,0.0,conc,,,wp4-f5,conc,lst,612.0,sim,o0,
oname:conc_otype:lst_usecol:sim_time:612.0_obsid:wp4-f5_variable:ph,6.76331,0.0,conc,,,wp4-f5,conc,lst,612.0,sim,ph,
oname:conc_otype:lst_usecol:sim_time:612.0_obsid:wp4-f5_variable:so4,0.000720133,0.0,conc,,,wp4-f5,conc,lst,612.0,sim,so4,
oname:conc_otype:lst_usecol:sim_time:613.0_obsid:welopt-ly1_variable:so4,0.000336934,0.0,forecast,,,welopt-ly1,conc,lst,613.0,sim,so4,
oname:conc_otype:lst_usecol:sim_time:613.0_obsid:welopt-ly3_variable:o0,3.26634e-10,0.0,conc,,,welopt-ly3,conc,lst,613.0,sim,o0,
oname:conc_otype:lst_usecol:sim_time:613.0_obsid:welopt-ly3_variable:ph,6.64652,0.0,conc,,,welopt-ly3,conc,lst,613.0,sim,ph,
oname:conc_otype:lst_usecol:sim_time:613.0_obsid:welopt-ly3_variable:so4,0.000700985,0.0,forecast,,,welopt-ly3,conc,lst,613.0,sim,so4,
oname:conc_otype:lst_usecol:sim_time:613.0_obsid:welopt-ly5_variable:so4,0.000723045,0.0,forecast,,,welopt-ly5,conc,lst,613.0,sim,so4,
oname:conc_otype:lst_usecol:sim_time:613.0_obsid:wp1-f3_variable:o0,0.000318558,0.0,conc,,,wp1-f3,conc,lst,613.0,sim,o0,
oname:conc_otype:lst_usecol:sim_time:613.0_obsid:wp1-f3_variable:ph,6.82099,0.0,conc,,,wp1-f3,conc,lst,613.0,sim,ph,
oname:conc_otype:lst_usecol:sim_time:613.0_obsid:wp1-f3_variable:so4,0.00056729,0.0,conc,,,wp1-f3,conc,lst,613.0,sim,so4,
oname:conc_otype:lst_usecol:sim_time:613.0_obsid:wp4-f5_variable:o0,5.79064e-10,0.0,conc,,,wp4-f5,conc,lst,613.0,sim,o0,
oname:conc_otype:lst_usecol:sim_time:613.0_obsid:wp4-f5_variable:ph,6.76331,0.0,conc,,,wp4-f5,conc,lst,613.0,sim,ph,
oname:conc_otype:lst_usecol:sim_time:613.0_obsid:wp4-f5_variable:so4,0.000720133,0.0,conc,,,wp4-f5,conc,lst,613.0,sim,so4,
oname:conc_otype:lst_usecol:sim_time:614.0_obsid:welopt-ly1_variable:so4,0.000336934,0.0,forecast,,,welopt-ly1,conc,lst,614.0,sim,so4,
oname:conc_otype:lst_usecol:sim_time:614.0_obsid:welopt-ly3_variable:o0,3.26634e-10,0.0,conc,,,welopt-ly3,conc,lst,614.0,sim,o0,
oname:conc_otype:lst_usecol:sim_time:614.0_obsid:welopt-ly3_variable:ph,6.64652,0.0,conc,,,welopt-ly3,conc,lst,614.0,sim,ph,
oname:conc_otype:lst_usecol:sim_time:614.0_obsid:welopt-ly3_variable:so4,0.000700985,0.0,forecast,,,welopt-ly3,conc,lst,614.0,sim,so4,
oname:conc_otype:lst_usecol:sim_time:614.0_obsid:welopt-ly5_variable:so4,0.000723045,0.0,forecast,,,welopt-ly5,conc,lst,614.0,sim,so4,
oname:conc_otype:lst_usecol:sim_time:614.0_obsid:wp1-f3_variable:o0,0.000318558,0.0,conc,,,wp1-f3,conc,lst,614.0,sim,o0,
oname:conc_otype:lst_usecol:sim_time:614.0_obsid:wp1-f3_variable:ph,6.82099,0.0,conc,,,wp1-f3,conc,lst,614.0,sim,ph,
oname:conc_otype:lst_usecol:sim_time:614.0_obsid:wp1-f3_variable:so4,0.00056729,0.0,conc,,,wp1-f3,conc,lst,614.0,sim,so4,
oname:conc_otype:lst_usecol:sim_time:614.0_obsid:wp4-f5_variable:o0,5.79064e-10,0.0,conc,,,wp4-f5,conc,lst,614.0,sim,o0,
oname:conc_otype:lst_usecol:sim_time:614.0_obsid:wp4-f5_variable:ph,6.76331,0.0,conc,,,wp4-f5,conc,lst,614.0,sim,ph,
oname:conc_otype:lst_usecol:sim_time:614.0_obsid:wp4-f5_variable:so4,0.000720133,0.0,conc,,,wp4-f5,conc,lst,614.0,sim,so4,
oname:conc_otype:lst_usecol:sim_time:615.0_obsid:welopt-ly1_variable:so4,0.000336934,0.0,forecast,,,welopt-ly1,conc,lst,615.0,sim,so4,
oname:conc_otype:lst_usecol:sim_time:615.0_obsid:welopt-ly3_variable:o0,3.26634e-10,0.0,conc,,,welopt-ly3,conc,lst,615.0,sim,o0,
oname:conc_otype:lst_usecol:sim_time:615.0_obsid:welopt-ly3_variable:ph,6.64652,0.0,conc,,,welopt-ly3,conc,lst,615.0,sim,ph,
oname:conc_otype:lst_usecol:sim_time:615.0_obsid:welopt-ly3_variable:so4,0.000700985,0.0,forecast,,,welopt-ly3,conc,lst,615.0,sim,so4,
oname:conc_otype:lst_usecol:sim_time:615.0_obsid:welopt-ly5_variable:so4,0.000723045,0.0,forecast,,,welopt-ly5,conc,lst,615.0,sim,so4,
oname:conc_otype:lst_usecol:sim_time:615.0_obsid:wp1-f3_variable:o0,0.000318558,0.0,conc,,,wp1-f3,conc,lst,615.0,sim,o0,
oname:conc_otype:lst_usecol:sim_time:615.0_obsid:wp1-f3_variable:ph,6.82099,0.0,conc,,,wp1-f3,conc,lst,615.0,sim,ph,
oname:conc_otype:lst_usecol:sim_time:615.0_obsid:wp1-f3_variable:so4,0.00056729,0.0,conc,,,wp1-f3,conc,lst,615.0,sim,so4,
oname:conc_otype:lst_usecol:sim_time:615.0_obsid:wp4-f5_variable:o0,5.79064e-10,0.0,conc,,,wp4-f5,conc,lst,615.0,sim,o0,
oname:conc_otype:lst_usecol:sim_time:615.0_obsid:wp4-f5_variable:ph,6.76331,0.0,conc,,,wp4-f5,conc,lst,615.0,sim,ph,
oname:conc_otype:lst_usecol:sim_time:615.0_obsid:wp4-f5_variable:so4,0.000720133,0.0,conc,,,wp4-f5,conc,lst,615.0,sim,so4,
oname:conc_otype:lst_usecol:sim_time:616.0_obsid:welopt-ly1_variable:so4,0.000336934,0.0,forecast,,,welopt-ly1,conc,lst,616.0,sim,so4,
oname:conc_otype:lst_usecol:sim_time:616.0_obsid:welopt-ly3_variable:o0,3.26634e-10,0.0,conc,,,welopt-ly3,conc,lst,616.0,sim,o0,
oname:conc_otype:lst_usecol:sim_time:616.0_obsid:welopt-ly3_variable:ph,6.64652,0.0,conc,,,welopt-ly3,conc,lst,616.0,sim,ph,
oname:conc_otype:lst_usecol:sim_time:616.0_obsid:welopt-ly3_variable:so4,0.000700985,0.0,forecast,,,welopt-ly3,conc,lst,616.0,sim,so4,
oname:conc_otype:lst_usecol:sim_time:616.0_obsid:welopt-ly5_variable:so4,0.000723045,0.0,forecast,,,welopt-ly5,conc,lst,616.0,sim,so4,
oname:conc_otype:lst_usecol:sim_time:616.0_obsid:wp1-f3_variable:o0,0.000318558,0.0,conc,,,wp1-f3,conc,lst,616.0,sim,o0,
oname:conc_otype:lst_usecol:sim_time:616.0_obsid:wp1-f3_variable:ph,6.82099,0.0,conc,,,wp1-f3,conc,lst,616.0,sim,ph,
oname:conc_otype:lst_usecol:sim_time:616.0_obsid:wp1-f3_variable:so4,0.00056729,0.0,conc,,,wp1-f3,conc,lst,616.0,sim,so4,
oname:conc_otype:lst_usecol:sim_time:616.0_obsid:wp4-f5_variable:o0,5.79064e-10,0.0,conc,,,wp4-f5,conc,lst,616.0,sim,o0,
oname:conc_otype:lst_usecol:sim_time:616.0_obsid:wp4-f5_variable:ph,6.76331,0.0,conc,,,wp4-f5,conc,lst,616.0,sim,ph,
oname:conc_otype:lst_usecol:sim_time:616.0_obsid:wp4-f5_variable:so4,0.000720133,0.0,conc,,,wp4-f5,conc,lst,616.0,sim,so4,
oname:conc_otype:lst_usecol:sim_time:617.0_obsid:welopt-ly1_variable:so4,0.000336934,0.0,forecast,,,welopt-ly1,conc,lst,617.0,sim,so4,
oname:conc_otype:lst_usecol:sim_time:617.0_obsid:welopt-ly3_variable:o0,3.26634e-10,0.0,conc,,,welopt-ly3,conc,lst,617.0,sim,o0,
oname:conc_otype:lst_usecol:sim_time:617.0_obsid:welopt-ly3_variable:ph,6.64652,0.0,conc,,,welopt-ly3,conc,lst,617.0,sim,ph,
oname:conc_otype:lst_usecol:sim_time:617.0_obsid:welopt-ly3_variable:so4,0.000700985,0.0,forecast,,,welopt-ly3,conc,lst,617.0,sim,so4,
oname:conc_otype:lst_usecol:sim_time:617.0_obsid:welopt-ly5_variable:so4,0.000723045,0.0,forecast,,,welopt-ly5,conc,lst,617.0,sim,so4,
oname:conc_otype:lst_usecol:sim_time:617.0_obsid:wp1-f3_variable:o0,0.000318558,0.0,conc,,,wp1-f3,conc,lst,617.0,sim,o0,
oname:conc_otype:lst_usecol:sim_time:617.0_obsid:wp1-f3_variable:ph,6.82099,0.0,conc,,,wp1-f3,conc,lst,617.0,sim,ph,
oname:conc_otype:lst_usecol:sim_time:617.0_obsid:wp1-f3_variable:so4,0.00056729,0.0,conc,,,wp1-f3,conc,lst,617.0,sim,so4,
oname:conc_otype:lst_usecol:sim_time:617.0_obsid:wp4-f5_variable:o0,5.79064e-10,0.0,conc,,,wp4-f5,conc,lst,617.0,sim,o0,
oname:conc_otype:lst_usecol:sim_time:617.0_obsid:wp4-f5_variable:ph,6.76331,0.0,conc,,,wp4-f5,conc,lst,617.0,sim,ph,
oname:conc_otype:lst_usecol:sim_time:617.0_obsid:wp4-f5_variable:so4,0.000720133,0.0,conc,,,wp4-f5,conc,lst,617.0,sim,so4,
oname:conc_otype:lst_usecol:sim_time:618.0_obsid:welopt-ly1_variable:so4,0.000341873,0.0,forecast,,,welopt-ly1,conc,lst,618.0,sim,so4,
oname:conc_otype:lst_usecol:sim_time:618.0_obsid:welopt-ly3_variable:o0,3.18575e-10,0.0,conc,,,welopt-ly3,conc,lst,618.0,sim,o0,
oname:conc_otype:lst_usecol:sim_time:618.0_obsid:welopt-ly3_variable:ph,6.66286,0.0,conc,,,welopt-ly3,conc,lst,618.0,sim,ph,
oname:conc_otype:lst_usecol:sim_time:618.0_obsid:welopt-ly3_variable:so4,0.000715991,0.0,forecast,,,welopt-ly3,conc,lst,618.0,sim,so4,
oname:conc_otype:lst_usecol:sim_time:618.0_obsid:welopt-ly5_variable:so4,0.000706133,0.0,forecast,,,welopt-ly5,conc,lst,618.0,sim,so4,
oname:conc_otype:lst_usecol:sim_time:618.0_obsid:wp1-f3_variable:o0,0.000326066,0.0,conc,,,wp1-f3,conc,lst,618.0,sim,o0,
oname:conc_otype:lst_usecol:sim_time:618.0_obsid:wp1-f3_variable:ph,6.75617,0.0,conc,,,wp1-f3,conc,lst,618.0,sim,ph,
oname:conc_otype:lst_usecol:sim_time:618.0_obsid:wp1-f3_variable:so4,0.000522185,0.0,conc,,,wp1-f3,conc,lst,618.0,sim,so4,
oname:conc_otype:lst_usecol:sim_time:618.0_obsid:wp4-f5_variable:o0,8.24886e-10,0.0,conc,,,wp4-f5,conc,lst,618.0,sim,o0,
oname:conc_otype:lst_usecol:sim_time:618.0_obsid:wp4-f5_variable:ph,6.67475,0.0,conc,,,wp4-f5,conc,lst,618.0,sim,ph,
oname:conc_otype:lst_usecol:sim_time:618.0_obsid:wp4-f5_variable:so4,0.00069387,0.0,conc,,,wp4-f5,conc,lst,618.0,sim,so4,
oname:conc_otype:lst_usecol:sim_time:619.0_obsid:welopt-ly1_variable:so4,0.000341873,0.0,forecast,,,welopt-ly1,conc,lst,619.0,sim,so4,
oname:conc_otype:lst_usecol:sim_time:619.0_obsid:welopt-ly3_variable:o0,3.18575e-10,0.0,conc,,,welopt-ly3,conc,lst,619.0,sim,o0,
oname:conc_otype:lst_usecol:sim_time:619.0_obsid:welopt-ly3_variable:ph,6.66286,0.0,conc,,,welopt-ly3,conc,lst,619.0,sim,ph,
oname:conc_otype:lst_usecol:sim_time:619.0_obsid:welopt-ly3_variable:so4,0.000715991,0.0,forecast,,,welopt-ly3,conc,lst,619.0,sim,so4,
oname:conc_otype:lst_usecol:sim_time:619.0_obsid:welopt-ly5_variable:so4,0.000706133,0.0,forecast,,,welopt-ly5,conc,lst,619.0,sim,so4,
oname:conc_otype:lst_usecol:sim_time:619.0_obsid:wp1-f3_variable:o0,0.000326066,0.0,conc,,,wp1-f3,conc,lst,619.0,sim,o0,
oname:conc_otype:lst_usecol:sim_time:619.0_obsid:wp1-f3_variable:ph,6.75617,0.0,conc,,,wp1-f3,conc,lst,619.0,sim,ph,
oname:conc_otype:lst_usecol:sim_time:619.0_obsid:wp1-f3_variable:so4,0.000522185,0.0,conc,,,wp1-f3,conc,lst,619.0,sim,so4,
oname:conc_otype:lst_usecol:sim_time:619.0_obsid:wp4-f5_variable:o0,8.24886e-10,0.0,conc,,,wp4-f5,conc,lst,619.0,sim,o0,
oname:conc_otype:lst_usecol:sim_time:619.0_obsid:wp4-f5_variable:ph,6.67475,0.0,conc,,,wp4-f5,conc,lst,619.0,sim,ph,
oname:conc_otype:lst_usecol:sim_time:619.0_obsid:wp4-f5_variable:so4,0.00069387,0.0,conc,,,wp4-f5,conc,lst,619.0,sim,so4,
oname:conc_otype:lst_usecol:sim_time:62.0_obsid:welopt-ly3_variable:o0,0.0,0.0,conc,,,welopt-ly3,conc,lst,62.0,sim,o0,
oname:conc_otype:lst_usecol:sim_time:62.0_obsid:welopt-ly3_variable:ph,6.67491,0.0,conc,,,welopt-ly3,conc,lst,62.0,sim,ph,
oname:conc_otype:lst_usecol:sim_time:62.0_obsid:welopt-ly3_variable:so4,5.51058e-05,0.0,conc,,,welopt-ly3,conc,lst,62.0,sim,so4,
oname:conc_otype:lst_usecol:sim_time:62.0_obsid:wp1-f3_variable:o0,1.16404e-10,3065.696697424829,conc,,,wp1-f3,conc,lst,62.0,sim,o0,0.000326190128606
oname:conc_otype:lst_usecol:sim_time:62.0_obsid:wp1-f3_variable:ph,6.81127,0.6131393394849658,conc,,,wp1-f3,conc,lst,62.0,sim,ph,1.6309506430300091
oname:conc_otype:lst_usecol:sim_time:62.0_obsid:wp1-f3_variable:so4,0.000714939,1226.2786789699317,conc,,,wp1-f3,conc,lst,62.0,sim,so4,0.000815475321515
oname:conc_otype:lst_usecol:sim_time:62.0_obsid:wp4-f5_variable:o0,2.66217e-36,3143.4730673096574,conc,,,wp4-f5,conc,lst,62.0,sim,o0,0.0003181194744117
oname:conc_otype:lst_usecol:sim_time:62.0_obsid:wp4-f5_variable:ph,6.644,0.6286946134619315,conc,,,wp4-f5,conc,lst,62.0,sim,ph,1.5905973720586868
oname:conc_otype:lst_usecol:sim_time:62.0_obsid:wp4-f5_variable:so4,0.000130178,1140.169123444054,conc,,,wp4-f5,conc,lst,62.0,sim,so4,0.0008770628667608
oname:conc_otype:lst_usecol:sim_time:620.0_obsid:welopt-ly1_variable:so4,0.000341873,0.0,forecast,,,welopt-ly1,conc,lst,620.0,sim,so4,
oname:conc_otype:lst_usecol:sim_time:620.0_obsid:welopt-ly3_variable:o0,3.18575e-10,0.0,conc,,,welopt-ly3,conc,lst,620.0,sim,o0,
oname:conc_otype:lst_usecol:sim_time:620.0_obsid:welopt-ly3_variable:ph,6.66286,0.0,conc,,,welopt-ly3,conc,lst,620.0,sim,ph,
oname:conc_otype:lst_usecol:sim_time:620.0_obsid:welopt-ly3_variable:so4,0.000715991,0.0,forecast,,,welopt-ly3,conc,lst,620.0,sim,so4,
oname:conc_otype:lst_usecol:sim_time:620.0_obsid:welopt-ly5_variable:so4,0.000706133,0.0,forecast,,,welopt-ly5,conc,lst,620.0,sim,so4,
oname:conc_otype:lst_usecol:sim_time:620.0_obsid:wp1-f3_variable:o0,0.000326066,0.0,conc,,,wp1-f3,conc,lst,620.0,sim,o0,
oname:conc_otype:lst_usecol:sim_time:620.0_obsid:wp1-f3_variable:ph,6.75617,0.0,conc,,,wp1-f3,conc,lst,620.0,sim,ph,
oname:conc_otype:lst_usecol:sim_time:620.0_obsid:wp1-f3_variable:so4,0.000522185,0.0,conc,,,wp1-f3,conc,lst,620.0,sim,so4,
oname:conc_otype:lst_usecol:sim_time:620.0_obsid:wp4-f5_variable:o0,8.24886e-10,0.0,conc,,,wp4-f5,conc,lst,620.0,sim,o0,
oname:conc_otype:lst_usecol:sim_time:620.0_obsid:wp4-f5_variable:ph,6.67475,0.0,conc,,,wp4-f5,conc,lst,620.0,sim,ph,
oname:conc_otype:lst_usecol:sim_time:620.0_obsid:wp4-f5_variable:so4,0.00069387,0.0,conc,,,wp4-f5,conc,lst,620.0,sim,so4,
oname:conc_otype:lst_usecol:sim_time:621.0_obsid:welopt-ly1_variable:so4,0.000341873,0.0,forecast,,,welopt-ly1,conc,lst,621.0,sim,so4,
oname:conc_otype:lst_usecol:sim_time:621.0_obsid:welopt-ly3_variable:o0,3.18575e-10,0.0,conc,,,welopt-ly3,conc,lst,621.0,sim,o0,
oname:conc_otype:lst_usecol:sim_time:621.0_obsid:welopt-ly3_variable:ph,6.66286,0.0,conc,,,welopt-ly3,conc,lst,621.0,sim,ph,
oname:conc_otype:lst_usecol:sim_time:621.0_obsid:welopt-ly3_variable:so4,0.000715991,0.0,forecast,,,welopt-ly3,conc,lst,621.0,sim,so4,
oname:conc_otype:lst_usecol:sim_time:621.0_obsid:welopt-ly5_variable:so4,0.000706133,0.0,forecast,,,welopt-ly5,conc,lst,621.0,sim,so4,
oname:conc_otype:lst_usecol:sim_time:621.0_obsid:wp1-f3_variable:o0,0.000326066,0.0,conc,,,wp1-f3,conc,lst,621.0,sim,o0,
oname:conc_otype:lst_usecol:sim_time:621.0_obsid:wp1-f3_variable:ph,6.75617,0.0,conc,,,wp1-f3,conc,lst,621.0,sim,ph,
oname:conc_otype:lst_usecol:sim_time:621.0_obsid:wp1-f3_variable:so4,0.000522185,0.0,conc,,,wp1-f3,conc,lst,621.0,sim,so4,
oname:conc_otype:lst_usecol:sim_time:621.0_obsid:wp4-f5_variable:o0,8.24886e-10,0.0,conc,,,wp4-f5,conc,lst,621.0,sim,o0,
oname:conc_otype:lst_usecol:sim_time:621.0_obsid:wp4-f5_variable:ph,6.67475,0.0,conc,,,wp4-f5,conc,lst,621.0,sim,ph,
oname:conc_otype:lst_usecol:sim_time:621.0_obsid:wp4-f5_variable:so4,0.00069387,0.0,conc,,,wp4-f5,conc,lst,621.0,sim,so4,
oname:conc_otype:lst_usecol:sim_time:622.0_obsid:welopt-ly1_variable:so4,0.000341873,0.0,forecast,,,welopt-ly1,conc,lst,622.0,sim,so4,
oname:conc_otype:lst_usecol:sim_time:622.0_obsid:welopt-ly3_variable:o0,3.18575e-10,0.0,conc,,,welopt-ly3,conc,lst,622.0,sim,o0,
oname:conc_otype:lst_usecol:sim_time:622.0_obsid:welopt-ly3_variable:ph,6.66286,0.0,conc,,,welopt-ly3,conc,lst,622.0,sim,ph,
oname:conc_otype:lst_usecol:sim_time:622.0_obsid:welopt-ly3_variable:so4,0.000715991,0.0,forecast,,,welopt-ly3,conc,lst,622.0,sim,so4,
oname:conc_otype:lst_usecol:sim_time:622.0_obsid:welopt-ly5_variable:so4,0.000706133,0.0,forecast,,,welopt-ly5,conc,lst,622.0,sim,so4,
oname:conc_otype:lst_usecol:sim_time:622.0_obsid:wp1-f3_variable:o0,0.000326066,0.0,conc,,,wp1-f3,conc,lst,622.0,sim,o0,
oname:conc_otype:lst_usecol:sim_time:622.0_obsid:wp1-f3_variable:ph,6.75617,0.0,conc,,,wp1-f3,conc,lst,622.0,sim,ph,
oname:conc_otype:lst_usecol:sim_time:622.0_obsid:wp1-f3_variable:so4,0.000522185,0.0,conc,,,wp1-f3,conc,lst,622.0,sim,so4,
oname:conc_otype:lst_usecol:sim_time:622.0_obsid:wp4-f5_variable:o0,8.24886e-10,0.0,conc,,,wp4-f5,conc,lst,622.0,sim,o0,
oname:conc_otype:lst_usecol:sim_time:622.0_obsid:wp4-f5_variable:ph,6.67475,0.0,conc,,,wp4-f5,conc,lst,622.0,sim,ph,
oname:conc_otype:lst_usecol:sim_time:622.0_obsid:wp4-f5_variable:so4,0.00069387,0.0,conc,,,wp4-f5,conc,lst,622.0,sim,so4,
oname:conc_otype:lst_usecol:sim_time:623.0_obsid:welopt-ly1_variable:so4,0.000341873,0.0,forecast,,,welopt-ly1,conc,lst,623.0,sim,so4,
oname:conc_otype:lst_usecol:sim_time:623.0_obsid:welopt-ly3_variable:o0,3.18575e-10,0.0,conc,,,welopt-ly3,conc,lst,623.0,sim,o0,
oname:conc_otype:lst_usecol:sim_time:623.0_obsid:welopt-ly3_variable:ph,6.66286,0.0,conc,,,welopt-ly3,conc,lst,623.0,sim,ph,
oname:conc_otype:lst_usecol:sim_time:623.0_obsid:welopt-ly3_variable:so4,0.000715991,0.0,forecast,,,welopt-ly3,conc,lst,623.0,sim,so4,
oname:conc_otype:lst_usecol:sim_time:623.0_obsid:welopt-ly5_variable:so4,0.000706133,0.0,forecast,,,welopt-ly5,conc,lst,623.0,sim,so4,
oname:conc_otype:lst_usecol:sim_time:623.0_obsid:wp1-f3_variable:o0,0.000326066,0.0,conc,,,wp1-f3,conc,lst,623.0,sim,o0,
oname:conc_otype:lst_usecol:sim_time:623.0_obsid:wp1-f3_variable:ph,6.75617,0.0,conc,,,wp1-f3,conc,lst,623.0,sim,ph,
oname:conc_otype:lst_usecol:sim_time:623.0_obsid:wp1-f3_variable:so4,0.000522185,0.0,conc,,,wp1-f3,conc,lst,623.0,sim,so4,
oname:conc_otype:lst_usecol:sim_time:623.0_obsid:wp4-f5_variable:o0,8.24886e-10,0.0,conc,,,wp4-f5,conc,lst,623.0,sim,o0,
oname:conc_otype:lst_usecol:sim_time:623.0_obsid:wp4-f5_variable:ph,6.67475,0.0,conc,,,wp4-f5,conc,lst,623.0,sim,ph,
oname:conc_otype:lst_usecol:sim_time:623.0_obsid:wp4-f5_variable:so4,0.00069387,0.0,conc,,,wp4-f5,conc,lst,623.0,sim,so4,
oname:conc_otype:lst_usecol:sim_time:624.0_obsid:welopt-ly1_variable:so4,0.000341873,0.0,forecast,,,welopt-ly1,conc,lst,624.0,sim,so4,
oname:conc_otype:lst_usecol:sim_time:624.0_obsid:welopt-ly3_variable:o0,3.18575e-10,0.0,conc,,,welopt-ly3,conc,lst,624.0,sim,o0,
oname:conc_otype:lst_usecol:sim_time:624.0_obsid:welopt-ly3_variable:ph,6.66286,0.0,conc,,,welopt-ly3,conc,lst,624.0,sim,ph,
oname:conc_otype:lst_usecol:sim_time:624.0_obsid:welopt-ly3_variable:so4,0.000715991,0.0,forecast,,,welopt-ly3,conc,lst,624.0,sim,so4,
oname:conc_otype:lst_usecol:sim_time:624.0_obsid:welopt-ly5_variable:so4,0.000706133,0.0,forecast,,,welopt-ly5,conc,lst,624.0,sim,so4,
oname:conc_otype:lst_usecol:sim_time:624.0_obsid:wp1-f3_variable:o0,0.000326066,0.0,conc,,,wp1-f3,conc,lst,624.0,sim,o0,
oname:conc_otype:lst_usecol:sim_time:624.0_obsid:wp1-f3_variable:ph,6.75617,0.0,conc,,,wp1-f3,conc,lst,624.0,sim,ph,
oname:conc_otype:lst_usecol:sim_time:624.0_obsid:wp1-f3_variable:so4,0.000522185,0.0,conc,,,wp1-f3,conc,lst,624.0,sim,so4,
oname:conc_otype:lst_usecol:sim_time:624.0_obsid:wp4-f5_variable:o0,8.24886e-10,0.0,conc,,,wp4-f5,conc,lst,624.0,sim,o0,
oname:conc_otype:lst_usecol:sim_time:624.0_obsid:wp4-f5_variable:ph,6.67475,0.0,conc,,,wp4-f5,conc,lst,624.0,sim,ph,
oname:conc_otype:lst_usecol:sim_time:624.0_obsid:wp4-f5_variable:so4,0.00069387,0.0,conc,,,wp4-f5,conc,lst,624.0,sim,so4,
oname:conc_otype:lst_usecol:sim_time:625.0_obsid:welopt-ly1_variable:so4,0.00034675,0.0,forecast,,,welopt-ly1,conc,lst,625.0,sim,so4,
oname:conc_otype:lst_usecol:sim_time:625.0_obsid:welopt-ly3_variable:o0,3.1302e-10,0.0,conc,,,welopt-ly3,conc,lst,625.0,sim,o0,
oname:conc_otype:lst_usecol:sim_time:625.0_obsid:welopt-ly3_variable:ph,6.66448,0.0,conc,,,welopt-ly3,conc,lst,625.0,sim,ph,
oname:conc_otype:lst_usecol:sim_time:625.0_obsid:welopt-ly3_variable:so4,0.000722584,0.0,forecast,,,welopt-ly3,conc,lst,625.0,sim,so4,
oname:conc_otype:lst_usecol:sim_time:625.0_obsid:welopt-ly5_variable:so4,0.000691258,0.0,forecast,,,welopt-ly5,conc,lst,625.0,sim,so4,
oname:conc_otype:lst_usecol:sim_time:625.0_obsid:wp1-f3_variable:o0,0.000334875,0.0,conc,,,wp1-f3,conc,lst,625.0,sim,o0,
oname:conc_otype:lst_usecol:sim_time:625.0_obsid:wp1-f3_variable:ph,6.73564,0.0,conc,,,wp1-f3,conc,lst,625.0,sim,ph,
oname:conc_otype:lst_usecol:sim_time:625.0_obsid:wp1-f3_variable:so4,0.000513628,0.0,conc,,,wp1-f3,conc,lst,625.0,sim,so4,
oname:conc_otype:lst_usecol:sim_time:625.0_obsid:wp4-f5_variable:o0,7.91521e-10,0.0,conc,,,wp4-f5,conc,lst,625.0,sim,o0,
oname:conc_otype:lst_usecol:sim_time:625.0_obsid:wp4-f5_variable:ph,6.64079,0.0,conc,,,wp4-f5,conc,lst,625.0,sim,ph,
oname:conc_otype:lst_usecol:sim_time:625.0_obsid:wp4-f5_variable:so4,0.000649209,0.0,conc,,,wp4-f5,conc,lst,625.0,sim,so4,
oname:conc_otype:lst_usecol:sim_time:626.0_obsid:welopt-ly1_variable:so4,0.00034675,0.0,forecast,,,welopt-ly1,conc,lst,626.0,sim,so4,
oname:conc_otype:lst_usecol:sim_time:626.0_obsid:welopt-ly3_variable:o0,3.1302e-10,0.0,conc,,,welopt-ly3,conc,lst,626.0,sim,o0,
oname:conc_otype:lst_usecol:sim_time:626.0_obsid:welopt-ly3_variable:ph,6.66448,0.0,conc,,,welopt-ly3,conc,lst,626.0,sim,ph,
oname:conc_otype:lst_usecol:sim_time:626.0_obsid:welopt-ly3_variable:so4,0.000722584,0.0,forecast,,,welopt-ly3,conc,lst,626.0,sim,so4,
oname:conc_otype:lst_usecol:sim_time:626.0_obsid:welopt-ly5_variable:so4,0.000691258,0.0,forecast,,,welopt-ly5,conc,lst,626.0,sim,so4,
oname:conc_otype:lst_usecol:sim_time:626.0_obsid:wp1-f3_variable:o0,0.000334875,0.0,conc,,,wp1-f3,conc,lst,626.0,sim,o0,
oname:conc_otype:lst_usecol:sim_time:626.0_obsid:wp1-f3_variable:ph,6.73564,0.0,conc,,,wp1-f3,conc,lst,626.0,sim,ph,
oname:conc_otype:lst_usecol:sim_time:626.0_obsid:wp1-f3_variable:so4,0.000513628,0.0,conc,,,wp1-f3,conc,lst,626.0,sim,so4,
oname:conc_otype:lst_usecol:sim_time:626.0_obsid:wp4-f5_variable:o0,7.91521e-10,0.0,conc,,,wp4-f5,conc,lst,626.0,sim,o0,
oname:conc_otype:lst_usecol:sim_time:626.0_obsid:wp4-f5_variable:ph,6.64079,0.0,conc,,,wp4-f5,conc,lst,626.0,sim,ph,
oname:conc_otype:lst_usecol:sim_time:626.0_obsid:wp4-f5_variable:so4,0.000649209,0.0,conc,,,wp4-f5,conc,lst,626.0,sim,so4,
oname:conc_otype:lst_usecol:sim_time:627.0_obsid:welopt-ly1_variable:so4,0.00034675,0.0,forecast,,,welopt-ly1,conc,lst,627.0,sim,so4,
oname:conc_otype:lst_usecol:sim_time:627.0_obsid:welopt-ly3_variable:o0,3.1302e-10,0.0,conc,,,welopt-ly3,conc,lst,627.0,sim,o0,
oname:conc_otype:lst_usecol:sim_time:627.0_obsid:welopt-ly3_variable:ph,6.66448,0.0,conc,,,welopt-ly3,conc,lst,627.0,sim,ph,
oname:conc_otype:lst_usecol:sim_time:627.0_obsid:welopt-ly3_variable:so4,0.000722584,0.0,forecast,,,welopt-ly3,conc,lst,627.0,sim,so4,
oname:conc_otype:lst_usecol:sim_time:627.0_obsid:welopt-ly5_variable:so4,0.000691258,0.0,forecast,,,welopt-ly5,conc,lst,627.0,sim,so4,
oname:conc_otype:lst_usecol:sim_time:627.0_obsid:wp1-f3_variable:o0,0.000334875,0.0,conc,,,wp1-f3,conc,lst,627.0,sim,o0,
oname:conc_otype:lst_usecol:sim_time:627.0_obsid:wp1-f3_variable:ph,6.73564,0.0,conc,,,wp1-f3,conc,lst,627.0,sim,ph,
oname:conc_otype:lst_usecol:sim_time:627.0_obsid:wp1-f3_variable:so4,0.000513628,0.0,conc,,,wp1-f3,conc,lst,627.0,sim,so4,
oname:conc_otype:lst_usecol:sim_time:627.0_obsid:wp4-f5_variable:o0,7.91521e-10,0.0,conc,,,wp4-f5,conc,lst,627.0,sim,o0,
oname:conc_otype:lst_usecol:sim_time:627.0_obsid:wp4-f5_variable:ph,6.64079,0.0,conc,,,wp4-f5,conc,lst,627.0,sim,ph,
oname:conc_otype:lst_usecol:sim_time:627.0_obsid:wp4-f5_variable:so4,0.000649209,0.0,conc,,,wp4-f5,conc,lst,627.0,sim,so4,
oname:conc_otype:lst_usecol:sim_time:628.0_obsid:welopt-ly1_variable:so4,0.00034675,0.0,forecast,,,welopt-ly1,conc,lst,628.0,sim,so4,
oname:conc_otype:lst_usecol:sim_time:628.0_obsid:welopt-ly3_variable:o0,3.1302e-10,0.0,conc,,,welopt-ly3,conc,lst,628.0,sim,o0,
oname:conc_otype:lst_usecol:sim_time:628.0_obsid:welopt-ly3_variable:ph,6.66448,0.0,conc,,,welopt-ly3,conc,lst,628.0,sim,ph,
oname:conc_otype:lst_usecol:sim_time:628.0_obsid:welopt-ly3_variable:so4,0.000722584,0.0,forecast,,,welopt-ly3,conc,lst,628.0,sim,so4,
oname:conc_otype:lst_usecol:sim_time:628.0_obsid:welopt-ly5_variable:so4,0.000691258,0.0,forecast,,,welopt-ly5,conc,lst,628.0,sim,so4,
oname:conc_otype:lst_usecol:sim_time:628.0_obsid:wp1-f3_variable:o0,0.000334875,0.0,conc,,,wp1-f3,conc,lst,628.0,sim,o0,
oname:conc_otype:lst_usecol:sim_time:628.0_obsid:wp1-f3_variable:ph,6.73564,0.0,conc,,,wp1-f3,conc,lst,628.0,sim,ph,
oname:conc_otype:lst_usecol:sim_time:628.0_obsid:wp1-f3_variable:so4,0.000513628,0.0,conc,,,wp1-f3,conc,lst,628.0,sim,so4,
oname:conc_otype:lst_usecol:sim_time:628.0_obsid:wp4-f5_variable:o0,7.91521e-10,0.0,conc,,,wp4-f5,conc,lst,628.0,sim,o0,
oname:conc_otype:lst_usecol:sim_time:628.0_obsid:wp4-f5_variable:ph,6.64079,0.0,conc,,,wp4-f5,conc,lst,628.0,sim,ph,
oname:conc_otype:lst_usecol:sim_time:628.0_obsid:wp4-f5_variable:so4,0.000649209,0.0,conc,,,wp4-f5,conc,lst,628.0,sim,so4,
oname:conc_otype:lst_usecol:sim_time:629.0_obsid:welopt-ly1_variable:so4,0.00034675,0.0,forecast,,,welopt-ly1,conc,lst,629.0,sim,so4,
oname:conc_otype:lst_usecol:sim_time:629.0_obsid:welopt-ly3_variable:o0,3.1302e-10,0.0,conc,,,welopt-ly3,conc,lst,629.0,sim,o0,
oname:conc_otype:lst_usecol:sim_time:629.0_obsid:welopt-ly3_variable:ph,6.66448,0.0,conc,,,welopt-ly3,conc,lst,629.0,sim,ph,
oname:conc_otype:lst_usecol:sim_time:629.0_obsid:welopt-ly3_variable:so4,0.000722584,0.0,forecast,,,welopt-ly3,conc,lst,629.0,sim,so4,
oname:conc_otype:lst_usecol:sim_time:629.0_obsid:welopt-ly5_variable:so4,0.000691258,0.0,forecast,,,welopt-ly5,conc,lst,629.0,sim,so4,
oname:conc_otype:lst_usecol:sim_time:629.0_obsid:wp1-f3_variable:o0,0.000334875,0.0,conc,,,wp1-f3,conc,lst,629.0,sim,o0,
oname:conc_otype:lst_usecol:sim_time:629.0_obsid:wp1-f3_variable:ph,6.73564,0.0,conc,,,wp1-f3,conc,lst,629.0,sim,ph,
oname:conc_otype:lst_usecol:sim_time:629.0_obsid:wp1-f3_variable:so4,0.000513628,0.0,conc,,,wp1-f3,conc,lst,629.0,sim,so4,
oname:conc_otype:lst_usecol:sim_time:629.0_obsid:wp4-f5_variable:o0,7.91521e-10,0.0,conc,,,wp4-f5,conc,lst,629.0,sim,o0,
oname:conc_otype:lst_usecol:sim_time:629.0_obsid:wp4-f5_variable:ph,6.64079,0.0,conc,,,wp4-f5,conc,lst,629.0,sim,ph,
oname:conc_otype:lst_usecol:sim_time:629.0_obsid:wp4-f5_variable:so4,0.000649209,0.0,conc,,,wp4-f5,conc,lst,629.0,sim,so4,
oname:conc_otype:lst_usecol:sim_time:63.0_obsid:welopt-ly3_variable:o0,0.0,0.0,conc,,,welopt-ly3,conc,lst,63.0,sim,o0,
oname:conc_otype:lst_usecol:sim_time:63.0_obsid:welopt-ly3_variable:ph,6.67491,0.0,conc,,,welopt-ly3,conc,lst,63.0,sim,ph,
oname:conc_otype:lst_usecol:sim_time:63.0_obsid:welopt-ly3_variable:so4,5.51058e-05,0.0,conc,,,welopt-ly3,conc,lst,63.0,sim,so4,
oname:conc_otype:lst_usecol:sim_time:63.0_obsid:wp1-f3_variable:o0,1.16404e-10,3065.696697424829,conc,,,wp1-f3,conc,lst,63.0,sim,o0,0.000326190128606
oname:conc_otype:lst_usecol:sim_time:63.0_obsid:wp1-f3_variable:ph,6.81127,0.6131393394849658,conc,,,wp1-f3,conc,lst,63.0,sim,ph,1.6309506430300091
oname:conc_otype:lst_usecol:sim_time:63.0_obsid:wp1-f3_variable:so4,0.000714939,1226.2786789699317,conc,,,wp1-f3,conc,lst,63.0,sim,so4,0.000815475321515
oname:conc_otype:lst_usecol:sim_time:63.0_obsid:wp4-f5_variable:o0,2.66217e-36,3143.4730673096574,conc,,,wp4-f5,conc,lst,63.0,sim,o0,0.0003181194744117
oname:conc_otype:lst_usecol:sim_time:63.0_obsid:wp4-f5_variable:ph,6.644,0.6286946134619315,conc,,,wp4-f5,conc,lst,63.0,sim,ph,1.5905973720586868
oname:conc_otype:lst_usecol:sim_time:63.0_obsid:wp4-f5_variable:so4,0.000130178,1140.169123444054,conc,,,wp4-f5,conc,lst,63.0,sim,so4,0.0008770628667608
oname:conc_otype:lst_usecol:sim_time:630.0_obsid:welopt-ly1_variable:so4,0.00034675,0.0,forecast,,,welopt-ly1,conc,lst,630.0,sim,so4,
oname:conc_otype:lst_usecol:sim_time:630.0_obsid:welopt-ly3_variable:o0,3.1302e-10,0.0,conc,,,welopt-ly3,conc,lst,630.0,sim,o0,
oname:conc_otype:lst_usecol:sim_time:630.0_obsid:welopt-ly3_variable:ph,6.66448,0.0,conc,,,welopt-ly3,conc,lst,630.0,sim,ph,
oname:conc_otype:lst_usecol:sim_time:630.0_obsid:welopt-ly3_variable:so4,0.000722584,0.0,forecast,,,welopt-ly3,conc,lst,630.0,sim,so4,
oname:conc_otype:lst_usecol:sim_time:630.0_obsid:welopt-ly5_variable:so4,0.000691258,0.0,forecast,,,welopt-ly5,conc,lst,630.0,sim,so4,
oname:conc_otype:lst_usecol:sim_time:630.0_obsid:wp1-f3_variable:o0,0.000334875,0.0,conc,,,wp1-f3,conc,lst,630.0,sim,o0,
oname:conc_otype:lst_usecol:sim_time:630.0_obsid:wp1-f3_variable:ph,6.73564,0.0,conc,,,wp1-f3,conc,lst,630.0,sim,ph,
oname:conc_otype:lst_usecol:sim_time:630.0_obsid:wp1-f3_variable:so4,0.000513628,0.0,conc,,,wp1-f3,conc,lst,630.0,sim,so4,
oname:conc_otype:lst_usecol:sim_time:630.0_obsid:wp4-f5_variable:o0,7.91521e-10,0.0,conc,,,wp4-f5,conc,lst,630.0,sim,o0,
oname:conc_otype:lst_usecol:sim_time:630.0_obsid:wp4-f5_variable:ph,6.64079,0.0,conc,,,wp4-f5,conc,lst,630.0,sim,ph,
oname:conc_otype:lst_usecol:sim_time:630.0_obsid:wp4-f5_variable:so4,0.000649209,0.0,conc,,,wp4-f5,conc,lst,630.0,sim,so4,
oname:conc_otype:lst_usecol:sim_time:631.0_obsid:welopt-ly1_variable:so4,0.00034675,0.0,forecast,,,welopt-ly1,conc,lst,631.0,sim,so4,
oname:conc_otype:lst_usecol:sim_time:631.0_obsid:welopt-ly3_variable:o0,3.1302e-10,0.0,conc,,,welopt-ly3,conc,lst,631.0,sim,o0,
oname:conc_otype:lst_usecol:sim_time:631.0_obsid:welopt-ly3_variable:ph,6.66448,0.0,conc,,,welopt-ly3,conc,lst,631.0,sim,ph,
oname:conc_otype:lst_usecol:sim_time:631.0_obsid:welopt-ly3_variable:so4,0.000722584,0.0,forecast,,,welopt-ly3,conc,lst,631.0,sim,so4,
oname:conc_otype:lst_usecol:sim_time:631.0_obsid:welopt-ly5_variable:so4,0.000691258,0.0,forecast,,,welopt-ly5,conc,lst,631.0,sim,so4,
oname:conc_otype:lst_usecol:sim_time:631.0_obsid:wp1-f3_variable:o0,0.000334875,0.0,conc,,,wp1-f3,conc,lst,631.0,sim,o0,
oname:conc_otype:lst_usecol:sim_time:631.0_obsid:wp1-f3_variable:ph,6.73564,0.0,conc,,,wp1-f3,conc,lst,631.0,sim,ph,
oname:conc_otype:lst_usecol:sim_time:631.0_obsid:wp1-f3_variable:so4,0.000513628,0.0,conc,,,wp1-f3,conc,lst,631.0,sim,so4,
oname:conc_otype:lst_usecol:sim_time:631.0_obsid:wp4-f5_variable:o0,7.91521e-10,0.0,conc,,,wp4-f5,conc,lst,631.0,sim,o0,
oname:conc_otype:lst_usecol:sim_time:631.0_obsid:wp4-f5_variable:ph,6.64079,0.0,conc,,,wp4-f5,conc,lst,631.0,sim,ph,
oname:conc_otype:lst_usecol:sim_time:631.0_obsid:wp4-f5_variable:so4,0.000649209,0.0,conc,,,wp4-f5,conc,lst,631.0,sim,so4,
oname:conc_otype:lst_usecol:sim_time:632.0_obsid:welopt-ly1_variable:so4,0.000351711,0.0,forecast,,,welopt-ly1,conc,lst,632.0,sim,so4,
oname:conc_otype:lst_usecol:sim_time:632.0_obsid:welopt-ly3_variable:o0,3.14835e-10,0.0,conc,,,welopt-ly3,conc,lst,632.0,sim,o0,
oname:conc_otype:lst_usecol:sim_time:632.0_obsid:welopt-ly3_variable:ph,6.65338,0.0,conc,,,welopt-ly3,conc,lst,632.0,sim,ph,
oname:conc_otype:lst_usecol:sim_time:632.0_obsid:welopt-ly3_variable:so4,0.000722252,0.0,forecast,,,welopt-ly3,conc,lst,632.0,sim,so4,
oname:conc_otype:lst_usecol:sim_time:632.0_obsid:welopt-ly5_variable:so4,0.000682723,0.0,forecast,,,welopt-ly5,conc,lst,632.0,sim,so4,
oname:conc_otype:lst_usecol:sim_time:632.0_obsid:wp1-f3_variable:o0,0.000339235,0.0,conc,,,wp1-f3,conc,lst,632.0,sim,o0,
oname:conc_otype:lst_usecol:sim_time:632.0_obsid:wp1-f3_variable:ph,6.72814,0.0,conc,,,wp1-f3,conc,lst,632.0,sim,ph,
oname:conc_otype:lst_usecol:sim_time:632.0_obsid:wp1-f3_variable:so4,0.00051089,0.0,conc,,,wp1-f3,conc,lst,632.0,sim,so4,
oname:conc_otype:lst_usecol:sim_time:632.0_obsid:wp4-f5_variable:o0,7.78031e-10,0.0,conc,,,wp4-f5,conc,lst,632.0,sim,o0,
oname:conc_otype:lst_usecol:sim_time:632.0_obsid:wp4-f5_variable:ph,6.61386,0.0,conc,,,wp4-f5,conc,lst,632.0,sim,ph,
oname:conc_otype:lst_usecol:sim_time:632.0_obsid:wp4-f5_variable:so4,0.000633643,0.0,conc,,,wp4-f5,conc,lst,632.0,sim,so4,
oname:conc_otype:lst_usecol:sim_time:633.0_obsid:welopt-ly1_variable:so4,0.000351711,0.0,forecast,,,welopt-ly1,conc,lst,633.0,sim,so4,
oname:conc_otype:lst_usecol:sim_time:633.0_obsid:welopt-ly3_variable:o0,3.14835e-10,0.0,conc,,,welopt-ly3,conc,lst,633.0,sim,o0,
oname:conc_otype:lst_usecol:sim_time:633.0_obsid:welopt-ly3_variable:ph,6.65338,0.0,conc,,,welopt-ly3,conc,lst,633.0,sim,ph,
oname:conc_otype:lst_usecol:sim_time:633.0_obsid:welopt-ly3_variable:so4,0.000722252,0.0,forecast,,,welopt-ly3,conc,lst,633.0,sim,so4,
oname:conc_otype:lst_usecol:sim_time:633.0_obsid:welopt-ly5_variable:so4,0.000682723,0.0,forecast,,,welopt-ly5,conc,lst,633.0,sim,so4,
oname:conc_otype:lst_usecol:sim_time:633.0_obsid:wp1-f3_variable:o0,0.000339235,0.0,conc,,,wp1-f3,conc,lst,633.0,sim,o0,
oname:conc_otype:lst_usecol:sim_time:633.0_obsid:wp1-f3_variable:ph,6.72814,0.0,conc,,,wp1-f3,conc,lst,633.0,sim,ph,
oname:conc_otype:lst_usecol:sim_time:633.0_obsid:wp1-f3_variable:so4,0.00051089,0.0,conc,,,wp1-f3,conc,lst,633.0,sim,so4,
oname:conc_otype:lst_usecol:sim_time:633.0_obsid:wp4-f5_variable:o0,7.78031e-10,0.0,conc,,,wp4-f5,conc,lst,633.0,sim,o0,
oname:conc_otype:lst_usecol:sim_time:633.0_obsid:wp4-f5_variable:ph,6.61386,0.0,conc,,,wp4-f5,conc,lst,633.0,sim,ph,
oname:conc_otype:lst_usecol:sim_time:633.0_obsid:wp4-f5_variable:so4,0.000633643,0.0,conc,,,wp4-f5,conc,lst,633.0,sim,so4,
oname:conc_otype:lst_usecol:sim_time:634.0_obsid:welopt-ly1_variable:so4,0.000351711,0.0,forecast,,,welopt-ly1,conc,lst,634.0,sim,so4,
oname:conc_otype:lst_usecol:sim_time:634.0_obsid:welopt-ly3_variable:o0,3.14835e-10,0.0,conc,,,welopt-ly3,conc,lst,634.0,sim,o0,
oname:conc_otype:lst_usecol:sim_time:634.0_obsid:welopt-ly3_variable:ph,6.65338,0.0,conc,,,welopt-ly3,conc,lst,634.0,sim,ph,
oname:conc_otype:lst_usecol:sim_time:634.0_obsid:welopt-ly3_variable:so4,0.000722252,0.0,forecast,,,welopt-ly3,conc,lst,634.0,sim,so4,
oname:conc_otype:lst_usecol:sim_time:634.0_obsid:welopt-ly5_variable:so4,0.000682723,0.0,forecast,,,welopt-ly5,conc,lst,634.0,sim,so4,
oname:conc_otype:lst_usecol:sim_time:634.0_obsid:wp1-f3_variable:o0,0.000339235,0.0,conc,,,wp1-f3,conc,lst,634.0,sim,o0,
oname:conc_otype:lst_usecol:sim_time:634.0_obsid:wp1-f3_variable:ph,6.72814,0.0,conc,,,wp1-f3,conc,lst,634.0,sim,ph,
oname:conc_otype:lst_usecol:sim_time:634.0_obsid:wp1-f3_variable:so4,0.00051089,0.0,conc,,,wp1-f3,conc,lst,634.0,sim,so4,
oname:conc_otype:lst_usecol:sim_time:634.0_obsid:wp4-f5_variable:o0,7.78031e-10,0.0,conc,,,wp4-f5,conc,lst,634.0,sim,o0,
oname:conc_otype:lst_usecol:sim_time:634.0_obsid:wp4-f5_variable:ph,6.61386,0.0,conc,,,wp4-f5,conc,lst,634.0,sim,ph,
oname:conc_otype:lst_usecol:sim_time:634.0_obsid:wp4-f5_variable:so4,0.000633643,0.0,conc,,,wp4-f5,conc,lst,634.0,sim,so4,
oname:conc_otype:lst_usecol:sim_time:635.0_obsid:welopt-ly1_variable:so4,0.000351711,0.0,forecast,,,welopt-ly1,conc,lst,635.0,sim,so4,
oname:conc_otype:lst_usecol:sim_time:635.0_obsid:welopt-ly3_variable:o0,3.14835e-10,0.0,conc,,,welopt-ly3,conc,lst,635.0,sim,o0,
oname:conc_otype:lst_usecol:sim_time:635.0_obsid:welopt-ly3_variable:ph,6.65338,0.0,conc,,,welopt-ly3,conc,lst,635.0,sim,ph,
oname:conc_otype:lst_usecol:sim_time:635.0_obsid:welopt-ly3_variable:so4,0.000722252,0.0,forecast,,,welopt-ly3,conc,lst,635.0,sim,so4,
oname:conc_otype:lst_usecol:sim_time:635.0_obsid:welopt-ly5_variable:so4,0.000682723,0.0,forecast,,,welopt-ly5,conc,lst,635.0,sim,so4,
oname:conc_otype:lst_usecol:sim_time:635.0_obsid:wp1-f3_variable:o0,0.000339235,0.0,conc,,,wp1-f3,conc,lst,635.0,sim,o0,
oname:conc_otype:lst_usecol:sim_time:635.0_obsid:wp1-f3_variable:ph,6.72814,0.0,conc,,,wp1-f3,conc,lst,635.0,sim,ph,
oname:conc_otype:lst_usecol:sim_time:635.0_obsid:wp1-f3_variable:so4,0.00051089,0.0,conc,,,wp1-f3,conc,lst,635.0,sim,so4,
oname:conc_otype:lst_usecol:sim_time:635.0_obsid:wp4-f5_variable:o0,7.78031e-10,0.0,conc,,,wp4-f5,conc,lst,635.0,sim,o0,
oname:conc_otype:lst_usecol:sim_time:635.0_obsid:wp4-f5_variable:ph,6.61386,0.0,conc,,,wp4-f5,conc,lst,635.0,sim,ph,
oname:conc_otype:lst_usecol:sim_time:635.0_obsid:wp4-f5_variable:so4,0.000633643,0.0,conc,,,wp4-f5,conc,lst,635.0,sim,so4,
oname:conc_otype:lst_usecol:sim_time:636.0_obsid:welopt-ly1_variable:so4,0.000351711,0.0,forecast,,,welopt-ly1,conc,lst,636.0,sim,so4,
oname:conc_otype:lst_usecol:sim_time:636.0_obsid:welopt-ly3_variable:o0,3.14835e-10,0.0,conc,,,welopt-ly3,conc,lst,636.0,sim,o0,
oname:conc_otype:lst_usecol:sim_time:636.0_obsid:welopt-ly3_variable:ph,6.65338,0.0,conc,,,welopt-ly3,conc,lst,636.0,sim,ph,
oname:conc_otype:lst_usecol:sim_time:636.0_obsid:welopt-ly3_variable:so4,0.000722252,0.0,forecast,,,welopt-ly3,conc,lst,636.0,sim,so4,
oname:conc_otype:lst_usecol:sim_time:636.0_obsid:welopt-ly5_variable:so4,0.000682723,0.0,forecast,,,welopt-ly5,conc,lst,636.0,sim,so4,
oname:conc_otype:lst_usecol:sim_time:636.0_obsid:wp1-f3_variable:o0,0.000339235,0.0,conc,,,wp1-f3,conc,lst,636.0,sim,o0,
oname:conc_otype:lst_usecol:sim_time:636.0_obsid:wp1-f3_variable:ph,6.72814,0.0,conc,,,wp1-f3,conc,lst,636.0,sim,ph,
oname:conc_otype:lst_usecol:sim_time:636.0_obsid:wp1-f3_variable:so4,0.00051089,0.0,conc,,,wp1-f3,conc,lst,636.0,sim,so4,
oname:conc_otype:lst_usecol:sim_time:636.0_obsid:wp4-f5_variable:o0,7.78031e-10,0.0,conc,,,wp4-f5,conc,lst,636.0,sim,o0,
oname:conc_otype:lst_usecol:sim_time:636.0_obsid:wp4-f5_variable:ph,6.61386,0.0,conc,,,wp4-f5,conc,lst,636.0,sim,ph,
oname:conc_otype:lst_usecol:sim_time:636.0_obsid:wp4-f5_variable:so4,0.000633643,0.0,conc,,,wp4-f5,conc,lst,636.0,sim,so4,
oname:conc_otype:lst_usecol:sim_time:637.0_obsid:welopt-ly1_variable:so4,0.000351711,0.0,forecast,,,welopt-ly1,conc,lst,637.0,sim,so4,
oname:conc_otype:lst_usecol:sim_time:637.0_obsid:welopt-ly3_variable:o0,3.14835e-10,0.0,conc,,,welopt-ly3,conc,lst,637.0,sim,o0,
oname:conc_otype:lst_usecol:sim_time:637.0_obsid:welopt-ly3_variable:ph,6.65338,0.0,conc,,,welopt-ly3,conc,lst,637.0,sim,ph,
oname:conc_otype:lst_usecol:sim_time:637.0_obsid:welopt-ly3_variable:so4,0.000722252,0.0,forecast,,,welopt-ly3,conc,lst,637.0,sim,so4,
oname:conc_otype:lst_usecol:sim_time:637.0_obsid:welopt-ly5_variable:so4,0.000682723,0.0,forecast,,,welopt-ly5,conc,lst,637.0,sim,so4,
oname:conc_otype:lst_usecol:sim_time:637.0_obsid:wp1-f3_variable:o0,0.000339235,0.0,conc,,,wp1-f3,conc,lst,637.0,sim,o0,
oname:conc_otype:lst_usecol:sim_time:637.0_obsid:wp1-f3_variable:ph,6.72814,0.0,conc,,,wp1-f3,conc,lst,637.0,sim,ph,
oname:conc_otype:lst_usecol:sim_time:637.0_obsid:wp1-f3_variable:so4,0.00051089,0.0,conc,,,wp1-f3,conc,lst,637.0,sim,so4,
oname:conc_otype:lst_usecol:sim_time:637.0_obsid:wp4-f5_variable:o0,7.78031e-10,0.0,conc,,,wp4-f5,conc,lst,637.0,sim,o0,
oname:conc_otype:lst_usecol:sim_time:637.0_obsid:wp4-f5_variable:ph,6.61386,0.0,conc,,,wp4-f5,conc,lst,637.0,sim,ph,
oname:conc_otype:lst_usecol:sim_time:637.0_obsid:wp4-f5_variable:so4,0.000633643,0.0,conc,,,wp4-f5,conc,lst,637.0,sim,so4,
oname:conc_otype:lst_usecol:sim_time:638.0_obsid:welopt-ly1_variable:so4,0.000351711,0.0,forecast,,,welopt-ly1,conc,lst,638.0,sim,so4,
oname:conc_otype:lst_usecol:sim_time:638.0_obsid:welopt-ly3_variable:o0,3.14835e-10,0.0,conc,,,welopt-ly3,conc,lst,638.0,sim,o0,
oname:conc_otype:lst_usecol:sim_time:638.0_obsid:welopt-ly3_variable:ph,6.65338,0.0,conc,,,welopt-ly3,conc,lst,638.0,sim,ph,
oname:conc_otype:lst_usecol:sim_time:638.0_obsid:welopt-ly3_variable:so4,0.000722252,0.0,forecast,,,welopt-ly3,conc,lst,638.0,sim,so4,
oname:conc_otype:lst_usecol:sim_time:638.0_obsid:welopt-ly5_variable:so4,0.000682723,0.0,forecast,,,welopt-ly5,conc,lst,638.0,sim,so4,
oname:conc_otype:lst_usecol:sim_time:638.0_obsid:wp1-f3_variable:o0,0.000339235,0.0,conc,,,wp1-f3,conc,lst,638.0,sim,o0,
oname:conc_otype:lst_usecol:sim_time:638.0_obsid:wp1-f3_variable:ph,6.72814,0.0,conc,,,wp1-f3,conc,lst,638.0,sim,ph,
oname:conc_otype:lst_usecol:sim_time:638.0_obsid:wp1-f3_variable:so4,0.00051089,0.0,conc,,,wp1-f3,conc,lst,638.0,sim,so4,
oname:conc_otype:lst_usecol:sim_time:638.0_obsid:wp4-f5_variable:o0,7.78031e-10,0.0,conc,,,wp4-f5,conc,lst,638.0,sim,o0,
oname:conc_otype:lst_usecol:sim_time:638.0_obsid:wp4-f5_variable:ph,6.61386,0.0,conc,,,wp4-f5,conc,lst,638.0,sim,ph,
oname:conc_otype:lst_usecol:sim_time:638.0_obsid:wp4-f5_variable:so4,0.000633643,0.0,conc,,,wp4-f5,conc,lst,638.0,sim,so4,
oname:conc_otype:lst_usecol:sim_time:639.0_obsid:welopt-ly1_variable:so4,0.000356651,0.0,forecast,,,welopt-ly1,conc,lst,639.0,sim,so4,
oname:conc_otype:lst_usecol:sim_time:639.0_obsid:welopt-ly3_variable:o0,3.13746e-10,0.0,conc,,,welopt-ly3,conc,lst,639.0,sim,o0,
oname:conc_otype:lst_usecol:sim_time:639.0_obsid:welopt-ly3_variable:ph,6.64169,0.0,conc,,,welopt-ly3,conc,lst,639.0,sim,ph,
oname:conc_otype:lst_usecol:sim_time:639.0_obsid:welopt-ly3_variable:so4,0.000718374,0.0,forecast,,,welopt-ly3,conc,lst,639.0,sim,so4,
oname:conc_otype:lst_usecol:sim_time:639.0_obsid:welopt-ly5_variable:so4,0.000674831,0.0,forecast,,,welopt-ly5,conc,lst,639.0,sim,so4,
oname:conc_otype:lst_usecol:sim_time:639.0_obsid:wp1-f3_variable:o0,0.000338821,0.0,conc,,,wp1-f3,conc,lst,639.0,sim,o0,
oname:conc_otype:lst_usecol:sim_time:639.0_obsid:wp1-f3_variable:ph,6.72824,0.0,conc,,,wp1-f3,conc,lst,639.0,sim,ph,
oname:conc_otype:lst_usecol:sim_time:639.0_obsid:wp1-f3_variable:so4,0.000510199,0.0,conc,,,wp1-f3,conc,lst,639.0,sim,so4,
oname:conc_otype:lst_usecol:sim_time:639.0_obsid:wp4-f5_variable:o0,8.33876e-10,0.0,conc,,,wp4-f5,conc,lst,639.0,sim,o0,
oname:conc_otype:lst_usecol:sim_time:639.0_obsid:wp4-f5_variable:ph,6.58612,0.0,conc,,,wp4-f5,conc,lst,639.0,sim,ph,
oname:conc_otype:lst_usecol:sim_time:639.0_obsid:wp4-f5_variable:so4,0.00063161,0.0,conc,,,wp4-f5,conc,lst,639.0,sim,so4,
oname:conc_otype:lst_usecol:sim_time:64.0_obsid:welopt-ly3_variable:o0,0.0,0.0,conc,,,welopt-ly3,conc,lst,64.0,sim,o0,
oname:conc_otype:lst_usecol:sim_time:64.0_obsid:welopt-ly3_variable:ph,6.67491,0.0,conc,,,welopt-ly3,conc,lst,64.0,sim,ph,
oname:conc_otype:lst_usecol:sim_time:64.0_obsid:welopt-ly3_variable:so4,5.51058e-05,0.0,conc,,,welopt-ly3,conc,lst,64.0,sim,so4,
oname:conc_otype:lst_usecol:sim_time:64.0_obsid:wp1-f3_variable:o0,1.16404e-10,3065.696697424829,conc,,,wp1-f3,conc,lst,64.0,sim,o0,0.000326190128606
oname:conc_otype:lst_usecol:sim_time:64.0_obsid:wp1-f3_variable:ph,6.81127,0.6131393394849658,conc,,,wp1-f3,conc,lst,64.0,sim,ph,1.6309506430300091
oname:conc_otype:lst_usecol:sim_time:64.0_obsid:wp1-f3_variable:so4,0.000714939,1226.2786789699317,conc,,,wp1-f3,conc,lst,64.0,sim,so4,0.000815475321515
oname:conc_otype:lst_usecol:sim_time:64.0_obsid:wp4-f5_variable:o0,2.66217e-36,3143.4730673096574,conc,,,wp4-f5,conc,lst,64.0,sim,o0,0.0003181194744117
oname:conc_otype:lst_usecol:sim_time:64.0_obsid:wp4-f5_variable:ph,6.644,0.6286946134619315,conc,,,wp4-f5,conc,lst,64.0,sim,ph,1.5905973720586868
oname:conc_otype:lst_usecol:sim_time:64.0_obsid:wp4-f5_variable:so4,0.000130178,1140.169123444054,conc,,,wp4-f5,conc,lst,64.0,sim,so4,0.0008770628667608
oname:conc_otype:lst_usecol:sim_time:640.0_obsid:welopt-ly1_variable:so4,0.000356651,0.0,forecast,,,welopt-ly1,conc,lst,640.0,sim,so4,
oname:conc_otype:lst_usecol:sim_time:640.0_obsid:welopt-ly3_variable:o0,3.13746e-10,0.0,conc,,,welopt-ly3,conc,lst,640.0,sim,o0,
oname:conc_otype:lst_usecol:sim_time:640.0_obsid:welopt-ly3_variable:ph,6.64169,0.0,conc,,,welopt-ly3,conc,lst,640.0,sim,ph,
oname:conc_otype:lst_usecol:sim_time:640.0_obsid:welopt-ly3_variable:so4,0.000718374,0.0,forecast,,,welopt-ly3,conc,lst,640.0,sim,so4,
oname:conc_otype:lst_usecol:sim_time:640.0_obsid:welopt-ly5_variable:so4,0.000674831,0.0,forecast,,,welopt-ly5,conc,lst,640.0,sim,so4,
oname:conc_otype:lst_usecol:sim_time:640.0_obsid:wp1-f3_variable:o0,0.000338821,0.0,conc,,,wp1-f3,conc,lst,640.0,sim,o0,
oname:conc_otype:lst_usecol:sim_time:640.0_obsid:wp1-f3_variable:ph,6.72824,0.0,conc,,,wp1-f3,conc,lst,640.0,sim,ph,
oname:conc_otype:lst_usecol:sim_time:640.0_obsid:wp1-f3_variable:so4,0.000510199,0.0,conc,,,wp1-f3,conc,lst,640.0,sim,so4,
oname:conc_otype:lst_usecol:sim_time:640.0_obsid:wp4-f5_variable:o0,8.33876e-10,0.0,conc,,,wp4-f5,conc,lst,640.0,sim,o0,
oname:conc_otype:lst_usecol:sim_time:640.0_obsid:wp4-f5_variable:ph,6.58612,0.0,conc,,,wp4-f5,conc,lst,640.0,sim,ph,
oname:conc_otype:lst_usecol:sim_time:640.0_obsid:wp4-f5_variable:so4,0.00063161,0.0,conc,,,wp4-f5,conc,lst,640.0,sim,so4,
oname:conc_otype:lst_usecol:sim_time:641.0_obsid:welopt-ly1_variable:so4,0.000356651,0.0,forecast,,,welopt-ly1,conc,lst,641.0,sim,so4,
oname:conc_otype:lst_usecol:sim_time:641.0_obsid:welopt-ly3_variable:o0,3.13746e-10,0.0,conc,,,welopt-ly3,conc,lst,641.0,sim,o0,
oname:conc_otype:lst_usecol:sim_time:641.0_obsid:welopt-ly3_variable:ph,6.64169,0.0,conc,,,welopt-ly3,conc,lst,641.0,sim,ph,
oname:conc_otype:lst_usecol:sim_time:641.0_obsid:welopt-ly3_variable:so4,0.000718374,0.0,forecast,,,welopt-ly3,conc,lst,641.0,sim,so4,
oname:conc_otype:lst_usecol:sim_time:641.0_obsid:welopt-ly5_variable:so4,0.000674831,0.0,forecast,,,welopt-ly5,conc,lst,641.0,sim,so4,
oname:conc_otype:lst_usecol:sim_time:641.0_obsid:wp1-f3_variable:o0,0.000338821,0.0,conc,,,wp1-f3,conc,lst,641.0,sim,o0,
oname:conc_otype:lst_usecol:sim_time:641.0_obsid:wp1-f3_variable:ph,6.72824,0.0,conc,,,wp1-f3,conc,lst,641.0,sim,ph,
oname:conc_otype:lst_usecol:sim_time:641.0_obsid:wp1-f3_variable:so4,0.000510199,0.0,conc,,,wp1-f3,conc,lst,641.0,sim,so4,
oname:conc_otype:lst_usecol:sim_time:641.0_obsid:wp4-f5_variable:o0,8.33876e-10,0.0,conc,,,wp4-f5,conc,lst,641.0,sim,o0,
oname:conc_otype:lst_usecol:sim_time:641.0_obsid:wp4-f5_variable:ph,6.58612,0.0,conc,,,wp4-f5,conc,lst,641.0,sim,ph,
oname:conc_otype:lst_usecol:sim_time:641.0_obsid:wp4-f5_variable:so4,0.00063161,0.0,conc,,,wp4-f5,conc,lst,641.0,sim,so4,
oname:conc_otype:lst_usecol:sim_time:642.0_obsid:welopt-ly1_variable:so4,0.000356651,0.0,forecast,,,welopt-ly1,conc,lst,642.0,sim,so4,
oname:conc_otype:lst_usecol:sim_time:642.0_obsid:welopt-ly3_variable:o0,3.13746e-10,0.0,conc,,,welopt-ly3,conc,lst,642.0,sim,o0,
oname:conc_otype:lst_usecol:sim_time:642.0_obsid:welopt-ly3_variable:ph,6.64169,0.0,conc,,,welopt-ly3,conc,lst,642.0,sim,ph,
oname:conc_otype:lst_usecol:sim_time:642.0_obsid:welopt-ly3_variable:so4,0.000718374,0.0,forecast,,,welopt-ly3,conc,lst,642.0,sim,so4,
oname:conc_otype:lst_usecol:sim_time:642.0_obsid:welopt-ly5_variable:so4,0.000674831,0.0,forecast,,,welopt-ly5,conc,lst,642.0,sim,so4,
oname:conc_otype:lst_usecol:sim_time:642.0_obsid:wp1-f3_variable:o0,0.000338821,0.0,conc,,,wp1-f3,conc,lst,642.0,sim,o0,
oname:conc_otype:lst_usecol:sim_time:642.0_obsid:wp1-f3_variable:ph,6.72824,0.0,conc,,,wp1-f3,conc,lst,642.0,sim,ph,
oname:conc_otype:lst_usecol:sim_time:642.0_obsid:wp1-f3_variable:so4,0.000510199,0.0,conc,,,wp1-f3,conc,lst,642.0,sim,so4,
oname:conc_otype:lst_usecol:sim_time:642.0_obsid:wp4-f5_variable:o0,8.33876e-10,0.0,conc,,,wp4-f5,conc,lst,642.0,sim,o0,
oname:conc_otype:lst_usecol:sim_time:642.0_obsid:wp4-f5_variable:ph,6.58612,0.0,conc,,,wp4-f5,conc,lst,642.0,sim,ph,
oname:conc_otype:lst_usecol:sim_time:642.0_obsid:wp4-f5_variable:so4,0.00063161,0.0,conc,,,wp4-f5,conc,lst,642.0,sim,so4,
oname:conc_otype:lst_usecol:sim_time:643.0_obsid:welopt-ly1_variable:so4,0.000356651,0.0,forecast,,,welopt-ly1,conc,lst,643.0,sim,so4,
oname:conc_otype:lst_usecol:sim_time:643.0_obsid:welopt-ly3_variable:o0,3.13746e-10,0.0,conc,,,welopt-ly3,conc,lst,643.0,sim,o0,
oname:conc_otype:lst_usecol:sim_time:643.0_obsid:welopt-ly3_variable:ph,6.64169,0.0,conc,,,welopt-ly3,conc,lst,643.0,sim,ph,
oname:conc_otype:lst_usecol:sim_time:643.0_obsid:welopt-ly3_variable:so4,0.000718374,0.0,forecast,,,welopt-ly3,conc,lst,643.0,sim,so4,
oname:conc_otype:lst_usecol:sim_time:643.0_obsid:welopt-ly5_variable:so4,0.000674831,0.0,forecast,,,welopt-ly5,conc,lst,643.0,sim,so4,
oname:conc_otype:lst_usecol:sim_time:643.0_obsid:wp1-f3_variable:o0,0.000338821,0.0,conc,,,wp1-f3,conc,lst,643.0,sim,o0,
oname:conc_otype:lst_usecol:sim_time:643.0_obsid:wp1-f3_variable:ph,6.72824,0.0,conc,,,wp1-f3,conc,lst,643.0,sim,ph,
oname:conc_otype:lst_usecol:sim_time:643.0_obsid:wp1-f3_variable:so4,0.000510199,0.0,conc,,,wp1-f3,conc,lst,643.0,sim,so4,
oname:conc_otype:lst_usecol:sim_time:643.0_obsid:wp4-f5_variable:o0,8.33876e-10,0.0,conc,,,wp4-f5,conc,lst,643.0,sim,o0,
oname:conc_otype:lst_usecol:sim_time:643.0_obsid:wp4-f5_variable:ph,6.58612,0.0,conc,,,wp4-f5,conc,lst,643.0,sim,ph,
oname:conc_otype:lst_usecol:sim_time:643.0_obsid:wp4-f5_variable:so4,0.00063161,0.0,conc,,,wp4-f5,conc,lst,643.0,sim,so4,
oname:conc_otype:lst_usecol:sim_time:644.0_obsid:welopt-ly1_variable:so4,0.000356651,0.0,forecast,,,welopt-ly1,conc,lst,644.0,sim,so4,
oname:conc_otype:lst_usecol:sim_time:644.0_obsid:welopt-ly3_variable:o0,3.13746e-10,0.0,conc,,,welopt-ly3,conc,lst,644.0,sim,o0,
oname:conc_otype:lst_usecol:sim_time:644.0_obsid:welopt-ly3_variable:ph,6.64169,0.0,conc,,,welopt-ly3,conc,lst,644.0,sim,ph,
oname:conc_otype:lst_usecol:sim_time:644.0_obsid:welopt-ly3_variable:so4,0.000718374,0.0,forecast,,,welopt-ly3,conc,lst,644.0,sim,so4,
oname:conc_otype:lst_usecol:sim_time:644.0_obsid:welopt-ly5_variable:so4,0.000674831,0.0,forecast,,,welopt-ly5,conc,lst,644.0,sim,so4,
oname:conc_otype:lst_usecol:sim_time:644.0_obsid:wp1-f3_variable:o0,0.000338821,0.0,conc,,,wp1-f3,conc,lst,644.0,sim,o0,
oname:conc_otype:lst_usecol:sim_time:644.0_obsid:wp1-f3_variable:ph,6.72824,0.0,conc,,,wp1-f3,conc,lst,644.0,sim,ph,
oname:conc_otype:lst_usecol:sim_time:644.0_obsid:wp1-f3_variable:so4,0.000510199,0.0,conc,,,wp1-f3,conc,lst,644.0,sim,so4,
oname:conc_otype:lst_usecol:sim_time:644.0_obsid:wp4-f5_variable:o0,8.33876e-10,0.0,conc,,,wp4-f5,conc,lst,644.0,sim,o0,
oname:conc_otype:lst_usecol:sim_time:644.0_obsid:wp4-f5_variable:ph,6.58612,0.0,conc,,,wp4-f5,conc,lst,644.0,sim,ph,
oname:conc_otype:lst_usecol:sim_time:644.0_obsid:wp4-f5_variable:so4,0.00063161,0.0,conc,,,wp4-f5,conc,lst,644.0,sim,so4,
oname:conc_otype:lst_usecol:sim_time:645.0_obsid:welopt-ly1_variable:so4,0.000356651,0.0,forecast,,,welopt-ly1,conc,lst,645.0,sim,so4,
oname:conc_otype:lst_usecol:sim_time:645.0_obsid:welopt-ly3_variable:o0,3.13746e-10,0.0,conc,,,welopt-ly3,conc,lst,645.0,sim,o0,
oname:conc_otype:lst_usecol:sim_time:645.0_obsid:welopt-ly3_variable:ph,6.64169,0.0,conc,,,welopt-ly3,conc,lst,645.0,sim,ph,
oname:conc_otype:lst_usecol:sim_time:645.0_obsid:welopt-ly3_variable:so4,0.000718374,0.0,forecast,,,welopt-ly3,conc,lst,645.0,sim,so4,
oname:conc_otype:lst_usecol:sim_time:645.0_obsid:welopt-ly5_variable:so4,0.000674831,0.0,forecast,,,welopt-ly5,conc,lst,645.0,sim,so4,
oname:conc_otype:lst_usecol:sim_time:645.0_obsid:wp1-f3_variable:o0,0.000338821,0.0,conc,,,wp1-f3,conc,lst,645.0,sim,o0,
oname:conc_otype:lst_usecol:sim_time:645.0_obsid:wp1-f3_variable:ph,6.72824,0.0,conc,,,wp1-f3,conc,lst,645.0,sim,ph,
oname:conc_otype:lst_usecol:sim_time:645.0_obsid:wp1-f3_variable:so4,0.000510199,0.0,conc,,,wp1-f3,conc,lst,645.0,sim,so4,
oname:conc_otype:lst_usecol:sim_time:645.0_obsid:wp4-f5_variable:o0,8.33876e-10,0.0,conc,,,wp4-f5,conc,lst,645.0,sim,o0,
oname:conc_otype:lst_usecol:sim_time:645.0_obsid:wp4-f5_variable:ph,6.58612,0.0,conc,,,wp4-f5,conc,lst,645.0,sim,ph,
oname:conc_otype:lst_usecol:sim_time:645.0_obsid:wp4-f5_variable:so4,0.00063161,0.0,conc,,,wp4-f5,conc,lst,645.0,sim,so4,
oname:conc_otype:lst_usecol:sim_time:646.0_obsid:welopt-ly1_variable:so4,0.000361655,0.0,forecast,,,welopt-ly1,conc,lst,646.0,sim,so4,
oname:conc_otype:lst_usecol:sim_time:646.0_obsid:welopt-ly3_variable:o0,3.10145e-10,0.0,conc,,,welopt-ly3,conc,lst,646.0,sim,o0,
oname:conc_otype:lst_usecol:sim_time:646.0_obsid:welopt-ly3_variable:ph,6.63351,0.0,conc,,,welopt-ly3,conc,lst,646.0,sim,ph,
oname:conc_otype:lst_usecol:sim_time:646.0_obsid:welopt-ly3_variable:so4,0.000712984,0.0,forecast,,,welopt-ly3,conc,lst,646.0,sim,so4,
oname:conc_otype:lst_usecol:sim_time:646.0_obsid:welopt-ly5_variable:so4,0.000669413,0.0,forecast,,,welopt-ly5,conc,lst,646.0,sim,so4,
oname:conc_otype:lst_usecol:sim_time:646.0_obsid:wp1-f3_variable:o0,0.000271462,0.0,conc,,,wp1-f3,conc,lst,646.0,sim,o0,
oname:conc_otype:lst_usecol:sim_time:646.0_obsid:wp1-f3_variable:ph,6.72952,0.0,conc,,,wp1-f3,conc,lst,646.0,sim,ph,
oname:conc_otype:lst_usecol:sim_time:646.0_obsid:wp1-f3_variable:so4,0.000490031,0.0,conc,,,wp1-f3,conc,lst,646.0,sim,so4,
oname:conc_otype:lst_usecol:sim_time:646.0_obsid:wp4-f5_variable:o0,8.21497e-10,0.0,conc,,,wp4-f5,conc,lst,646.0,sim,o0,
oname:conc_otype:lst_usecol:sim_time:646.0_obsid:wp4-f5_variable:ph,6.58489,0.0,conc,,,wp4-f5,conc,lst,646.0,sim,ph,
oname:conc_otype:lst_usecol:sim_time:646.0_obsid:wp4-f5_variable:so4,0.000631742,0.0,conc,,,wp4-f5,conc,lst,646.0,sim,so4,
oname:conc_otype:lst_usecol:sim_time:647.0_obsid:welopt-ly1_variable:so4,0.000361655,0.0,forecast,,,welopt-ly1,conc,lst,647.0,sim,so4,
oname:conc_otype:lst_usecol:sim_time:647.0_obsid:welopt-ly3_variable:o0,3.10145e-10,0.0,conc,,,welopt-ly3,conc,lst,647.0,sim,o0,
oname:conc_otype:lst_usecol:sim_time:647.0_obsid:welopt-ly3_variable:ph,6.63351,0.0,conc,,,welopt-ly3,conc,lst,647.0,sim,ph,
oname:conc_otype:lst_usecol:sim_time:647.0_obsid:welopt-ly3_variable:so4,0.000712984,0.0,forecast,,,welopt-ly3,conc,lst,647.0,sim,so4,
oname:conc_otype:lst_usecol:sim_time:647.0_obsid:welopt-ly5_variable:so4,0.000669413,0.0,forecast,,,welopt-ly5,conc,lst,647.0,sim,so4,
oname:conc_otype:lst_usecol:sim_time:647.0_obsid:wp1-f3_variable:o0,0.000271462,0.0,conc,,,wp1-f3,conc,lst,647.0,sim,o0,
oname:conc_otype:lst_usecol:sim_time:647.0_obsid:wp1-f3_variable:ph,6.72952,0.0,conc,,,wp1-f3,conc,lst,647.0,sim,ph,
oname:conc_otype:lst_usecol:sim_time:647.0_obsid:wp1-f3_variable:so4,0.000490031,0.0,conc,,,wp1-f3,conc,lst,647.0,sim,so4,
oname:conc_otype:lst_usecol:sim_time:647.0_obsid:wp4-f5_variable:o0,8.21497e-10,0.0,conc,,,wp4-f5,conc,lst,647.0,sim,o0,
oname:conc_otype:lst_usecol:sim_time:647.0_obsid:wp4-f5_variable:ph,6.58489,0.0,conc,,,wp4-f5,conc,lst,647.0,sim,ph,
oname:conc_otype:lst_usecol:sim_time:647.0_obsid:wp4-f5_variable:so4,0.000631742,0.0,conc,,,wp4-f5,conc,lst,647.0,sim,so4,
oname:conc_otype:lst_usecol:sim_time:648.0_obsid:welopt-ly1_variable:so4,0.000361655,0.0,forecast,,,welopt-ly1,conc,lst,648.0,sim,so4,
oname:conc_otype:lst_usecol:sim_time:648.0_obsid:welopt-ly3_variable:o0,3.10145e-10,0.0,conc,,,welopt-ly3,conc,lst,648.0,sim,o0,
oname:conc_otype:lst_usecol:sim_time:648.0_obsid:welopt-ly3_variable:ph,6.63351,0.0,conc,,,welopt-ly3,conc,lst,648.0,sim,ph,
oname:conc_otype:lst_usecol:sim_time:648.0_obsid:welopt-ly3_variable:so4,0.000712984,0.0,forecast,,,welopt-ly3,conc,lst,648.0,sim,so4,
oname:conc_otype:lst_usecol:sim_time:648.0_obsid:welopt-ly5_variable:so4,0.000669413,0.0,forecast,,,welopt-ly5,conc,lst,648.0,sim,so4,
oname:conc_otype:lst_usecol:sim_time:648.0_obsid:wp1-f3_variable:o0,0.000271462,0.0,conc,,,wp1-f3,conc,lst,648.0,sim,o0,
oname:conc_otype:lst_usecol:sim_time:648.0_obsid:wp1-f3_variable:ph,6.72952,0.0,conc,,,wp1-f3,conc,lst,648.0,sim,ph,
oname:conc_otype:lst_usecol:sim_time:648.0_obsid:wp1-f3_variable:so4,0.000490031,0.0,conc,,,wp1-f3,conc,lst,648.0,sim,so4,
oname:conc_otype:lst_usecol:sim_time:648.0_obsid:wp4-f5_variable:o0,8.21497e-10,0.0,conc,,,wp4-f5,conc,lst,648.0,sim,o0,
oname:conc_otype:lst_usecol:sim_time:648.0_obsid:wp4-f5_variable:ph,6.58489,0.0,conc,,,wp4-f5,conc,lst,648.0,sim,ph,
oname:conc_otype:lst_usecol:sim_time:648.0_obsid:wp4-f5_variable:so4,0.000631742,0.0,conc,,,wp4-f5,conc,lst,648.0,sim,so4,
oname:conc_otype:lst_usecol:sim_time:649.0_obsid:welopt-ly1_variable:so4,0.000361655,0.0,forecast,,,welopt-ly1,conc,lst,649.0,sim,so4,
oname:conc_otype:lst_usecol:sim_time:649.0_obsid:welopt-ly3_variable:o0,3.10145e-10,0.0,conc,,,welopt-ly3,conc,lst,649.0,sim,o0,
oname:conc_otype:lst_usecol:sim_time:649.0_obsid:welopt-ly3_variable:ph,6.63351,0.0,conc,,,welopt-ly3,conc,lst,649.0,sim,ph,
oname:conc_otype:lst_usecol:sim_time:649.0_obsid:welopt-ly3_variable:so4,0.000712984,0.0,forecast,,,welopt-ly3,conc,lst,649.0,sim,so4,
oname:conc_otype:lst_usecol:sim_time:649.0_obsid:welopt-ly5_variable:so4,0.000669413,0.0,forecast,,,welopt-ly5,conc,lst,649.0,sim,so4,
oname:conc_otype:lst_usecol:sim_time:649.0_obsid:wp1-f3_variable:o0,0.000271462,0.0,conc,,,wp1-f3,conc,lst,649.0,sim,o0,
oname:conc_otype:lst_usecol:sim_time:649.0_obsid:wp1-f3_variable:ph,6.72952,0.0,conc,,,wp1-f3,conc,lst,649.0,sim,ph,
oname:conc_otype:lst_usecol:sim_time:649.0_obsid:wp1-f3_variable:so4,0.000490031,0.0,conc,,,wp1-f3,conc,lst,649.0,sim,so4,
oname:conc_otype:lst_usecol:sim_time:649.0_obsid:wp4-f5_variable:o0,8.21497e-10,0.0,conc,,,wp4-f5,conc,lst,649.0,sim,o0,
oname:conc_otype:lst_usecol:sim_time:649.0_obsid:wp4-f5_variable:ph,6.58489,0.0,conc,,,wp4-f5,conc,lst,649.0,sim,ph,
oname:conc_otype:lst_usecol:sim_time:649.0_obsid:wp4-f5_variable:so4,0.000631742,0.0,conc,,,wp4-f5,conc,lst,649.0,sim,so4,
oname:conc_otype:lst_usecol:sim_time:65.0_obsid:welopt-ly3_variable:o0,0.0,0.0,conc,,,welopt-ly3,conc,lst,65.0,sim,o0,
oname:conc_otype:lst_usecol:sim_time:65.0_obsid:welopt-ly3_variable:ph,6.67491,0.0,conc,,,welopt-ly3,conc,lst,65.0,sim,ph,
oname:conc_otype:lst_usecol:sim_time:65.0_obsid:welopt-ly3_variable:so4,5.5104e-05,0.0,conc,,,welopt-ly3,conc,lst,65.0,sim,so4,
oname:conc_otype:lst_usecol:sim_time:65.0_obsid:wp1-f3_variable:o0,2.24924e-10,3065.696697424829,conc,,,wp1-f3,conc,lst,65.0,sim,o0,0.000326190128606
oname:conc_otype:lst_usecol:sim_time:65.0_obsid:wp1-f3_variable:ph,6.70644,0.6131393394849658,conc,,,wp1-f3,conc,lst,65.0,sim,ph,1.6309506430300091
oname:conc_otype:lst_usecol:sim_time:65.0_obsid:wp1-f3_variable:so4,0.000739218,1226.2786789699317,conc,,,wp1-f3,conc,lst,65.0,sim,so4,0.000815475321515
oname:conc_otype:lst_usecol:sim_time:65.0_obsid:wp4-f5_variable:o0,1.38747e-35,3143.4730673096574,conc,,,wp4-f5,conc,lst,65.0,sim,o0,0.0003181194744117
oname:conc_otype:lst_usecol:sim_time:65.0_obsid:wp4-f5_variable:ph,6.6281,0.6286946134619315,conc,,,wp4-f5,conc,lst,65.0,sim,ph,1.5905973720586868
oname:conc_otype:lst_usecol:sim_time:65.0_obsid:wp4-f5_variable:so4,0.00018409,1048.7271350453038,conc,,,wp4-f5,conc,lst,65.0,sim,so4,0.0009535368796925
oname:conc_otype:lst_usecol:sim_time:650.0_obsid:welopt-ly1_variable:so4,0.000361655,0.0,forecast,,,welopt-ly1,conc,lst,650.0,sim,so4,
oname:conc_otype:lst_usecol:sim_time:650.0_obsid:welopt-ly3_variable:o0,3.10145e-10,0.0,conc,,,welopt-ly3,conc,lst,650.0,sim,o0,
oname:conc_otype:lst_usecol:sim_time:650.0_obsid:welopt-ly3_variable:ph,6.63351,0.0,conc,,,welopt-ly3,conc,lst,650.0,sim,ph,
oname:conc_otype:lst_usecol:sim_time:650.0_obsid:welopt-ly3_variable:so4,0.000712984,0.0,forecast,,,welopt-ly3,conc,lst,650.0,sim,so4,
oname:conc_otype:lst_usecol:sim_time:650.0_obsid:welopt-ly5_variable:so4,0.000669413,0.0,forecast,,,welopt-ly5,conc,lst,650.0,sim,so4,
oname:conc_otype:lst_usecol:sim_time:650.0_obsid:wp1-f3_variable:o0,0.000271462,0.0,conc,,,wp1-f3,conc,lst,650.0,sim,o0,
oname:conc_otype:lst_usecol:sim_time:650.0_obsid:wp1-f3_variable:ph,6.72952,0.0,conc,,,wp1-f3,conc,lst,650.0,sim,ph,
oname:conc_otype:lst_usecol:sim_time:650.0_obsid:wp1-f3_variable:so4,0.000490031,0.0,conc,,,wp1-f3,conc,lst,650.0,sim,so4,
oname:conc_otype:lst_usecol:sim_time:650.0_obsid:wp4-f5_variable:o0,8.21497e-10,0.0,conc,,,wp4-f5,conc,lst,650.0,sim,o0,
oname:conc_otype:lst_usecol:sim_time:650.0_obsid:wp4-f5_variable:ph,6.58489,0.0,conc,,,wp4-f5,conc,lst,650.0,sim,ph,
oname:conc_otype:lst_usecol:sim_time:650.0_obsid:wp4-f5_variable:so4,0.000631742,0.0,conc,,,wp4-f5,conc,lst,650.0,sim,so4,
oname:conc_otype:lst_usecol:sim_time:651.0_obsid:welopt-ly1_variable:so4,0.000361655,0.0,forecast,,,welopt-ly1,conc,lst,651.0,sim,so4,
oname:conc_otype:lst_usecol:sim_time:651.0_obsid:welopt-ly3_variable:o0,3.10145e-10,0.0,conc,,,welopt-ly3,conc,lst,651.0,sim,o0,
oname:conc_otype:lst_usecol:sim_time:651.0_obsid:welopt-ly3_variable:ph,6.63351,0.0,conc,,,welopt-ly3,conc,lst,651.0,sim,ph,
oname:conc_otype:lst_usecol:sim_time:651.0_obsid:welopt-ly3_variable:so4,0.000712984,0.0,forecast,,,welopt-ly3,conc,lst,651.0,sim,so4,
oname:conc_otype:lst_usecol:sim_time:651.0_obsid:welopt-ly5_variable:so4,0.000669413,0.0,forecast,,,welopt-ly5,conc,lst,651.0,sim,so4,
oname:conc_otype:lst_usecol:sim_time:651.0_obsid:wp1-f3_variable:o0,0.000271462,0.0,conc,,,wp1-f3,conc,lst,651.0,sim,o0,
oname:conc_otype:lst_usecol:sim_time:651.0_obsid:wp1-f3_variable:ph,6.72952,0.0,conc,,,wp1-f3,conc,lst,651.0,sim,ph,
oname:conc_otype:lst_usecol:sim_time:651.0_obsid:wp1-f3_variable:so4,0.000490031,0.0,conc,,,wp1-f3,conc,lst,651.0,sim,so4,
oname:conc_otype:lst_usecol:sim_time:651.0_obsid:wp4-f5_variable:o0,8.21497e-10,0.0,conc,,,wp4-f5,conc,lst,651.0,sim,o0,
oname:conc_otype:lst_usecol:sim_time:651.0_obsid:wp4-f5_variable:ph,6.58489,0.0,conc,,,wp4-f5,conc,lst,651.0,sim,ph,
oname:conc_otype:lst_usecol:sim_time:651.0_obsid:wp4-f5_variable:so4,0.000631742,0.0,conc,,,wp4-f5,conc,lst,651.0,sim,so4,
oname:conc_otype:lst_usecol:sim_time:652.0_obsid:welopt-ly1_variable:so4,0.000361655,0.0,forecast,,,welopt-ly1,conc,lst,652.0,sim,so4,
oname:conc_otype:lst_usecol:sim_time:652.0_obsid:welopt-ly3_variable:o0,3.10145e-10,0.0,conc,,,welopt-ly3,conc,lst,652.0,sim,o0,
oname:conc_otype:lst_usecol:sim_time:652.0_obsid:welopt-ly3_variable:ph,6.63351,0.0,conc,,,welopt-ly3,conc,lst,652.0,sim,ph,
oname:conc_otype:lst_usecol:sim_time:652.0_obsid:welopt-ly3_variable:so4,0.000712984,0.0,forecast,,,welopt-ly3,conc,lst,652.0,sim,so4,
oname:conc_otype:lst_usecol:sim_time:652.0_obsid:welopt-ly5_variable:so4,0.000669413,0.0,forecast,,,welopt-ly5,conc,lst,652.0,sim,so4,
oname:conc_otype:lst_usecol:sim_time:652.0_obsid:wp1-f3_variable:o0,0.000271462,0.0,conc,,,wp1-f3,conc,lst,652.0,sim,o0,
oname:conc_otype:lst_usecol:sim_time:652.0_obsid:wp1-f3_variable:ph,6.72952,0.0,conc,,,wp1-f3,conc,lst,652.0,sim,ph,
oname:conc_otype:lst_usecol:sim_time:652.0_obsid:wp1-f3_variable:so4,0.000490031,0.0,conc,,,wp1-f3,conc,lst,652.0,sim,so4,
oname:conc_otype:lst_usecol:sim_time:652.0_obsid:wp4-f5_variable:o0,8.21497e-10,0.0,conc,,,wp4-f5,conc,lst,652.0,sim,o0,
oname:conc_otype:lst_usecol:sim_time:652.0_obsid:wp4-f5_variable:ph,6.58489,0.0,conc,,,wp4-f5,conc,lst,652.0,sim,ph,
oname:conc_otype:lst_usecol:sim_time:652.0_obsid:wp4-f5_variable:so4,0.000631742,0.0,conc,,,wp4-f5,conc,lst,652.0,sim,so4,
oname:conc_otype:lst_usecol:sim_time:653.0_obsid:welopt-ly1_variable:so4,0.000366776,0.0,forecast,,,welopt-ly1,conc,lst,653.0,sim,so4,
oname:conc_otype:lst_usecol:sim_time:653.0_obsid:welopt-ly3_variable:o0,3.09056e-10,0.0,conc,,,welopt-ly3,conc,lst,653.0,sim,o0,
oname:conc_otype:lst_usecol:sim_time:653.0_obsid:welopt-ly3_variable:ph,6.62318,0.0,conc,,,welopt-ly3,conc,lst,653.0,sim,ph,
oname:conc_otype:lst_usecol:sim_time:653.0_obsid:welopt-ly3_variable:so4,0.00070717,0.0,forecast,,,welopt-ly3,conc,lst,653.0,sim,so4,
oname:conc_otype:lst_usecol:sim_time:653.0_obsid:welopt-ly5_variable:so4,0.00063887,0.0,forecast,,,welopt-ly5,conc,lst,653.0,sim,so4,
oname:conc_otype:lst_usecol:sim_time:653.0_obsid:wp1-f3_variable:o0,8.12176e-05,0.0,conc,,,wp1-f3,conc,lst,653.0,sim,o0,
oname:conc_otype:lst_usecol:sim_time:653.0_obsid:wp1-f3_variable:ph,6.70611,0.0,conc,,,wp1-f3,conc,lst,653.0,sim,ph,
oname:conc_otype:lst_usecol:sim_time:653.0_obsid:wp1-f3_variable:so4,0.000459265,0.0,conc,,,wp1-f3,conc,lst,653.0,sim,so4,
oname:conc_otype:lst_usecol:sim_time:653.0_obsid:wp4-f5_variable:o0,5.75221e-10,0.0,conc,,,wp4-f5,conc,lst,653.0,sim,o0,
oname:conc_otype:lst_usecol:sim_time:653.0_obsid:wp4-f5_variable:ph,6.62175,0.0,conc,,,wp4-f5,conc,lst,653.0,sim,ph,
oname:conc_otype:lst_usecol:sim_time:653.0_obsid:wp4-f5_variable:so4,0.000596566,0.0,conc,,,wp4-f5,conc,lst,653.0,sim,so4,
oname:conc_otype:lst_usecol:sim_time:654.0_obsid:welopt-ly1_variable:so4,0.000366776,0.0,forecast,,,welopt-ly1,conc,lst,654.0,sim,so4,
oname:conc_otype:lst_usecol:sim_time:654.0_obsid:welopt-ly3_variable:o0,3.09056e-10,0.0,conc,,,welopt-ly3,conc,lst,654.0,sim,o0,
oname:conc_otype:lst_usecol:sim_time:654.0_obsid:welopt-ly3_variable:ph,6.62318,0.0,conc,,,welopt-ly3,conc,lst,654.0,sim,ph,
oname:conc_otype:lst_usecol:sim_time:654.0_obsid:welopt-ly3_variable:so4,0.00070717,0.0,forecast,,,welopt-ly3,conc,lst,654.0,sim,so4,
oname:conc_otype:lst_usecol:sim_time:654.0_obsid:welopt-ly5_variable:so4,0.00063887,0.0,forecast,,,welopt-ly5,conc,lst,654.0,sim,so4,
oname:conc_otype:lst_usecol:sim_time:654.0_obsid:wp1-f3_variable:o0,8.12176e-05,0.0,conc,,,wp1-f3,conc,lst,654.0,sim,o0,
oname:conc_otype:lst_usecol:sim_time:654.0_obsid:wp1-f3_variable:ph,6.70611,0.0,conc,,,wp1-f3,conc,lst,654.0,sim,ph,
oname:conc_otype:lst_usecol:sim_time:654.0_obsid:wp1-f3_variable:so4,0.000459265,0.0,conc,,,wp1-f3,conc,lst,654.0,sim,so4,
oname:conc_otype:lst_usecol:sim_time:654.0_obsid:wp4-f5_variable:o0,5.75221e-10,0.0,conc,,,wp4-f5,conc,lst,654.0,sim,o0,
oname:conc_otype:lst_usecol:sim_time:654.0_obsid:wp4-f5_variable:ph,6.62175,0.0,conc,,,wp4-f5,conc,lst,654.0,sim,ph,
oname:conc_otype:lst_usecol:sim_time:654.0_obsid:wp4-f5_variable:so4,0.000596566,0.0,conc,,,wp4-f5,conc,lst,654.0,sim,so4,
oname:conc_otype:lst_usecol:sim_time:655.0_obsid:welopt-ly1_variable:so4,0.000366776,0.0,forecast,,,welopt-ly1,conc,lst,655.0,sim,so4,
oname:conc_otype:lst_usecol:sim_time:655.0_obsid:welopt-ly3_variable:o0,3.09056e-10,0.0,conc,,,welopt-ly3,conc,lst,655.0,sim,o0,
oname:conc_otype:lst_usecol:sim_time:655.0_obsid:welopt-ly3_variable:ph,6.62318,0.0,conc,,,welopt-ly3,conc,lst,655.0,sim,ph,
oname:conc_otype:lst_usecol:sim_time:655.0_obsid:welopt-ly3_variable:so4,0.00070717,0.0,forecast,,,welopt-ly3,conc,lst,655.0,sim,so4,
oname:conc_otype:lst_usecol:sim_time:655.0_obsid:welopt-ly5_variable:so4,0.00063887,0.0,forecast,,,welopt-ly5,conc,lst,655.0,sim,so4,
oname:conc_otype:lst_usecol:sim_time:655.0_obsid:wp1-f3_variable:o0,8.12176e-05,0.0,conc,,,wp1-f3,conc,lst,655.0,sim,o0,
oname:conc_otype:lst_usecol:sim_time:655.0_obsid:wp1-f3_variable:ph,6.70611,0.0,conc,,,wp1-f3,conc,lst,655.0,sim,ph,
oname:conc_otype:lst_usecol:sim_time:655.0_obsid:wp1-f3_variable:so4,0.000459265,0.0,conc,,,wp1-f3,conc,lst,655.0,sim,so4,
oname:conc_otype:lst_usecol:sim_time:655.0_obsid:wp4-f5_variable:o0,5.75221e-10,0.0,conc,,,wp4-f5,conc,lst,655.0,sim,o0,
oname:conc_otype:lst_usecol:sim_time:655.0_obsid:wp4-f5_variable:ph,6.62175,0.0,conc,,,wp4-f5,conc,lst,655.0,sim,ph,
oname:conc_otype:lst_usecol:sim_time:655.0_obsid:wp4-f5_variable:so4,0.000596566,0.0,conc,,,wp4-f5,conc,lst,655.0,sim,so4,
oname:conc_otype:lst_usecol:sim_time:656.0_obsid:welopt-ly1_variable:so4,0.000366776,0.0,forecast,,,welopt-ly1,conc,lst,656.0,sim,so4,
oname:conc_otype:lst_usecol:sim_time:656.0_obsid:welopt-ly3_variable:o0,3.09056e-10,0.0,conc,,,welopt-ly3,conc,lst,656.0,sim,o0,
oname:conc_otype:lst_usecol:sim_time:656.0_obsid:welopt-ly3_variable:ph,6.62318,0.0,conc,,,welopt-ly3,conc,lst,656.0,sim,ph,
oname:conc_otype:lst_usecol:sim_time:656.0_obsid:welopt-ly3_variable:so4,0.00070717,0.0,forecast,,,welopt-ly3,conc,lst,656.0,sim,so4,
oname:conc_otype:lst_usecol:sim_time:656.0_obsid:welopt-ly5_variable:so4,0.00063887,0.0,forecast,,,welopt-ly5,conc,lst,656.0,sim,so4,
oname:conc_otype:lst_usecol:sim_time:656.0_obsid:wp1-f3_variable:o0,8.12176e-05,0.0,conc,,,wp1-f3,conc,lst,656.0,sim,o0,
oname:conc_otype:lst_usecol:sim_time:656.0_obsid:wp1-f3_variable:ph,6.70611,0.0,conc,,,wp1-f3,conc,lst,656.0,sim,ph,
oname:conc_otype:lst_usecol:sim_time:656.0_obsid:wp1-f3_variable:so4,0.000459265,0.0,conc,,,wp1-f3,conc,lst,656.0,sim,so4,
oname:conc_otype:lst_usecol:sim_time:656.0_obsid:wp4-f5_variable:o0,5.75221e-10,0.0,conc,,,wp4-f5,conc,lst,656.0,sim,o0,
oname:conc_otype:lst_usecol:sim_time:656.0_obsid:wp4-f5_variable:ph,6.62175,0.0,conc,,,wp4-f5,conc,lst,656.0,sim,ph,
oname:conc_otype:lst_usecol:sim_time:656.0_obsid:wp4-f5_variable:so4,0.000596566,0.0,conc,,,wp4-f5,conc,lst,656.0,sim,so4,
oname:conc_otype:lst_usecol:sim_time:657.0_obsid:welopt-ly1_variable:so4,0.000366776,0.0,forecast,,,welopt-ly1,conc,lst,657.0,sim,so4,
oname:conc_otype:lst_usecol:sim_time:657.0_obsid:welopt-ly3_variable:o0,3.09056e-10,0.0,conc,,,welopt-ly3,conc,lst,657.0,sim,o0,
oname:conc_otype:lst_usecol:sim_time:657.0_obsid:welopt-ly3_variable:ph,6.62318,0.0,conc,,,welopt-ly3,conc,lst,657.0,sim,ph,
oname:conc_otype:lst_usecol:sim_time:657.0_obsid:welopt-ly3_variable:so4,0.00070717,0.0,forecast,,,welopt-ly3,conc,lst,657.0,sim,so4,
oname:conc_otype:lst_usecol:sim_time:657.0_obsid:welopt-ly5_variable:so4,0.00063887,0.0,forecast,,,welopt-ly5,conc,lst,657.0,sim,so4,
oname:conc_otype:lst_usecol:sim_time:657.0_obsid:wp1-f3_variable:o0,8.12176e-05,0.0,conc,,,wp1-f3,conc,lst,657.0,sim,o0,
oname:conc_otype:lst_usecol:sim_time:657.0_obsid:wp1-f3_variable:ph,6.70611,0.0,conc,,,wp1-f3,conc,lst,657.0,sim,ph,
oname:conc_otype:lst_usecol:sim_time:657.0_obsid:wp1-f3_variable:so4,0.000459265,0.0,conc,,,wp1-f3,conc,lst,657.0,sim,so4,
oname:conc_otype:lst_usecol:sim_time:657.0_obsid:wp4-f5_variable:o0,5.75221e-10,0.0,conc,,,wp4-f5,conc,lst,657.0,sim,o0,
oname:conc_otype:lst_usecol:sim_time:657.0_obsid:wp4-f5_variable:ph,6.62175,0.0,conc,,,wp4-f5,conc,lst,657.0,sim,ph,
oname:conc_otype:lst_usecol:sim_time:657.0_obsid:wp4-f5_variable:so4,0.000596566,0.0,conc,,,wp4-f5,conc,lst,657.0,sim,so4,
oname:conc_otype:lst_usecol:sim_time:658.0_obsid:welopt-ly1_variable:so4,0.000366776,0.0,forecast,,,welopt-ly1,conc,lst,658.0,sim,so4,
oname:conc_otype:lst_usecol:sim_time:658.0_obsid:welopt-ly3_variable:o0,3.09056e-10,0.0,conc,,,welopt-ly3,conc,lst,658.0,sim,o0,
oname:conc_otype:lst_usecol:sim_time:658.0_obsid:welopt-ly3_variable:ph,6.62318,0.0,conc,,,welopt-ly3,conc,lst,658.0,sim,ph,
oname:conc_otype:lst_usecol:sim_time:658.0_obsid:welopt-ly3_variable:so4,0.00070717,0.0,forecast,,,welopt-ly3,conc,lst,658.0,sim,so4,
oname:conc_otype:lst_usecol:sim_time:658.0_obsid:welopt-ly5_variable:so4,0.00063887,0.0,forecast,,,welopt-ly5,conc,lst,658.0,sim,so4,
oname:conc_otype:lst_usecol:sim_time:658.0_obsid:wp1-f3_variable:o0,8.12176e-05,0.0,conc,,,wp1-f3,conc,lst,658.0,sim,o0,
oname:conc_otype:lst_usecol:sim_time:658.0_obsid:wp1-f3_variable:ph,6.70611,0.0,conc,,,wp1-f3,conc,lst,658.0,sim,ph,
oname:conc_otype:lst_usecol:sim_time:658.0_obsid:wp1-f3_variable:so4,0.000459265,0.0,conc,,,wp1-f3,conc,lst,658.0,sim,so4,
oname:conc_otype:lst_usecol:sim_time:658.0_obsid:wp4-f5_variable:o0,5.75221e-10,0.0,conc,,,wp4-f5,conc,lst,658.0,sim,o0,
oname:conc_otype:lst_usecol:sim_time:658.0_obsid:wp4-f5_variable:ph,6.62175,0.0,conc,,,wp4-f5,conc,lst,658.0,sim,ph,
oname:conc_otype:lst_usecol:sim_time:658.0_obsid:wp4-f5_variable:so4,0.000596566,0.0,conc,,,wp4-f5,conc,lst,658.0,sim,so4,
oname:conc_otype:lst_usecol:sim_time:659.0_obsid:welopt-ly1_variable:so4,0.000366776,0.0,forecast,,,welopt-ly1,conc,lst,659.0,sim,so4,
oname:conc_otype:lst_usecol:sim_time:659.0_obsid:welopt-ly3_variable:o0,3.09056e-10,0.0,conc,,,welopt-ly3,conc,lst,659.0,sim,o0,
oname:conc_otype:lst_usecol:sim_time:659.0_obsid:welopt-ly3_variable:ph,6.62318,0.0,conc,,,welopt-ly3,conc,lst,659.0,sim,ph,
oname:conc_otype:lst_usecol:sim_time:659.0_obsid:welopt-ly3_variable:so4,0.00070717,0.0,forecast,,,welopt-ly3,conc,lst,659.0,sim,so4,
oname:conc_otype:lst_usecol:sim_time:659.0_obsid:welopt-ly5_variable:so4,0.00063887,0.0,forecast,,,welopt-ly5,conc,lst,659.0,sim,so4,
oname:conc_otype:lst_usecol:sim_time:659.0_obsid:wp1-f3_variable:o0,8.12176e-05,0.0,conc,,,wp1-f3,conc,lst,659.0,sim,o0,
oname:conc_otype:lst_usecol:sim_time:659.0_obsid:wp1-f3_variable:ph,6.70611,0.0,conc,,,wp1-f3,conc,lst,659.0,sim,ph,
oname:conc_otype:lst_usecol:sim_time:659.0_obsid:wp1-f3_variable:so4,0.000459265,0.0,conc,,,wp1-f3,conc,lst,659.0,sim,so4,
oname:conc_otype:lst_usecol:sim_time:659.0_obsid:wp4-f5_variable:o0,5.75221e-10,0.0,conc,,,wp4-f5,conc,lst,659.0,sim,o0,
oname:conc_otype:lst_usecol:sim_time:659.0_obsid:wp4-f5_variable:ph,6.62175,0.0,conc,,,wp4-f5,conc,lst,659.0,sim,ph,
oname:conc_otype:lst_usecol:sim_time:659.0_obsid:wp4-f5_variable:so4,0.000596566,0.0,conc,,,wp4-f5,conc,lst,659.0,sim,so4,
oname:conc_otype:lst_usecol:sim_time:66.0_obsid:welopt-ly3_variable:o0,0.0,0.0,conc,,,welopt-ly3,conc,lst,66.0,sim,o0,
oname:conc_otype:lst_usecol:sim_time:66.0_obsid:welopt-ly3_variable:ph,6.67491,0.0,conc,,,welopt-ly3,conc,lst,66.0,sim,ph,
oname:conc_otype:lst_usecol:sim_time:66.0_obsid:welopt-ly3_variable:so4,5.5104e-05,0.0,conc,,,welopt-ly3,conc,lst,66.0,sim,so4,
oname:conc_otype:lst_usecol:sim_time:66.0_obsid:wp1-f3_variable:o0,2.24924e-10,3065.696697424829,conc,,,wp1-f3,conc,lst,66.0,sim,o0,0.000326190128606
oname:conc_otype:lst_usecol:sim_time:66.0_obsid:wp1-f3_variable:ph,6.70644,0.6131393394849658,conc,,,wp1-f3,conc,lst,66.0,sim,ph,1.6309506430300091
oname:conc_otype:lst_usecol:sim_time:66.0_obsid:wp1-f3_variable:so4,0.000739218,1226.2786789699317,conc,,,wp1-f3,conc,lst,66.0,sim,so4,0.000815475321515
oname:conc_otype:lst_usecol:sim_time:66.0_obsid:wp4-f5_variable:o0,1.38747e-35,3143.4730673096574,conc,,,wp4-f5,conc,lst,66.0,sim,o0,0.0003181194744117
oname:conc_otype:lst_usecol:sim_time:66.0_obsid:wp4-f5_variable:ph,6.6281,0.6286946134619315,conc,,,wp4-f5,conc,lst,66.0,sim,ph,1.5905973720586868
oname:conc_otype:lst_usecol:sim_time:66.0_obsid:wp4-f5_variable:so4,0.00018409,1048.7271350453038,conc,,,wp4-f5,conc,lst,66.0,sim,so4,0.0009535368796925
oname:conc_otype:lst_usecol:sim_time:660.0_obsid:welopt-ly1_variable:so4,0.000372066,0.0,forecast,,,welopt-ly1,conc,lst,660.0,sim,so4,
oname:conc_otype:lst_usecol:sim_time:660.0_obsid:welopt-ly3_variable:o0,2.88661e-10,0.0,conc,,,welopt-ly3,conc,lst,660.0,sim,o0,
oname:conc_otype:lst_usecol:sim_time:660.0_obsid:welopt-ly3_variable:ph,6.62313,0.0,conc,,,welopt-ly3,conc,lst,660.0,sim,ph,
oname:conc_otype:lst_usecol:sim_time:660.0_obsid:welopt-ly3_variable:so4,0.000697512,0.0,forecast,,,welopt-ly3,conc,lst,660.0,sim,so4,
oname:conc_otype:lst_usecol:sim_time:660.0_obsid:welopt-ly5_variable:so4,0.000629785,0.0,forecast,,,welopt-ly5,conc,lst,660.0,sim,so4,
oname:conc_otype:lst_usecol:sim_time:660.0_obsid:wp1-f3_variable:o0,4.89714e-05,0.0,conc,,,wp1-f3,conc,lst,660.0,sim,o0,
oname:conc_otype:lst_usecol:sim_time:660.0_obsid:wp1-f3_variable:ph,6.69948,0.0,conc,,,wp1-f3,conc,lst,660.0,sim,ph,
oname:conc_otype:lst_usecol:sim_time:660.0_obsid:wp1-f3_variable:so4,0.000456577,0.0,conc,,,wp1-f3,conc,lst,660.0,sim,so4,
oname:conc_otype:lst_usecol:sim_time:660.0_obsid:wp4-f5_variable:o0,3.14117e-10,0.0,conc,,,wp4-f5,conc,lst,660.0,sim,o0,
oname:conc_otype:lst_usecol:sim_time:660.0_obsid:wp4-f5_variable:ph,6.67374,0.0,conc,,,wp4-f5,conc,lst,660.0,sim,ph,
oname:conc_otype:lst_usecol:sim_time:660.0_obsid:wp4-f5_variable:so4,0.000572583,0.0,conc,,,wp4-f5,conc,lst,660.0,sim,so4,
oname:conc_otype:lst_usecol:sim_time:661.0_obsid:welopt-ly1_variable:so4,0.000372066,0.0,forecast,,,welopt-ly1,conc,lst,661.0,sim,so4,
oname:conc_otype:lst_usecol:sim_time:661.0_obsid:welopt-ly3_variable:o0,2.88661e-10,0.0,conc,,,welopt-ly3,conc,lst,661.0,sim,o0,
oname:conc_otype:lst_usecol:sim_time:661.0_obsid:welopt-ly3_variable:ph,6.62313,0.0,conc,,,welopt-ly3,conc,lst,661.0,sim,ph,
oname:conc_otype:lst_usecol:sim_time:661.0_obsid:welopt-ly3_variable:so4,0.000697512,0.0,forecast,,,welopt-ly3,conc,lst,661.0,sim,so4,
oname:conc_otype:lst_usecol:sim_time:661.0_obsid:welopt-ly5_variable:so4,0.000629785,0.0,forecast,,,welopt-ly5,conc,lst,661.0,sim,so4,
oname:conc_otype:lst_usecol:sim_time:661.0_obsid:wp1-f3_variable:o0,4.89714e-05,0.0,conc,,,wp1-f3,conc,lst,661.0,sim,o0,
oname:conc_otype:lst_usecol:sim_time:661.0_obsid:wp1-f3_variable:ph,6.69948,0.0,conc,,,wp1-f3,conc,lst,661.0,sim,ph,
oname:conc_otype:lst_usecol:sim_time:661.0_obsid:wp1-f3_variable:so4,0.000456577,0.0,conc,,,wp1-f3,conc,lst,661.0,sim,so4,
oname:conc_otype:lst_usecol:sim_time:661.0_obsid:wp4-f5_variable:o0,3.14117e-10,0.0,conc,,,wp4-f5,conc,lst,661.0,sim,o0,
oname:conc_otype:lst_usecol:sim_time:661.0_obsid:wp4-f5_variable:ph,6.67374,0.0,conc,,,wp4-f5,conc,lst,661.0,sim,ph,
oname:conc_otype:lst_usecol:sim_time:661.0_obsid:wp4-f5_variable:so4,0.000572583,0.0,conc,,,wp4-f5,conc,lst,661.0,sim,so4,
oname:conc_otype:lst_usecol:sim_time:662.0_obsid:welopt-ly1_variable:so4,0.000372066,0.0,forecast,,,welopt-ly1,conc,lst,662.0,sim,so4,
oname:conc_otype:lst_usecol:sim_time:662.0_obsid:welopt-ly3_variable:o0,2.88661e-10,0.0,conc,,,welopt-ly3,conc,lst,662.0,sim,o0,
oname:conc_otype:lst_usecol:sim_time:662.0_obsid:welopt-ly3_variable:ph,6.62313,0.0,conc,,,welopt-ly3,conc,lst,662.0,sim,ph,
oname:conc_otype:lst_usecol:sim_time:662.0_obsid:welopt-ly3_variable:so4,0.000697512,0.0,forecast,,,welopt-ly3,conc,lst,662.0,sim,so4,
oname:conc_otype:lst_usecol:sim_time:662.0_obsid:welopt-ly5_variable:so4,0.000629785,0.0,forecast,,,welopt-ly5,conc,lst,662.0,sim,so4,
oname:conc_otype:lst_usecol:sim_time:662.0_obsid:wp1-f3_variable:o0,4.89714e-05,0.0,conc,,,wp1-f3,conc,lst,662.0,sim,o0,
oname:conc_otype:lst_usecol:sim_time:662.0_obsid:wp1-f3_variable:ph,6.69948,0.0,conc,,,wp1-f3,conc,lst,662.0,sim,ph,
oname:conc_otype:lst_usecol:sim_time:662.0_obsid:wp1-f3_variable:so4,0.000456577,0.0,conc,,,wp1-f3,conc,lst,662.0,sim,so4,
oname:conc_otype:lst_usecol:sim_time:662.0_obsid:wp4-f5_variable:o0,3.14117e-10,0.0,conc,,,wp4-f5,conc,lst,662.0,sim,o0,
oname:conc_otype:lst_usecol:sim_time:662.0_obsid:wp4-f5_variable:ph,6.67374,0.0,conc,,,wp4-f5,conc,lst,662.0,sim,ph,
oname:conc_otype:lst_usecol:sim_time:662.0_obsid:wp4-f5_variable:so4,0.000572583,0.0,conc,,,wp4-f5,conc,lst,662.0,sim,so4,
oname:conc_otype:lst_usecol:sim_time:663.0_obsid:welopt-ly1_variable:so4,0.000372066,0.0,forecast,,,welopt-ly1,conc,lst,663.0,sim,so4,
oname:conc_otype:lst_usecol:sim_time:663.0_obsid:welopt-ly3_variable:o0,2.88661e-10,0.0,conc,,,welopt-ly3,conc,lst,663.0,sim,o0,
oname:conc_otype:lst_usecol:sim_time:663.0_obsid:welopt-ly3_variable:ph,6.62313,0.0,conc,,,welopt-ly3,conc,lst,663.0,sim,ph,
oname:conc_otype:lst_usecol:sim_time:663.0_obsid:welopt-ly3_variable:so4,0.000697512,0.0,forecast,,,welopt-ly3,conc,lst,663.0,sim,so4,
oname:conc_otype:lst_usecol:sim_time:663.0_obsid:welopt-ly5_variable:so4,0.000629785,0.0,forecast,,,welopt-ly5,conc,lst,663.0,sim,so4,
oname:conc_otype:lst_usecol:sim_time:663.0_obsid:wp1-f3_variable:o0,4.89714e-05,0.0,conc,,,wp1-f3,conc,lst,663.0,sim,o0,
oname:conc_otype:lst_usecol:sim_time:663.0_obsid:wp1-f3_variable:ph,6.69948,0.0,conc,,,wp1-f3,conc,lst,663.0,sim,ph,
oname:conc_otype:lst_usecol:sim_time:663.0_obsid:wp1-f3_variable:so4,0.000456577,0.0,conc,,,wp1-f3,conc,lst,663.0,sim,so4,
oname:conc_otype:lst_usecol:sim_time:663.0_obsid:wp4-f5_variable:o0,3.14117e-10,0.0,conc,,,wp4-f5,conc,lst,663.0,sim,o0,
oname:conc_otype:lst_usecol:sim_time:663.0_obsid:wp4-f5_variable:ph,6.67374,0.0,conc,,,wp4-f5,conc,lst,663.0,sim,ph,
oname:conc_otype:lst_usecol:sim_time:663.0_obsid:wp4-f5_variable:so4,0.000572583,0.0,conc,,,wp4-f5,conc,lst,663.0,sim,so4,
oname:conc_otype:lst_usecol:sim_time:664.0_obsid:welopt-ly1_variable:so4,0.000372066,0.0,forecast,,,welopt-ly1,conc,lst,664.0,sim,so4,
oname:conc_otype:lst_usecol:sim_time:664.0_obsid:welopt-ly3_variable:o0,2.88661e-10,0.0,conc,,,welopt-ly3,conc,lst,664.0,sim,o0,
oname:conc_otype:lst_usecol:sim_time:664.0_obsid:welopt-ly3_variable:ph,6.62313,0.0,conc,,,welopt-ly3,conc,lst,664.0,sim,ph,
oname:conc_otype:lst_usecol:sim_time:664.0_obsid:welopt-ly3_variable:so4,0.000697512,0.0,forecast,,,welopt-ly3,conc,lst,664.0,sim,so4,
oname:conc_otype:lst_usecol:sim_time:664.0_obsid:welopt-ly5_variable:so4,0.000629785,0.0,forecast,,,welopt-ly5,conc,lst,664.0,sim,so4,
oname:conc_otype:lst_usecol:sim_time:664.0_obsid:wp1-f3_variable:o0,4.89714e-05,0.0,conc,,,wp1-f3,conc,lst,664.0,sim,o0,
oname:conc_otype:lst_usecol:sim_time:664.0_obsid:wp1-f3_variable:ph,6.69948,0.0,conc,,,wp1-f3,conc,lst,664.0,sim,ph,
oname:conc_otype:lst_usecol:sim_time:664.0_obsid:wp1-f3_variable:so4,0.000456577,0.0,conc,,,wp1-f3,conc,lst,664.0,sim,so4,
oname:conc_otype:lst_usecol:sim_time:664.0_obsid:wp4-f5_variable:o0,3.14117e-10,0.0,conc,,,wp4-f5,conc,lst,664.0,sim,o0,
oname:conc_otype:lst_usecol:sim_time:664.0_obsid:wp4-f5_variable:ph,6.67374,0.0,conc,,,wp4-f5,conc,lst,664.0,sim,ph,
oname:conc_otype:lst_usecol:sim_time:664.0_obsid:wp4-f5_variable:so4,0.000572583,0.0,conc,,,wp4-f5,conc,lst,664.0,sim,so4,
oname:conc_otype:lst_usecol:sim_time:665.0_obsid:welopt-ly1_variable:so4,0.000372066,0.0,forecast,,,welopt-ly1,conc,lst,665.0,sim,so4,
oname:conc_otype:lst_usecol:sim_time:665.0_obsid:welopt-ly3_variable:o0,2.88661e-10,0.0,conc,,,welopt-ly3,conc,lst,665.0,sim,o0,
oname:conc_otype:lst_usecol:sim_time:665.0_obsid:welopt-ly3_variable:ph,6.62313,0.0,conc,,,welopt-ly3,conc,lst,665.0,sim,ph,
oname:conc_otype:lst_usecol:sim_time:665.0_obsid:welopt-ly3_variable:so4,0.000697512,0.0,forecast,,,welopt-ly3,conc,lst,665.0,sim,so4,
oname:conc_otype:lst_usecol:sim_time:665.0_obsid:welopt-ly5_variable:so4,0.000629785,0.0,forecast,,,welopt-ly5,conc,lst,665.0,sim,so4,
oname:conc_otype:lst_usecol:sim_time:665.0_obsid:wp1-f3_variable:o0,4.89714e-05,0.0,conc,,,wp1-f3,conc,lst,665.0,sim,o0,
oname:conc_otype:lst_usecol:sim_time:665.0_obsid:wp1-f3_variable:ph,6.69948,0.0,conc,,,wp1-f3,conc,lst,665.0,sim,ph,
oname:conc_otype:lst_usecol:sim_time:665.0_obsid:wp1-f3_variable:so4,0.000456577,0.0,conc,,,wp1-f3,conc,lst,665.0,sim,so4,
oname:conc_otype:lst_usecol:sim_time:665.0_obsid:wp4-f5_variable:o0,3.14117e-10,0.0,conc,,,wp4-f5,conc,lst,665.0,sim,o0,
oname:conc_otype:lst_usecol:sim_time:665.0_obsid:wp4-f5_variable:ph,6.67374,0.0,conc,,,wp4-f5,conc,lst,665.0,sim,ph,
oname:conc_otype:lst_usecol:sim_time:665.0_obsid:wp4-f5_variable:so4,0.000572583,0.0,conc,,,wp4-f5,conc,lst,665.0,sim,so4,
oname:conc_otype:lst_usecol:sim_time:666.0_obsid:welopt-ly1_variable:so4,0.000372066,0.0,forecast,,,welopt-ly1,conc,lst,666.0,sim,so4,
oname:conc_otype:lst_usecol:sim_time:666.0_obsid:welopt-ly3_variable:o0,2.88661e-10,0.0,conc,,,welopt-ly3,conc,lst,666.0,sim,o0,
oname:conc_otype:lst_usecol:sim_time:666.0_obsid:welopt-ly3_variable:ph,6.62313,0.0,conc,,,welopt-ly3,conc,lst,666.0,sim,ph,
oname:conc_otype:lst_usecol:sim_time:666.0_obsid:welopt-ly3_variable:so4,0.000697512,0.0,forecast,,,welopt-ly3,conc,lst,666.0,sim,so4,
oname:conc_otype:lst_usecol:sim_time:666.0_obsid:welopt-ly5_variable:so4,0.000629785,0.0,forecast,,,welopt-ly5,conc,lst,666.0,sim,so4,
oname:conc_otype:lst_usecol:sim_time:666.0_obsid:wp1-f3_variable:o0,4.89714e-05,0.0,conc,,,wp1-f3,conc,lst,666.0,sim,o0,
oname:conc_otype:lst_usecol:sim_time:666.0_obsid:wp1-f3_variable:ph,6.69948,0.0,conc,,,wp1-f3,conc,lst,666.0,sim,ph,
oname:conc_otype:lst_usecol:sim_time:666.0_obsid:wp1-f3_variable:so4,0.000456577,0.0,conc,,,wp1-f3,conc,lst,666.0,sim,so4,
oname:conc_otype:lst_usecol:sim_time:666.0_obsid:wp4-f5_variable:o0,3.14117e-10,0.0,conc,,,wp4-f5,conc,lst,666.0,sim,o0,
oname:conc_otype:lst_usecol:sim_time:666.0_obsid:wp4-f5_variable:ph,6.67374,0.0,conc,,,wp4-f5,conc,lst,666.0,sim,ph,
oname:conc_otype:lst_usecol:sim_time:666.0_obsid:wp4-f5_variable:so4,0.000572583,0.0,conc,,,wp4-f5,conc,lst,666.0,sim,so4,
oname:conc_otype:lst_usecol:sim_time:667.0_obsid:welopt-ly1_variable:so4,0.00037753,0.0,forecast,,,welopt-ly1,conc,lst,667.0,sim,so4,
oname:conc_otype:lst_usecol:sim_time:667.0_obsid:welopt-ly3_variable:o0,2.57274e-10,0.0,conc,,,welopt-ly3,conc,lst,667.0,sim,o0,
oname:conc_otype:lst_usecol:sim_time:667.0_obsid:welopt-ly3_variable:ph,6.62881,0.0,conc,,,welopt-ly3,conc,lst,667.0,sim,ph,
oname:conc_otype:lst_usecol:sim_time:667.0_obsid:welopt-ly3_variable:so4,0.000686391,0.0,forecast,,,welopt-ly3,conc,lst,667.0,sim,so4,
oname:conc_otype:lst_usecol:sim_time:667.0_obsid:welopt-ly5_variable:so4,0.000629241,0.0,forecast,,,welopt-ly5,conc,lst,667.0,sim,so4,
oname:conc_otype:lst_usecol:sim_time:667.0_obsid:wp1-f3_variable:o0,3.58044e-05,0.0,conc,,,wp1-f3,conc,lst,667.0,sim,o0,
oname:conc_otype:lst_usecol:sim_time:667.0_obsid:wp1-f3_variable:ph,6.68977,0.0,conc,,,wp1-f3,conc,lst,667.0,sim,ph,
oname:conc_otype:lst_usecol:sim_time:667.0_obsid:wp1-f3_variable:so4,0.000457961,0.0,conc,,,wp1-f3,conc,lst,667.0,sim,so4,
oname:conc_otype:lst_usecol:sim_time:667.0_obsid:wp4-f5_variable:o0,2.33805e-10,0.0,conc,,,wp4-f5,conc,lst,667.0,sim,o0,
oname:conc_otype:lst_usecol:sim_time:667.0_obsid:wp4-f5_variable:ph,6.66775,0.0,conc,,,wp4-f5,conc,lst,667.0,sim,ph,
oname:conc_otype:lst_usecol:sim_time:667.0_obsid:wp4-f5_variable:so4,0.000587785,0.0,conc,,,wp4-f5,conc,lst,667.0,sim,so4,
oname:conc_otype:lst_usecol:sim_time:668.0_obsid:welopt-ly1_variable:so4,0.00037753,0.0,forecast,,,welopt-ly1,conc,lst,668.0,sim,so4,
oname:conc_otype:lst_usecol:sim_time:668.0_obsid:welopt-ly3_variable:o0,2.57274e-10,0.0,conc,,,welopt-ly3,conc,lst,668.0,sim,o0,
oname:conc_otype:lst_usecol:sim_time:668.0_obsid:welopt-ly3_variable:ph,6.62881,0.0,conc,,,welopt-ly3,conc,lst,668.0,sim,ph,
oname:conc_otype:lst_usecol:sim_time:668.0_obsid:welopt-ly3_variable:so4,0.000686391,0.0,forecast,,,welopt-ly3,conc,lst,668.0,sim,so4,
oname:conc_otype:lst_usecol:sim_time:668.0_obsid:welopt-ly5_variable:so4,0.000629241,0.0,forecast,,,welopt-ly5,conc,lst,668.0,sim,so4,
oname:conc_otype:lst_usecol:sim_time:668.0_obsid:wp1-f3_variable:o0,3.58044e-05,0.0,conc,,,wp1-f3,conc,lst,668.0,sim,o0,
oname:conc_otype:lst_usecol:sim_time:668.0_obsid:wp1-f3_variable:ph,6.68977,0.0,conc,,,wp1-f3,conc,lst,668.0,sim,ph,
oname:conc_otype:lst_usecol:sim_time:668.0_obsid:wp1-f3_variable:so4,0.000457961,0.0,conc,,,wp1-f3,conc,lst,668.0,sim,so4,
oname:conc_otype:lst_usecol:sim_time:668.0_obsid:wp4-f5_variable:o0,2.33805e-10,0.0,conc,,,wp4-f5,conc,lst,668.0,sim,o0,
oname:conc_otype:lst_usecol:sim_time:668.0_obsid:wp4-f5_variable:ph,6.66775,0.0,conc,,,wp4-f5,conc,lst,668.0,sim,ph,
oname:conc_otype:lst_usecol:sim_time:668.0_obsid:wp4-f5_variable:so4,0.000587785,0.0,conc,,,wp4-f5,conc,lst,668.0,sim,so4,
oname:conc_otype:lst_usecol:sim_time:669.0_obsid:welopt-ly1_variable:so4,0.00037753,0.0,forecast,,,welopt-ly1,conc,lst,669.0,sim,so4,
oname:conc_otype:lst_usecol:sim_time:669.0_obsid:welopt-ly3_variable:o0,2.57274e-10,0.0,conc,,,welopt-ly3,conc,lst,669.0,sim,o0,
oname:conc_otype:lst_usecol:sim_time:669.0_obsid:welopt-ly3_variable:ph,6.62881,0.0,conc,,,welopt-ly3,conc,lst,669.0,sim,ph,
oname:conc_otype:lst_usecol:sim_time:669.0_obsid:welopt-ly3_variable:so4,0.000686391,0.0,forecast,,,welopt-ly3,conc,lst,669.0,sim,so4,
oname:conc_otype:lst_usecol:sim_time:669.0_obsid:welopt-ly5_variable:so4,0.000629241,0.0,forecast,,,welopt-ly5,conc,lst,669.0,sim,so4,
oname:conc_otype:lst_usecol:sim_time:669.0_obsid:wp1-f3_variable:o0,3.58044e-05,0.0,conc,,,wp1-f3,conc,lst,669.0,sim,o0,
oname:conc_otype:lst_usecol:sim_time:669.0_obsid:wp1-f3_variable:ph,6.68977,0.0,conc,,,wp1-f3,conc,lst,669.0,sim,ph,
oname:conc_otype:lst_usecol:sim_time:669.0_obsid:wp1-f3_variable:so4,0.000457961,0.0,conc,,,wp1-f3,conc,lst,669.0,sim,so4,
oname:conc_otype:lst_usecol:sim_time:669.0_obsid:wp4-f5_variable:o0,2.33805e-10,0.0,conc,,,wp4-f5,conc,lst,669.0,sim,o0,
oname:conc_otype:lst_usecol:sim_time:669.0_obsid:wp4-f5_variable:ph,6.66775,0.0,conc,,,wp4-f5,conc,lst,669.0,sim,ph,
oname:conc_otype:lst_usecol:sim_time:669.0_obsid:wp4-f5_variable:so4,0.000587785,0.0,conc,,,wp4-f5,conc,lst,669.0,sim,so4,
oname:conc_otype:lst_usecol:sim_time:67.0_obsid:welopt-ly3_variable:o0,0.0,0.0,conc,,,welopt-ly3,conc,lst,67.0,sim,o0,
oname:conc_otype:lst_usecol:sim_time:67.0_obsid:welopt-ly3_variable:ph,6.67491,0.0,conc,,,welopt-ly3,conc,lst,67.0,sim,ph,
oname:conc_otype:lst_usecol:sim_time:67.0_obsid:welopt-ly3_variable:so4,5.5104e-05,0.0,conc,,,welopt-ly3,conc,lst,67.0,sim,so4,
oname:conc_otype:lst_usecol:sim_time:67.0_obsid:wp1-f3_variable:o0,2.24924e-10,3065.696697424829,conc,,,wp1-f3,conc,lst,67.0,sim,o0,0.000326190128606
oname:conc_otype:lst_usecol:sim_time:67.0_obsid:wp1-f3_variable:ph,6.70644,0.6131393394849658,conc,,,wp1-f3,conc,lst,67.0,sim,ph,1.6309506430300091
oname:conc_otype:lst_usecol:sim_time:67.0_obsid:wp1-f3_variable:so4,0.000739218,1226.2786789699317,conc,,,wp1-f3,conc,lst,67.0,sim,so4,0.000815475321515
oname:conc_otype:lst_usecol:sim_time:67.0_obsid:wp4-f5_variable:o0,1.38747e-35,3143.4730673096574,conc,,,wp4-f5,conc,lst,67.0,sim,o0,0.0003181194744117
oname:conc_otype:lst_usecol:sim_time:67.0_obsid:wp4-f5_variable:ph,6.6281,0.6286946134619315,conc,,,wp4-f5,conc,lst,67.0,sim,ph,1.5905973720586868
oname:conc_otype:lst_usecol:sim_time:67.0_obsid:wp4-f5_variable:so4,0.00018409,1048.7271350453038,conc,,,wp4-f5,conc,lst,67.0,sim,so4,0.0009535368796925
oname:conc_otype:lst_usecol:sim_time:670.0_obsid:welopt-ly1_variable:so4,0.00037753,0.0,forecast,,,welopt-ly1,conc,lst,670.0,sim,so4,
oname:conc_otype:lst_usecol:sim_time:670.0_obsid:welopt-ly3_variable:o0,2.57274e-10,0.0,conc,,,welopt-ly3,conc,lst,670.0,sim,o0,
oname:conc_otype:lst_usecol:sim_time:670.0_obsid:welopt-ly3_variable:ph,6.62881,0.0,conc,,,welopt-ly3,conc,lst,670.0,sim,ph,
oname:conc_otype:lst_usecol:sim_time:670.0_obsid:welopt-ly3_variable:so4,0.000686391,0.0,forecast,,,welopt-ly3,conc,lst,670.0,sim,so4,
oname:conc_otype:lst_usecol:sim_time:670.0_obsid:welopt-ly5_variable:so4,0.000629241,0.0,forecast,,,welopt-ly5,conc,lst,670.0,sim,so4,
oname:conc_otype:lst_usecol:sim_time:670.0_obsid:wp1-f3_variable:o0,3.58044e-05,0.0,conc,,,wp1-f3,conc,lst,670.0,sim,o0,
oname:conc_otype:lst_usecol:sim_time:670.0_obsid:wp1-f3_variable:ph,6.68977,0.0,conc,,,wp1-f3,conc,lst,670.0,sim,ph,
oname:conc_otype:lst_usecol:sim_time:670.0_obsid:wp1-f3_variable:so4,0.000457961,0.0,conc,,,wp1-f3,conc,lst,670.0,sim,so4,
oname:conc_otype:lst_usecol:sim_time:670.0_obsid:wp4-f5_variable:o0,2.33805e-10,0.0,conc,,,wp4-f5,conc,lst,670.0,sim,o0,
oname:conc_otype:lst_usecol:sim_time:670.0_obsid:wp4-f5_variable:ph,6.66775,0.0,conc,,,wp4-f5,conc,lst,670.0,sim,ph,
oname:conc_otype:lst_usecol:sim_time:670.0_obsid:wp4-f5_variable:so4,0.000587785,0.0,conc,,,wp4-f5,conc,lst,670.0,sim,so4,
oname:conc_otype:lst_usecol:sim_time:671.0_obsid:welopt-ly1_variable:so4,0.00037753,0.0,forecast,,,welopt-ly1,conc,lst,671.0,sim,so4,
oname:conc_otype:lst_usecol:sim_time:671.0_obsid:welopt-ly3_variable:o0,2.57274e-10,0.0,conc,,,welopt-ly3,conc,lst,671.0,sim,o0,
oname:conc_otype:lst_usecol:sim_time:671.0_obsid:welopt-ly3_variable:ph,6.62881,0.0,conc,,,welopt-ly3,conc,lst,671.0,sim,ph,
oname:conc_otype:lst_usecol:sim_time:671.0_obsid:welopt-ly3_variable:so4,0.000686391,0.0,forecast,,,welopt-ly3,conc,lst,671.0,sim,so4,
oname:conc_otype:lst_usecol:sim_time:671.0_obsid:welopt-ly5_variable:so4,0.000629241,0.0,forecast,,,welopt-ly5,conc,lst,671.0,sim,so4,
oname:conc_otype:lst_usecol:sim_time:671.0_obsid:wp1-f3_variable:o0,3.58044e-05,0.0,conc,,,wp1-f3,conc,lst,671.0,sim,o0,
oname:conc_otype:lst_usecol:sim_time:671.0_obsid:wp1-f3_variable:ph,6.68977,0.0,conc,,,wp1-f3,conc,lst,671.0,sim,ph,
oname:conc_otype:lst_usecol:sim_time:671.0_obsid:wp1-f3_variable:so4,0.000457961,0.0,conc,,,wp1-f3,conc,lst,671.0,sim,so4,
oname:conc_otype:lst_usecol:sim_time:671.0_obsid:wp4-f5_variable:o0,2.33805e-10,0.0,conc,,,wp4-f5,conc,lst,671.0,sim,o0,
oname:conc_otype:lst_usecol:sim_time:671.0_obsid:wp4-f5_variable:ph,6.66775,0.0,conc,,,wp4-f5,conc,lst,671.0,sim,ph,
oname:conc_otype:lst_usecol:sim_time:671.0_obsid:wp4-f5_variable:so4,0.000587785,0.0,conc,,,wp4-f5,conc,lst,671.0,sim,so4,
oname:conc_otype:lst_usecol:sim_time:672.0_obsid:welopt-ly1_variable:so4,0.00037753,0.0,forecast,,,welopt-ly1,conc,lst,672.0,sim,so4,
oname:conc_otype:lst_usecol:sim_time:672.0_obsid:welopt-ly3_variable:o0,2.57274e-10,0.0,conc,,,welopt-ly3,conc,lst,672.0,sim,o0,
oname:conc_otype:lst_usecol:sim_time:672.0_obsid:welopt-ly3_variable:ph,6.62881,0.0,conc,,,welopt-ly3,conc,lst,672.0,sim,ph,
oname:conc_otype:lst_usecol:sim_time:672.0_obsid:welopt-ly3_variable:so4,0.000686391,0.0,forecast,,,welopt-ly3,conc,lst,672.0,sim,so4,
oname:conc_otype:lst_usecol:sim_time:672.0_obsid:welopt-ly5_variable:so4,0.000629241,0.0,forecast,,,welopt-ly5,conc,lst,672.0,sim,so4,
oname:conc_otype:lst_usecol:sim_time:672.0_obsid:wp1-f3_variable:o0,3.58044e-05,0.0,conc,,,wp1-f3,conc,lst,672.0,sim,o0,
oname:conc_otype:lst_usecol:sim_time:672.0_obsid:wp1-f3_variable:ph,6.68977,0.0,conc,,,wp1-f3,conc,lst,672.0,sim,ph,
oname:conc_otype:lst_usecol:sim_time:672.0_obsid:wp1-f3_variable:so4,0.000457961,0.0,conc,,,wp1-f3,conc,lst,672.0,sim,so4,
oname:conc_otype:lst_usecol:sim_time:672.0_obsid:wp4-f5_variable:o0,2.33805e-10,0.0,conc,,,wp4-f5,conc,lst,672.0,sim,o0,
oname:conc_otype:lst_usecol:sim_time:672.0_obsid:wp4-f5_variable:ph,6.66775,0.0,conc,,,wp4-f5,conc,lst,672.0,sim,ph,
oname:conc_otype:lst_usecol:sim_time:672.0_obsid:wp4-f5_variable:so4,0.000587785,0.0,conc,,,wp4-f5,conc,lst,672.0,sim,so4,
oname:conc_otype:lst_usecol:sim_time:673.0_obsid:welopt-ly1_variable:so4,0.00037753,0.0,forecast,,,welopt-ly1,conc,lst,673.0,sim,so4,
oname:conc_otype:lst_usecol:sim_time:673.0_obsid:welopt-ly3_variable:o0,2.57274e-10,0.0,conc,,,welopt-ly3,conc,lst,673.0,sim,o0,
oname:conc_otype:lst_usecol:sim_time:673.0_obsid:welopt-ly3_variable:ph,6.62881,0.0,conc,,,welopt-ly3,conc,lst,673.0,sim,ph,
oname:conc_otype:lst_usecol:sim_time:673.0_obsid:welopt-ly3_variable:so4,0.000686391,0.0,forecast,,,welopt-ly3,conc,lst,673.0,sim,so4,
oname:conc_otype:lst_usecol:sim_time:673.0_obsid:welopt-ly5_variable:so4,0.000629241,0.0,forecast,,,welopt-ly5,conc,lst,673.0,sim,so4,
oname:conc_otype:lst_usecol:sim_time:673.0_obsid:wp1-f3_variable:o0,3.58044e-05,0.0,conc,,,wp1-f3,conc,lst,673.0,sim,o0,
oname:conc_otype:lst_usecol:sim_time:673.0_obsid:wp1-f3_variable:ph,6.68977,0.0,conc,,,wp1-f3,conc,lst,673.0,sim,ph,
oname:conc_otype:lst_usecol:sim_time:673.0_obsid:wp1-f3_variable:so4,0.000457961,0.0,conc,,,wp1-f3,conc,lst,673.0,sim,so4,
oname:conc_otype:lst_usecol:sim_time:673.0_obsid:wp4-f5_variable:o0,2.33805e-10,0.0,conc,,,wp4-f5,conc,lst,673.0,sim,o0,
oname:conc_otype:lst_usecol:sim_time:673.0_obsid:wp4-f5_variable:ph,6.66775,0.0,conc,,,wp4-f5,conc,lst,673.0,sim,ph,
oname:conc_otype:lst_usecol:sim_time:673.0_obsid:wp4-f5_variable:so4,0.000587785,0.0,conc,,,wp4-f5,conc,lst,673.0,sim,so4,
oname:conc_otype:lst_usecol:sim_time:674.0_obsid:welopt-ly1_variable:so4,0.000383094,0.0,forecast,,,welopt-ly1,conc,lst,674.0,sim,so4,
oname:conc_otype:lst_usecol:sim_time:674.0_obsid:welopt-ly3_variable:o0,2.26954e-10,0.0,conc,,,welopt-ly3,conc,lst,674.0,sim,o0,
oname:conc_otype:lst_usecol:sim_time:674.0_obsid:welopt-ly3_variable:ph,6.63235,0.0,conc,,,welopt-ly3,conc,lst,674.0,sim,ph,
oname:conc_otype:lst_usecol:sim_time:674.0_obsid:welopt-ly3_variable:so4,0.000675572,0.0,forecast,,,welopt-ly3,conc,lst,674.0,sim,so4,
oname:conc_otype:lst_usecol:sim_time:674.0_obsid:welopt-ly5_variable:so4,0.000627371,0.0,forecast,,,welopt-ly5,conc,lst,674.0,sim,so4,
oname:conc_otype:lst_usecol:sim_time:674.0_obsid:wp1-f3_variable:o0,1.32557e-05,0.0,conc,,,wp1-f3,conc,lst,674.0,sim,o0,
oname:conc_otype:lst_usecol:sim_time:674.0_obsid:wp1-f3_variable:ph,6.71633,0.0,conc,,,wp1-f3,conc,lst,674.0,sim,ph,
oname:conc_otype:lst_usecol:sim_time:674.0_obsid:wp1-f3_variable:so4,0.000479439,0.0,conc,,,wp1-f3,conc,lst,674.0,sim,so4,
oname:conc_otype:lst_usecol:sim_time:674.0_obsid:wp4-f5_variable:o0,2.05717e-10,0.0,conc,,,wp4-f5,conc,lst,674.0,sim,o0,
oname:conc_otype:lst_usecol:sim_time:674.0_obsid:wp4-f5_variable:ph,6.64845,0.0,conc,,,wp4-f5,conc,lst,674.0,sim,ph,
oname:conc_otype:lst_usecol:sim_time:674.0_obsid:wp4-f5_variable:so4,0.000603166,0.0,conc,,,wp4-f5,conc,lst,674.0,sim,so4,
oname:conc_otype:lst_usecol:sim_time:675.0_obsid:welopt-ly1_variable:so4,0.000383094,0.0,forecast,,,welopt-ly1,conc,lst,675.0,sim,so4,
oname:conc_otype:lst_usecol:sim_time:675.0_obsid:welopt-ly3_variable:o0,2.26954e-10,0.0,conc,,,welopt-ly3,conc,lst,675.0,sim,o0,
oname:conc_otype:lst_usecol:sim_time:675.0_obsid:welopt-ly3_variable:ph,6.63235,0.0,conc,,,welopt-ly3,conc,lst,675.0,sim,ph,
oname:conc_otype:lst_usecol:sim_time:675.0_obsid:welopt-ly3_variable:so4,0.000675572,0.0,forecast,,,welopt-ly3,conc,lst,675.0,sim,so4,
oname:conc_otype:lst_usecol:sim_time:675.0_obsid:welopt-ly5_variable:so4,0.000627371,0.0,forecast,,,welopt-ly5,conc,lst,675.0,sim,so4,
oname:conc_otype:lst_usecol:sim_time:675.0_obsid:wp1-f3_variable:o0,1.32557e-05,0.0,conc,,,wp1-f3,conc,lst,675.0,sim,o0,
oname:conc_otype:lst_usecol:sim_time:675.0_obsid:wp1-f3_variable:ph,6.71633,0.0,conc,,,wp1-f3,conc,lst,675.0,sim,ph,
oname:conc_otype:lst_usecol:sim_time:675.0_obsid:wp1-f3_variable:so4,0.000479439,0.0,conc,,,wp1-f3,conc,lst,675.0,sim,so4,
oname:conc_otype:lst_usecol:sim_time:675.0_obsid:wp4-f5_variable:o0,2.05717e-10,0.0,conc,,,wp4-f5,conc,lst,675.0,sim,o0,
oname:conc_otype:lst_usecol:sim_time:675.0_obsid:wp4-f5_variable:ph,6.64845,0.0,conc,,,wp4-f5,conc,lst,675.0,sim,ph,
oname:conc_otype:lst_usecol:sim_time:675.0_obsid:wp4-f5_variable:so4,0.000603166,0.0,conc,,,wp4-f5,conc,lst,675.0,sim,so4,
oname:conc_otype:lst_usecol:sim_time:676.0_obsid:welopt-ly1_variable:so4,0.000383094,0.0,forecast,,,welopt-ly1,conc,lst,676.0,sim,so4,
oname:conc_otype:lst_usecol:sim_time:676.0_obsid:welopt-ly3_variable:o0,2.26954e-10,0.0,conc,,,welopt-ly3,conc,lst,676.0,sim,o0,
oname:conc_otype:lst_usecol:sim_time:676.0_obsid:welopt-ly3_variable:ph,6.63235,0.0,conc,,,welopt-ly3,conc,lst,676.0,sim,ph,
oname:conc_otype:lst_usecol:sim_time:676.0_obsid:welopt-ly3_variable:so4,0.000675572,0.0,forecast,,,welopt-ly3,conc,lst,676.0,sim,so4,
oname:conc_otype:lst_usecol:sim_time:676.0_obsid:welopt-ly5_variable:so4,0.000627371,0.0,forecast,,,welopt-ly5,conc,lst,676.0,sim,so4,
oname:conc_otype:lst_usecol:sim_time:676.0_obsid:wp1-f3_variable:o0,1.32557e-05,0.0,conc,,,wp1-f3,conc,lst,676.0,sim,o0,
oname:conc_otype:lst_usecol:sim_time:676.0_obsid:wp1-f3_variable:ph,6.71633,0.0,conc,,,wp1-f3,conc,lst,676.0,sim,ph,
oname:conc_otype:lst_usecol:sim_time:676.0_obsid:wp1-f3_variable:so4,0.000479439,0.0,conc,,,wp1-f3,conc,lst,676.0,sim,so4,
oname:conc_otype:lst_usecol:sim_time:676.0_obsid:wp4-f5_variable:o0,2.05717e-10,0.0,conc,,,wp4-f5,conc,lst,676.0,sim,o0,
oname:conc_otype:lst_usecol:sim_time:676.0_obsid:wp4-f5_variable:ph,6.64845,0.0,conc,,,wp4-f5,conc,lst,676.0,sim,ph,
oname:conc_otype:lst_usecol:sim_time:676.0_obsid:wp4-f5_variable:so4,0.000603166,0.0,conc,,,wp4-f5,conc,lst,676.0,sim,so4,
oname:conc_otype:lst_usecol:sim_time:677.0_obsid:welopt-ly1_variable:so4,0.000383094,0.0,forecast,,,welopt-ly1,conc,lst,677.0,sim,so4,
oname:conc_otype:lst_usecol:sim_time:677.0_obsid:welopt-ly3_variable:o0,2.26954e-10,0.0,conc,,,welopt-ly3,conc,lst,677.0,sim,o0,
oname:conc_otype:lst_usecol:sim_time:677.0_obsid:welopt-ly3_variable:ph,6.63235,0.0,conc,,,welopt-ly3,conc,lst,677.0,sim,ph,
oname:conc_otype:lst_usecol:sim_time:677.0_obsid:welopt-ly3_variable:so4,0.000675572,0.0,forecast,,,welopt-ly3,conc,lst,677.0,sim,so4,
oname:conc_otype:lst_usecol:sim_time:677.0_obsid:welopt-ly5_variable:so4,0.000627371,0.0,forecast,,,welopt-ly5,conc,lst,677.0,sim,so4,
oname:conc_otype:lst_usecol:sim_time:677.0_obsid:wp1-f3_variable:o0,1.32557e-05,0.0,conc,,,wp1-f3,conc,lst,677.0,sim,o0,
oname:conc_otype:lst_usecol:sim_time:677.0_obsid:wp1-f3_variable:ph,6.71633,0.0,conc,,,wp1-f3,conc,lst,677.0,sim,ph,
oname:conc_otype:lst_usecol:sim_time:677.0_obsid:wp1-f3_variable:so4,0.000479439,0.0,conc,,,wp1-f3,conc,lst,677.0,sim,so4,
oname:conc_otype:lst_usecol:sim_time:677.0_obsid:wp4-f5_variable:o0,2.05717e-10,0.0,conc,,,wp4-f5,conc,lst,677.0,sim,o0,
oname:conc_otype:lst_usecol:sim_time:677.0_obsid:wp4-f5_variable:ph,6.64845,0.0,conc,,,wp4-f5,conc,lst,677.0,sim,ph,
oname:conc_otype:lst_usecol:sim_time:677.0_obsid:wp4-f5_variable:so4,0.000603166,0.0,conc,,,wp4-f5,conc,lst,677.0,sim,so4,
oname:conc_otype:lst_usecol:sim_time:678.0_obsid:welopt-ly1_variable:so4,0.000383094,0.0,forecast,,,welopt-ly1,conc,lst,678.0,sim,so4,
oname:conc_otype:lst_usecol:sim_time:678.0_obsid:welopt-ly3_variable:o0,2.26954e-10,0.0,conc,,,welopt-ly3,conc,lst,678.0,sim,o0,
oname:conc_otype:lst_usecol:sim_time:678.0_obsid:welopt-ly3_variable:ph,6.63235,0.0,conc,,,welopt-ly3,conc,lst,678.0,sim,ph,
oname:conc_otype:lst_usecol:sim_time:678.0_obsid:welopt-ly3_variable:so4,0.000675572,0.0,forecast,,,welopt-ly3,conc,lst,678.0,sim,so4,
oname:conc_otype:lst_usecol:sim_time:678.0_obsid:welopt-ly5_variable:so4,0.000627371,0.0,forecast,,,welopt-ly5,conc,lst,678.0,sim,so4,
oname:conc_otype:lst_usecol:sim_time:678.0_obsid:wp1-f3_variable:o0,1.32557e-05,0.0,conc,,,wp1-f3,conc,lst,678.0,sim,o0,
oname:conc_otype:lst_usecol:sim_time:678.0_obsid:wp1-f3_variable:ph,6.71633,0.0,conc,,,wp1-f3,conc,lst,678.0,sim,ph,
oname:conc_otype:lst_usecol:sim_time:678.0_obsid:wp1-f3_variable:so4,0.000479439,0.0,conc,,,wp1-f3,conc,lst,678.0,sim,so4,
oname:conc_otype:lst_usecol:sim_time:678.0_obsid:wp4-f5_variable:o0,2.05717e-10,0.0,conc,,,wp4-f5,conc,lst,678.0,sim,o0,
oname:conc_otype:lst_usecol:sim_time:678.0_obsid:wp4-f5_variable:ph,6.64845,0.0,conc,,,wp4-f5,conc,lst,678.0,sim,ph,
oname:conc_otype:lst_usecol:sim_time:678.0_obsid:wp4-f5_variable:so4,0.000603166,0.0,conc,,,wp4-f5,conc,lst,678.0,sim,so4,
oname:conc_otype:lst_usecol:sim_time:679.0_obsid:welopt-ly1_variable:so4,0.000383094,0.0,forecast,,,welopt-ly1,conc,lst,679.0,sim,so4,
oname:conc_otype:lst_usecol:sim_time:679.0_obsid:welopt-ly3_variable:o0,2.26954e-10,0.0,conc,,,welopt-ly3,conc,lst,679.0,sim,o0,
oname:conc_otype:lst_usecol:sim_time:679.0_obsid:welopt-ly3_variable:ph,6.63235,0.0,conc,,,welopt-ly3,conc,lst,679.0,sim,ph,
oname:conc_otype:lst_usecol:sim_time:679.0_obsid:welopt-ly3_variable:so4,0.000675572,0.0,forecast,,,welopt-ly3,conc,lst,679.0,sim,so4,
oname:conc_otype:lst_usecol:sim_time:679.0_obsid:welopt-ly5_variable:so4,0.000627371,0.0,forecast,,,welopt-ly5,conc,lst,679.0,sim,so4,
oname:conc_otype:lst_usecol:sim_time:679.0_obsid:wp1-f3_variable:o0,1.32557e-05,0.0,conc,,,wp1-f3,conc,lst,679.0,sim,o0,
oname:conc_otype:lst_usecol:sim_time:679.0_obsid:wp1-f3_variable:ph,6.71633,0.0,conc,,,wp1-f3,conc,lst,679.0,sim,ph,
oname:conc_otype:lst_usecol:sim_time:679.0_obsid:wp1-f3_variable:so4,0.000479439,0.0,conc,,,wp1-f3,conc,lst,679.0,sim,so4,
oname:conc_otype:lst_usecol:sim_time:679.0_obsid:wp4-f5_variable:o0,2.05717e-10,0.0,conc,,,wp4-f5,conc,lst,679.0,sim,o0,
oname:conc_otype:lst_usecol:sim_time:679.0_obsid:wp4-f5_variable:ph,6.64845,0.0,conc,,,wp4-f5,conc,lst,679.0,sim,ph,
oname:conc_otype:lst_usecol:sim_time:679.0_obsid:wp4-f5_variable:so4,0.000603166,0.0,conc,,,wp4-f5,conc,lst,679.0,sim,so4,
oname:conc_otype:lst_usecol:sim_time:68.0_obsid:welopt-ly3_variable:o0,0.0,0.0,conc,,,welopt-ly3,conc,lst,68.0,sim,o0,
oname:conc_otype:lst_usecol:sim_time:68.0_obsid:welopt-ly3_variable:ph,6.67491,0.0,conc,,,welopt-ly3,conc,lst,68.0,sim,ph,
oname:conc_otype:lst_usecol:sim_time:68.0_obsid:welopt-ly3_variable:so4,5.5104e-05,0.0,conc,,,welopt-ly3,conc,lst,68.0,sim,so4,
oname:conc_otype:lst_usecol:sim_time:68.0_obsid:wp1-f3_variable:o0,2.24924e-10,3065.696697424829,conc,,,wp1-f3,conc,lst,68.0,sim,o0,0.000326190128606
oname:conc_otype:lst_usecol:sim_time:68.0_obsid:wp1-f3_variable:ph,6.70644,0.6131393394849658,conc,,,wp1-f3,conc,lst,68.0,sim,ph,1.6309506430300091
oname:conc_otype:lst_usecol:sim_time:68.0_obsid:wp1-f3_variable:so4,0.000739218,1226.2786789699317,conc,,,wp1-f3,conc,lst,68.0,sim,so4,0.000815475321515
oname:conc_otype:lst_usecol:sim_time:68.0_obsid:wp4-f5_variable:o0,1.38747e-35,3143.4730673096574,conc,,,wp4-f5,conc,lst,68.0,sim,o0,0.0003181194744117
oname:conc_otype:lst_usecol:sim_time:68.0_obsid:wp4-f5_variable:ph,6.6281,0.6286946134619315,conc,,,wp4-f5,conc,lst,68.0,sim,ph,1.5905973720586868
oname:conc_otype:lst_usecol:sim_time:68.0_obsid:wp4-f5_variable:so4,0.00018409,1048.7271350453038,conc,,,wp4-f5,conc,lst,68.0,sim,so4,0.0009535368796925
oname:conc_otype:lst_usecol:sim_time:680.0_obsid:welopt-ly1_variable:so4,0.000383094,0.0,forecast,,,welopt-ly1,conc,lst,680.0,sim,so4,
oname:conc_otype:lst_usecol:sim_time:680.0_obsid:welopt-ly3_variable:o0,2.26954e-10,0.0,conc,,,welopt-ly3,conc,lst,680.0,sim,o0,
oname:conc_otype:lst_usecol:sim_time:680.0_obsid:welopt-ly3_variable:ph,6.63235,0.0,conc,,,welopt-ly3,conc,lst,680.0,sim,ph,
oname:conc_otype:lst_usecol:sim_time:680.0_obsid:welopt-ly3_variable:so4,0.000675572,0.0,forecast,,,welopt-ly3,conc,lst,680.0,sim,so4,
oname:conc_otype:lst_usecol:sim_time:680.0_obsid:welopt-ly5_variable:so4,0.000627371,0.0,forecast,,,welopt-ly5,conc,lst,680.0,sim,so4,
oname:conc_otype:lst_usecol:sim_time:680.0_obsid:wp1-f3_variable:o0,1.32557e-05,0.0,conc,,,wp1-f3,conc,lst,680.0,sim,o0,
oname:conc_otype:lst_usecol:sim_time:680.0_obsid:wp1-f3_variable:ph,6.71633,0.0,conc,,,wp1-f3,conc,lst,680.0,sim,ph,
oname:conc_otype:lst_usecol:sim_time:680.0_obsid:wp1-f3_variable:so4,0.000479439,0.0,conc,,,wp1-f3,conc,lst,680.0,sim,so4,
oname:conc_otype:lst_usecol:sim_time:680.0_obsid:wp4-f5_variable:o0,2.05717e-10,0.0,conc,,,wp4-f5,conc,lst,680.0,sim,o0,
oname:conc_otype:lst_usecol:sim_time:680.0_obsid:wp4-f5_variable:ph,6.64845,0.0,conc,,,wp4-f5,conc,lst,680.0,sim,ph,
oname:conc_otype:lst_usecol:sim_time:680.0_obsid:wp4-f5_variable:so4,0.000603166,0.0,conc,,,wp4-f5,conc,lst,680.0,sim,so4,
oname:conc_otype:lst_usecol:sim_time:681.0_obsid:welopt-ly1_variable:so4,0.000388668,0.0,forecast,,,welopt-ly1,conc,lst,681.0,sim,so4,
oname:conc_otype:lst_usecol:sim_time:681.0_obsid:welopt-ly3_variable:o0,1.93998e-10,0.0,conc,,,welopt-ly3,conc,lst,681.0,sim,o0,
oname:conc_otype:lst_usecol:sim_time:681.0_obsid:welopt-ly3_variable:ph,6.64465,0.0,conc,,,welopt-ly3,conc,lst,681.0,sim,ph,
oname:conc_otype:lst_usecol:sim_time:681.0_obsid:welopt-ly3_variable:so4,0.000667542,0.0,forecast,,,welopt-ly3,conc,lst,681.0,sim,so4,
oname:conc_otype:lst_usecol:sim_time:681.0_obsid:welopt-ly5_variable:so4,0.000646629,0.0,forecast,,,welopt-ly5,conc,lst,681.0,sim,so4,
oname:conc_otype:lst_usecol:sim_time:681.0_obsid:wp1-f3_variable:o0,3.80652e-09,0.0,conc,,,wp1-f3,conc,lst,681.0,sim,o0,
oname:conc_otype:lst_usecol:sim_time:681.0_obsid:wp1-f3_variable:ph,6.77121,0.0,conc,,,wp1-f3,conc,lst,681.0,sim,ph,
oname:conc_otype:lst_usecol:sim_time:681.0_obsid:wp1-f3_variable:so4,0.000526705,0.0,conc,,,wp1-f3,conc,lst,681.0,sim,so4,
oname:conc_otype:lst_usecol:sim_time:681.0_obsid:wp4-f5_variable:o0,1.60467e-10,0.0,conc,,,wp4-f5,conc,lst,681.0,sim,o0,
oname:conc_otype:lst_usecol:sim_time:681.0_obsid:wp4-f5_variable:ph,6.68627,0.0,conc,,,wp4-f5,conc,lst,681.0,sim,ph,
oname:conc_otype:lst_usecol:sim_time:681.0_obsid:wp4-f5_variable:so4,0.000637809,0.0,conc,,,wp4-f5,conc,lst,681.0,sim,so4,
oname:conc_otype:lst_usecol:sim_time:682.0_obsid:welopt-ly1_variable:so4,0.000388668,0.0,forecast,,,welopt-ly1,conc,lst,682.0,sim,so4,
oname:conc_otype:lst_usecol:sim_time:682.0_obsid:welopt-ly3_variable:o0,1.93998e-10,0.0,conc,,,welopt-ly3,conc,lst,682.0,sim,o0,
oname:conc_otype:lst_usecol:sim_time:682.0_obsid:welopt-ly3_variable:ph,6.64465,0.0,conc,,,welopt-ly3,conc,lst,682.0,sim,ph,
oname:conc_otype:lst_usecol:sim_time:682.0_obsid:welopt-ly3_variable:so4,0.000667542,0.0,forecast,,,welopt-ly3,conc,lst,682.0,sim,so4,
oname:conc_otype:lst_usecol:sim_time:682.0_obsid:welopt-ly5_variable:so4,0.000646629,0.0,forecast,,,welopt-ly5,conc,lst,682.0,sim,so4,
oname:conc_otype:lst_usecol:sim_time:682.0_obsid:wp1-f3_variable:o0,3.80652e-09,0.0,conc,,,wp1-f3,conc,lst,682.0,sim,o0,
oname:conc_otype:lst_usecol:sim_time:682.0_obsid:wp1-f3_variable:ph,6.77121,0.0,conc,,,wp1-f3,conc,lst,682.0,sim,ph,
oname:conc_otype:lst_usecol:sim_time:682.0_obsid:wp1-f3_variable:so4,0.000526705,0.0,conc,,,wp1-f3,conc,lst,682.0,sim,so4,
oname:conc_otype:lst_usecol:sim_time:682.0_obsid:wp4-f5_variable:o0,1.60467e-10,0.0,conc,,,wp4-f5,conc,lst,682.0,sim,o0,
oname:conc_otype:lst_usecol:sim_time:682.0_obsid:wp4-f5_variable:ph,6.68627,0.0,conc,,,wp4-f5,conc,lst,682.0,sim,ph,
oname:conc_otype:lst_usecol:sim_time:682.0_obsid:wp4-f5_variable:so4,0.000637809,0.0,conc,,,wp4-f5,conc,lst,682.0,sim,so4,
oname:conc_otype:lst_usecol:sim_time:683.0_obsid:welopt-ly1_variable:so4,0.000388668,0.0,forecast,,,welopt-ly1,conc,lst,683.0,sim,so4,
oname:conc_otype:lst_usecol:sim_time:683.0_obsid:welopt-ly3_variable:o0,1.93998e-10,0.0,conc,,,welopt-ly3,conc,lst,683.0,sim,o0,
oname:conc_otype:lst_usecol:sim_time:683.0_obsid:welopt-ly3_variable:ph,6.64465,0.0,conc,,,welopt-ly3,conc,lst,683.0,sim,ph,
oname:conc_otype:lst_usecol:sim_time:683.0_obsid:welopt-ly3_variable:so4,0.000667542,0.0,forecast,,,welopt-ly3,conc,lst,683.0,sim,so4,
oname:conc_otype:lst_usecol:sim_time:683.0_obsid:welopt-ly5_variable:so4,0.000646629,0.0,forecast,,,welopt-ly5,conc,lst,683.0,sim,so4,
oname:conc_otype:lst_usecol:sim_time:683.0_obsid:wp1-f3_variable:o0,3.80652e-09,0.0,conc,,,wp1-f3,conc,lst,683.0,sim,o0,
oname:conc_otype:lst_usecol:sim_time:683.0_obsid:wp1-f3_variable:ph,6.77121,0.0,conc,,,wp1-f3,conc,lst,683.0,sim,ph,
oname:conc_otype:lst_usecol:sim_time:683.0_obsid:wp1-f3_variable:so4,0.000526705,0.0,conc,,,wp1-f3,conc,lst,683.0,sim,so4,
oname:conc_otype:lst_usecol:sim_time:683.0_obsid:wp4-f5_variable:o0,1.60467e-10,0.0,conc,,,wp4-f5,conc,lst,683.0,sim,o0,
oname:conc_otype:lst_usecol:sim_time:683.0_obsid:wp4-f5_variable:ph,6.68627,0.0,conc,,,wp4-f5,conc,lst,683.0,sim,ph,
oname:conc_otype:lst_usecol:sim_time:683.0_obsid:wp4-f5_variable:so4,0.000637809,0.0,conc,,,wp4-f5,conc,lst,683.0,sim,so4,
oname:conc_otype:lst_usecol:sim_time:684.0_obsid:welopt-ly1_variable:so4,0.000388668,0.0,forecast,,,welopt-ly1,conc,lst,684.0,sim,so4,
oname:conc_otype:lst_usecol:sim_time:684.0_obsid:welopt-ly3_variable:o0,1.93998e-10,0.0,conc,,,welopt-ly3,conc,lst,684.0,sim,o0,
oname:conc_otype:lst_usecol:sim_time:684.0_obsid:welopt-ly3_variable:ph,6.64465,0.0,conc,,,welopt-ly3,conc,lst,684.0,sim,ph,
oname:conc_otype:lst_usecol:sim_time:684.0_obsid:welopt-ly3_variable:so4,0.000667542,0.0,forecast,,,welopt-ly3,conc,lst,684.0,sim,so4,
oname:conc_otype:lst_usecol:sim_time:684.0_obsid:welopt-ly5_variable:so4,0.000646629,0.0,forecast,,,welopt-ly5,conc,lst,684.0,sim,so4,
oname:conc_otype:lst_usecol:sim_time:684.0_obsid:wp1-f3_variable:o0,3.80652e-09,0.0,conc,,,wp1-f3,conc,lst,684.0,sim,o0,
oname:conc_otype:lst_usecol:sim_time:684.0_obsid:wp1-f3_variable:ph,6.77121,0.0,conc,,,wp1-f3,conc,lst,684.0,sim,ph,
oname:conc_otype:lst_usecol:sim_time:684.0_obsid:wp1-f3_variable:so4,0.000526705,0.0,conc,,,wp1-f3,conc,lst,684.0,sim,so4,
oname:conc_otype:lst_usecol:sim_time:684.0_obsid:wp4-f5_variable:o0,1.60467e-10,0.0,conc,,,wp4-f5,conc,lst,684.0,sim,o0,
oname:conc_otype:lst_usecol:sim_time:684.0_obsid:wp4-f5_variable:ph,6.68627,0.0,conc,,,wp4-f5,conc,lst,684.0,sim,ph,
oname:conc_otype:lst_usecol:sim_time:684.0_obsid:wp4-f5_variable:so4,0.000637809,0.0,conc,,,wp4-f5,conc,lst,684.0,sim,so4,
oname:conc_otype:lst_usecol:sim_time:685.0_obsid:welopt-ly1_variable:so4,0.000388668,0.0,forecast,,,welopt-ly1,conc,lst,685.0,sim,so4,
oname:conc_otype:lst_usecol:sim_time:685.0_obsid:welopt-ly3_variable:o0,1.93998e-10,0.0,conc,,,welopt-ly3,conc,lst,685.0,sim,o0,
oname:conc_otype:lst_usecol:sim_time:685.0_obsid:welopt-ly3_variable:ph,6.64465,0.0,conc,,,welopt-ly3,conc,lst,685.0,sim,ph,
oname:conc_otype:lst_usecol:sim_time:685.0_obsid:welopt-ly3_variable:so4,0.000667542,0.0,forecast,,,welopt-ly3,conc,lst,685.0,sim,so4,
oname:conc_otype:lst_usecol:sim_time:685.0_obsid:welopt-ly5_variable:so4,0.000646629,0.0,forecast,,,welopt-ly5,conc,lst,685.0,sim,so4,
oname:conc_otype:lst_usecol:sim_time:685.0_obsid:wp1-f3_variable:o0,3.80652e-09,0.0,conc,,,wp1-f3,conc,lst,685.0,sim,o0,
oname:conc_otype:lst_usecol:sim_time:685.0_obsid:wp1-f3_variable:ph,6.77121,0.0,conc,,,wp1-f3,conc,lst,685.0,sim,ph,
oname:conc_otype:lst_usecol:sim_time:685.0_obsid:wp1-f3_variable:so4,0.000526705,0.0,conc,,,wp1-f3,conc,lst,685.0,sim,so4,
oname:conc_otype:lst_usecol:sim_time:685.0_obsid:wp4-f5_variable:o0,1.60467e-10,0.0,conc,,,wp4-f5,conc,lst,685.0,sim,o0,
oname:conc_otype:lst_usecol:sim_time:685.0_obsid:wp4-f5_variable:ph,6.68627,0.0,conc,,,wp4-f5,conc,lst,685.0,sim,ph,
oname:conc_otype:lst_usecol:sim_time:685.0_obsid:wp4-f5_variable:so4,0.000637809,0.0,conc,,,wp4-f5,conc,lst,685.0,sim,so4,
oname:conc_otype:lst_usecol:sim_time:686.0_obsid:welopt-ly1_variable:so4,0.000388668,0.0,forecast,,,welopt-ly1,conc,lst,686.0,sim,so4,
oname:conc_otype:lst_usecol:sim_time:686.0_obsid:welopt-ly3_variable:o0,1.93998e-10,0.0,conc,,,welopt-ly3,conc,lst,686.0,sim,o0,
oname:conc_otype:lst_usecol:sim_time:686.0_obsid:welopt-ly3_variable:ph,6.64465,0.0,conc,,,welopt-ly3,conc,lst,686.0,sim,ph,
oname:conc_otype:lst_usecol:sim_time:686.0_obsid:welopt-ly3_variable:so4,0.000667542,0.0,forecast,,,welopt-ly3,conc,lst,686.0,sim,so4,
oname:conc_otype:lst_usecol:sim_time:686.0_obsid:welopt-ly5_variable:so4,0.000646629,0.0,forecast,,,welopt-ly5,conc,lst,686.0,sim,so4,
oname:conc_otype:lst_usecol:sim_time:686.0_obsid:wp1-f3_variable:o0,3.80652e-09,0.0,conc,,,wp1-f3,conc,lst,686.0,sim,o0,
oname:conc_otype:lst_usecol:sim_time:686.0_obsid:wp1-f3_variable:ph,6.77121,0.0,conc,,,wp1-f3,conc,lst,686.0,sim,ph,
oname:conc_otype:lst_usecol:sim_time:686.0_obsid:wp1-f3_variable:so4,0.000526705,0.0,conc,,,wp1-f3,conc,lst,686.0,sim,so4,
oname:conc_otype:lst_usecol:sim_time:686.0_obsid:wp4-f5_variable:o0,1.60467e-10,0.0,conc,,,wp4-f5,conc,lst,686.0,sim,o0,
oname:conc_otype:lst_usecol:sim_time:686.0_obsid:wp4-f5_variable:ph,6.68627,0.0,conc,,,wp4-f5,conc,lst,686.0,sim,ph,
oname:conc_otype:lst_usecol:sim_time:686.0_obsid:wp4-f5_variable:so4,0.000637809,0.0,conc,,,wp4-f5,conc,lst,686.0,sim,so4,
oname:conc_otype:lst_usecol:sim_time:687.0_obsid:welopt-ly1_variable:so4,0.000388668,0.0,forecast,,,welopt-ly1,conc,lst,687.0,sim,so4,
oname:conc_otype:lst_usecol:sim_time:687.0_obsid:welopt-ly3_variable:o0,1.93998e-10,0.0,conc,,,welopt-ly3,conc,lst,687.0,sim,o0,
oname:conc_otype:lst_usecol:sim_time:687.0_obsid:welopt-ly3_variable:ph,6.64465,0.0,conc,,,welopt-ly3,conc,lst,687.0,sim,ph,
oname:conc_otype:lst_usecol:sim_time:687.0_obsid:welopt-ly3_variable:so4,0.000667542,0.0,forecast,,,welopt-ly3,conc,lst,687.0,sim,so4,
oname:conc_otype:lst_usecol:sim_time:687.0_obsid:welopt-ly5_variable:so4,0.000646629,0.0,forecast,,,welopt-ly5,conc,lst,687.0,sim,so4,
oname:conc_otype:lst_usecol:sim_time:687.0_obsid:wp1-f3_variable:o0,3.80652e-09,0.0,conc,,,wp1-f3,conc,lst,687.0,sim,o0,
oname:conc_otype:lst_usecol:sim_time:687.0_obsid:wp1-f3_variable:ph,6.77121,0.0,conc,,,wp1-f3,conc,lst,687.0,sim,ph,
oname:conc_otype:lst_usecol:sim_time:687.0_obsid:wp1-f3_variable:so4,0.000526705,0.0,conc,,,wp1-f3,conc,lst,687.0,sim,so4,
oname:conc_otype:lst_usecol:sim_time:687.0_obsid:wp4-f5_variable:o0,1.60467e-10,0.0,conc,,,wp4-f5,conc,lst,687.0,sim,o0,
oname:conc_otype:lst_usecol:sim_time:687.0_obsid:wp4-f5_variable:ph,6.68627,0.0,conc,,,wp4-f5,conc,lst,687.0,sim,ph,
oname:conc_otype:lst_usecol:sim_time:687.0_obsid:wp4-f5_variable:so4,0.000637809,0.0,conc,,,wp4-f5,conc,lst,687.0,sim,so4,
oname:conc_otype:lst_usecol:sim_time:688.0_obsid:welopt-ly1_variable:so4,0.000394182,0.0,forecast,,,welopt-ly1,conc,lst,688.0,sim,so4,
oname:conc_otype:lst_usecol:sim_time:688.0_obsid:welopt-ly3_variable:o0,1.62274e-10,0.0,conc,,,welopt-ly3,conc,lst,688.0,sim,o0,
oname:conc_otype:lst_usecol:sim_time:688.0_obsid:welopt-ly3_variable:ph,6.6652,0.0,conc,,,welopt-ly3,conc,lst,688.0,sim,ph,
oname:conc_otype:lst_usecol:sim_time:688.0_obsid:welopt-ly3_variable:so4,0.000666783,0.0,forecast,,,welopt-ly3,conc,lst,688.0,sim,so4,
oname:conc_otype:lst_usecol:sim_time:688.0_obsid:welopt-ly5_variable:so4,0.000668244,0.0,forecast,,,welopt-ly5,conc,lst,688.0,sim,so4,
oname:conc_otype:lst_usecol:sim_time:688.0_obsid:wp1-f3_variable:o0,3.34347e-09,0.0,conc,,,wp1-f3,conc,lst,688.0,sim,o0,
oname:conc_otype:lst_usecol:sim_time:688.0_obsid:wp1-f3_variable:ph,6.77815,0.0,conc,,,wp1-f3,conc,lst,688.0,sim,ph,
oname:conc_otype:lst_usecol:sim_time:688.0_obsid:wp1-f3_variable:so4,0.000536582,0.0,conc,,,wp1-f3,conc,lst,688.0,sim,so4,
oname:conc_otype:lst_usecol:sim_time:688.0_obsid:wp4-f5_variable:o0,1.03558e-10,0.0,conc,,,wp4-f5,conc,lst,688.0,sim,o0,
oname:conc_otype:lst_usecol:sim_time:688.0_obsid:wp4-f5_variable:ph,6.77093,0.0,conc,,,wp4-f5,conc,lst,688.0,sim,ph,
oname:conc_otype:lst_usecol:sim_time:688.0_obsid:wp4-f5_variable:so4,0.000674618,0.0,conc,,,wp4-f5,conc,lst,688.0,sim,so4,
oname:conc_otype:lst_usecol:sim_time:689.0_obsid:welopt-ly1_variable:so4,0.000394182,0.0,forecast,,,welopt-ly1,conc,lst,689.0,sim,so4,
oname:conc_otype:lst_usecol:sim_time:689.0_obsid:welopt-ly3_variable:o0,1.62274e-10,0.0,conc,,,welopt-ly3,conc,lst,689.0,sim,o0,
oname:conc_otype:lst_usecol:sim_time:689.0_obsid:welopt-ly3_variable:ph,6.6652,0.0,conc,,,welopt-ly3,conc,lst,689.0,sim,ph,
oname:conc_otype:lst_usecol:sim_time:689.0_obsid:welopt-ly3_variable:so4,0.000666783,0.0,forecast,,,welopt-ly3,conc,lst,689.0,sim,so4,
oname:conc_otype:lst_usecol:sim_time:689.0_obsid:welopt-ly5_variable:so4,0.000668244,0.0,forecast,,,welopt-ly5,conc,lst,689.0,sim,so4,
oname:conc_otype:lst_usecol:sim_time:689.0_obsid:wp1-f3_variable:o0,3.34347e-09,0.0,conc,,,wp1-f3,conc,lst,689.0,sim,o0,
oname:conc_otype:lst_usecol:sim_time:689.0_obsid:wp1-f3_variable:ph,6.77815,0.0,conc,,,wp1-f3,conc,lst,689.0,sim,ph,
oname:conc_otype:lst_usecol:sim_time:689.0_obsid:wp1-f3_variable:so4,0.000536582,0.0,conc,,,wp1-f3,conc,lst,689.0,sim,so4,
oname:conc_otype:lst_usecol:sim_time:689.0_obsid:wp4-f5_variable:o0,1.03558e-10,0.0,conc,,,wp4-f5,conc,lst,689.0,sim,o0,
oname:conc_otype:lst_usecol:sim_time:689.0_obsid:wp4-f5_variable:ph,6.77093,0.0,conc,,,wp4-f5,conc,lst,689.0,sim,ph,
oname:conc_otype:lst_usecol:sim_time:689.0_obsid:wp4-f5_variable:so4,0.000674618,0.0,conc,,,wp4-f5,conc,lst,689.0,sim,so4,
oname:conc_otype:lst_usecol:sim_time:69.0_obsid:welopt-ly3_variable:o0,0.0,0.0,conc,,,welopt-ly3,conc,lst,69.0,sim,o0,
oname:conc_otype:lst_usecol:sim_time:69.0_obsid:welopt-ly3_variable:ph,6.67491,0.0,conc,,,welopt-ly3,conc,lst,69.0,sim,ph,
oname:conc_otype:lst_usecol:sim_time:69.0_obsid:welopt-ly3_variable:so4,5.5104e-05,0.0,conc,,,welopt-ly3,conc,lst,69.0,sim,so4,
oname:conc_otype:lst_usecol:sim_time:69.0_obsid:wp1-f3_variable:o0,2.24924e-10,3065.696697424829,conc,,,wp1-f3,conc,lst,69.0,sim,o0,0.000326190128606
oname:conc_otype:lst_usecol:sim_time:69.0_obsid:wp1-f3_variable:ph,6.70644,0.6131393394849658,conc,,,wp1-f3,conc,lst,69.0,sim,ph,1.6309506430300091
oname:conc_otype:lst_usecol:sim_time:69.0_obsid:wp1-f3_variable:so4,0.000739218,1226.2786789699317,conc,,,wp1-f3,conc,lst,69.0,sim,so4,0.000815475321515
oname:conc_otype:lst_usecol:sim_time:69.0_obsid:wp4-f5_variable:o0,1.38747e-35,3143.4730673096574,conc,,,wp4-f5,conc,lst,69.0,sim,o0,0.0003181194744117
oname:conc_otype:lst_usecol:sim_time:69.0_obsid:wp4-f5_variable:ph,6.6281,0.6286946134619315,conc,,,wp4-f5,conc,lst,69.0,sim,ph,1.5905973720586868
oname:conc_otype:lst_usecol:sim_time:69.0_obsid:wp4-f5_variable:so4,0.00018409,1048.7271350453038,conc,,,wp4-f5,conc,lst,69.0,sim,so4,0.0009535368796925
oname:conc_otype:lst_usecol:sim_time:690.0_obsid:welopt-ly1_variable:so4,0.000394182,0.0,forecast,,,welopt-ly1,conc,lst,690.0,sim,so4,
oname:conc_otype:lst_usecol:sim_time:690.0_obsid:welopt-ly3_variable:o0,1.62274e-10,0.0,conc,,,welopt-ly3,conc,lst,690.0,sim,o0,
oname:conc_otype:lst_usecol:sim_time:690.0_obsid:welopt-ly3_variable:ph,6.6652,0.0,conc,,,welopt-ly3,conc,lst,690.0,sim,ph,
oname:conc_otype:lst_usecol:sim_time:690.0_obsid:welopt-ly3_variable:so4,0.000666783,0.0,forecast,,,welopt-ly3,conc,lst,690.0,sim,so4,
oname:conc_otype:lst_usecol:sim_time:690.0_obsid:welopt-ly5_variable:so4,0.000668244,0.0,forecast,,,welopt-ly5,conc,lst,690.0,sim,so4,
oname:conc_otype:lst_usecol:sim_time:690.0_obsid:wp1-f3_variable:o0,3.34347e-09,0.0,conc,,,wp1-f3,conc,lst,690.0,sim,o0,
oname:conc_otype:lst_usecol:sim_time:690.0_obsid:wp1-f3_variable:ph,6.77815,0.0,conc,,,wp1-f3,conc,lst,690.0,sim,ph,
oname:conc_otype:lst_usecol:sim_time:690.0_obsid:wp1-f3_variable:so4,0.000536582,0.0,conc,,,wp1-f3,conc,lst,690.0,sim,so4,
oname:conc_otype:lst_usecol:sim_time:690.0_obsid:wp4-f5_variable:o0,1.03558e-10,0.0,conc,,,wp4-f5,conc,lst,690.0,sim,o0,
oname:conc_otype:lst_usecol:sim_time:690.0_obsid:wp4-f5_variable:ph,6.77093,0.0,conc,,,wp4-f5,conc,lst,690.0,sim,ph,
oname:conc_otype:lst_usecol:sim_time:690.0_obsid:wp4-f5_variable:so4,0.000674618,0.0,conc,,,wp4-f5,conc,lst,690.0,sim,so4,
oname:conc_otype:lst_usecol:sim_time:691.0_obsid:welopt-ly1_variable:so4,0.000394182,0.0,forecast,,,welopt-ly1,conc,lst,691.0,sim,so4,
oname:conc_otype:lst_usecol:sim_time:691.0_obsid:welopt-ly3_variable:o0,1.62274e-10,0.0,conc,,,welopt-ly3,conc,lst,691.0,sim,o0,
oname:conc_otype:lst_usecol:sim_time:691.0_obsid:welopt-ly3_variable:ph,6.6652,0.0,conc,,,welopt-ly3,conc,lst,691.0,sim,ph,
oname:conc_otype:lst_usecol:sim_time:691.0_obsid:welopt-ly3_variable:so4,0.000666783,0.0,forecast,,,welopt-ly3,conc,lst,691.0,sim,so4,
oname:conc_otype:lst_usecol:sim_time:691.0_obsid:welopt-ly5_variable:so4,0.000668244,0.0,forecast,,,welopt-ly5,conc,lst,691.0,sim,so4,
oname:conc_otype:lst_usecol:sim_time:691.0_obsid:wp1-f3_variable:o0,3.34347e-09,0.0,conc,,,wp1-f3,conc,lst,691.0,sim,o0,
oname:conc_otype:lst_usecol:sim_time:691.0_obsid:wp1-f3_variable:ph,6.77815,0.0,conc,,,wp1-f3,conc,lst,691.0,sim,ph,
oname:conc_otype:lst_usecol:sim_time:691.0_obsid:wp1-f3_variable:so4,0.000536582,0.0,conc,,,wp1-f3,conc,lst,691.0,sim,so4,
oname:conc_otype:lst_usecol:sim_time:691.0_obsid:wp4-f5_variable:o0,1.03558e-10,0.0,conc,,,wp4-f5,conc,lst,691.0,sim,o0,
oname:conc_otype:lst_usecol:sim_time:691.0_obsid:wp4-f5_variable:ph,6.77093,0.0,conc,,,wp4-f5,conc,lst,691.0,sim,ph,
oname:conc_otype:lst_usecol:sim_time:691.0_obsid:wp4-f5_variable:so4,0.000674618,0.0,conc,,,wp4-f5,conc,lst,691.0,sim,so4,
oname:conc_otype:lst_usecol:sim_time:692.0_obsid:welopt-ly1_variable:so4,0.000394182,0.0,forecast,,,welopt-ly1,conc,lst,692.0,sim,so4,
oname:conc_otype:lst_usecol:sim_time:692.0_obsid:welopt-ly3_variable:o0,1.62274e-10,0.0,conc,,,welopt-ly3,conc,lst,692.0,sim,o0,
oname:conc_otype:lst_usecol:sim_time:692.0_obsid:welopt-ly3_variable:ph,6.6652,0.0,conc,,,welopt-ly3,conc,lst,692.0,sim,ph,
oname:conc_otype:lst_usecol:sim_time:692.0_obsid:welopt-ly3_variable:so4,0.000666783,0.0,forecast,,,welopt-ly3,conc,lst,692.0,sim,so4,
oname:conc_otype:lst_usecol:sim_time:692.0_obsid:welopt-ly5_variable:so4,0.000668244,0.0,forecast,,,welopt-ly5,conc,lst,692.0,sim,so4,
oname:conc_otype:lst_usecol:sim_time:692.0_obsid:wp1-f3_variable:o0,3.34347e-09,0.0,conc,,,wp1-f3,conc,lst,692.0,sim,o0,
oname:conc_otype:lst_usecol:sim_time:692.0_obsid:wp1-f3_variable:ph,6.77815,0.0,conc,,,wp1-f3,conc,lst,692.0,sim,ph,
oname:conc_otype:lst_usecol:sim_time:692.0_obsid:wp1-f3_variable:so4,0.000536582,0.0,conc,,,wp1-f3,conc,lst,692.0,sim,so4,
oname:conc_otype:lst_usecol:sim_time:692.0_obsid:wp4-f5_variable:o0,1.03558e-10,0.0,conc,,,wp4-f5,conc,lst,692.0,sim,o0,
oname:conc_otype:lst_usecol:sim_time:692.0_obsid:wp4-f5_variable:ph,6.77093,0.0,conc,,,wp4-f5,conc,lst,692.0,sim,ph,
oname:conc_otype:lst_usecol:sim_time:692.0_obsid:wp4-f5_variable:so4,0.000674618,0.0,conc,,,wp4-f5,conc,lst,692.0,sim,so4,
oname:conc_otype:lst_usecol:sim_time:693.0_obsid:welopt-ly1_variable:so4,0.000394182,0.0,forecast,,,welopt-ly1,conc,lst,693.0,sim,so4,
oname:conc_otype:lst_usecol:sim_time:693.0_obsid:welopt-ly3_variable:o0,1.62274e-10,0.0,conc,,,welopt-ly3,conc,lst,693.0,sim,o0,
oname:conc_otype:lst_usecol:sim_time:693.0_obsid:welopt-ly3_variable:ph,6.6652,0.0,conc,,,welopt-ly3,conc,lst,693.0,sim,ph,
oname:conc_otype:lst_usecol:sim_time:693.0_obsid:welopt-ly3_variable:so4,0.000666783,0.0,forecast,,,welopt-ly3,conc,lst,693.0,sim,so4,
oname:conc_otype:lst_usecol:sim_time:693.0_obsid:welopt-ly5_variable:so4,0.000668244,0.0,forecast,,,welopt-ly5,conc,lst,693.0,sim,so4,
oname:conc_otype:lst_usecol:sim_time:693.0_obsid:wp1-f3_variable:o0,3.34347e-09,0.0,conc,,,wp1-f3,conc,lst,693.0,sim,o0,
oname:conc_otype:lst_usecol:sim_time:693.0_obsid:wp1-f3_variable:ph,6.77815,0.0,conc,,,wp1-f3,conc,lst,693.0,sim,ph,
oname:conc_otype:lst_usecol:sim_time:693.0_obsid:wp1-f3_variable:so4,0.000536582,0.0,conc,,,wp1-f3,conc,lst,693.0,sim,so4,
oname:conc_otype:lst_usecol:sim_time:693.0_obsid:wp4-f5_variable:o0,1.03558e-10,0.0,conc,,,wp4-f5,conc,lst,693.0,sim,o0,
oname:conc_otype:lst_usecol:sim_time:693.0_obsid:wp4-f5_variable:ph,6.77093,0.0,conc,,,wp4-f5,conc,lst,693.0,sim,ph,
oname:conc_otype:lst_usecol:sim_time:693.0_obsid:wp4-f5_variable:so4,0.000674618,0.0,conc,,,wp4-f5,conc,lst,693.0,sim,so4,
oname:conc_otype:lst_usecol:sim_time:694.0_obsid:welopt-ly1_variable:so4,0.000394182,0.0,forecast,,,welopt-ly1,conc,lst,694.0,sim,so4,
oname:conc_otype:lst_usecol:sim_time:694.0_obsid:welopt-ly3_variable:o0,1.62274e-10,0.0,conc,,,welopt-ly3,conc,lst,694.0,sim,o0,
oname:conc_otype:lst_usecol:sim_time:694.0_obsid:welopt-ly3_variable:ph,6.6652,0.0,conc,,,welopt-ly3,conc,lst,694.0,sim,ph,
oname:conc_otype:lst_usecol:sim_time:694.0_obsid:welopt-ly3_variable:so4,0.000666783,0.0,forecast,,,welopt-ly3,conc,lst,694.0,sim,so4,
oname:conc_otype:lst_usecol:sim_time:694.0_obsid:welopt-ly5_variable:so4,0.000668244,0.0,forecast,,,welopt-ly5,conc,lst,694.0,sim,so4,
oname:conc_otype:lst_usecol:sim_time:694.0_obsid:wp1-f3_variable:o0,3.34347e-09,0.0,conc,,,wp1-f3,conc,lst,694.0,sim,o0,
oname:conc_otype:lst_usecol:sim_time:694.0_obsid:wp1-f3_variable:ph,6.77815,0.0,conc,,,wp1-f3,conc,lst,694.0,sim,ph,
oname:conc_otype:lst_usecol:sim_time:694.0_obsid:wp1-f3_variable:so4,0.000536582,0.0,conc,,,wp1-f3,conc,lst,694.0,sim,so4,
oname:conc_otype:lst_usecol:sim_time:694.0_obsid:wp4-f5_variable:o0,1.03558e-10,0.0,conc,,,wp4-f5,conc,lst,694.0,sim,o0,
oname:conc_otype:lst_usecol:sim_time:694.0_obsid:wp4-f5_variable:ph,6.77093,0.0,conc,,,wp4-f5,conc,lst,694.0,sim,ph,
oname:conc_otype:lst_usecol:sim_time:694.0_obsid:wp4-f5_variable:so4,0.000674618,0.0,conc,,,wp4-f5,conc,lst,694.0,sim,so4,
oname:conc_otype:lst_usecol:sim_time:695.0_obsid:welopt-ly1_variable:so4,0.00039953,0.0,forecast,,,welopt-ly1,conc,lst,695.0,sim,so4,
oname:conc_otype:lst_usecol:sim_time:695.0_obsid:welopt-ly3_variable:o0,1.38017e-10,0.0,conc,,,welopt-ly3,conc,lst,695.0,sim,o0,
oname:conc_otype:lst_usecol:sim_time:695.0_obsid:welopt-ly3_variable:ph,6.68289,0.0,conc,,,welopt-ly3,conc,lst,695.0,sim,ph,
oname:conc_otype:lst_usecol:sim_time:695.0_obsid:welopt-ly3_variable:so4,0.000672047,0.0,forecast,,,welopt-ly3,conc,lst,695.0,sim,so4,
oname:conc_otype:lst_usecol:sim_time:695.0_obsid:welopt-ly5_variable:so4,0.000682878,0.0,forecast,,,welopt-ly5,conc,lst,695.0,sim,so4,
oname:conc_otype:lst_usecol:sim_time:695.0_obsid:wp1-f3_variable:o0,1.80745e-09,0.0,conc,,,wp1-f3,conc,lst,695.0,sim,o0,
oname:conc_otype:lst_usecol:sim_time:695.0_obsid:wp1-f3_variable:ph,6.78096,0.0,conc,,,wp1-f3,conc,lst,695.0,sim,ph,
oname:conc_otype:lst_usecol:sim_time:695.0_obsid:wp1-f3_variable:so4,0.000539799,0.0,conc,,,wp1-f3,conc,lst,695.0,sim,so4,
oname:conc_otype:lst_usecol:sim_time:695.0_obsid:wp4-f5_variable:o0,8.97593e-11,0.0,conc,,,wp4-f5,conc,lst,695.0,sim,o0,
oname:conc_otype:lst_usecol:sim_time:695.0_obsid:wp4-f5_variable:ph,6.79091,0.0,conc,,,wp4-f5,conc,lst,695.0,sim,ph,
oname:conc_otype:lst_usecol:sim_time:695.0_obsid:wp4-f5_variable:so4,0.000690215,0.0,conc,,,wp4-f5,conc,lst,695.0,sim,so4,
oname:conc_otype:lst_usecol:sim_time:696.0_obsid:welopt-ly1_variable:so4,0.00039953,0.0,forecast,,,welopt-ly1,conc,lst,696.0,sim,so4,
oname:conc_otype:lst_usecol:sim_time:696.0_obsid:welopt-ly3_variable:o0,1.38017e-10,0.0,conc,,,welopt-ly3,conc,lst,696.0,sim,o0,
oname:conc_otype:lst_usecol:sim_time:696.0_obsid:welopt-ly3_variable:ph,6.68289,0.0,conc,,,welopt-ly3,conc,lst,696.0,sim,ph,
oname:conc_otype:lst_usecol:sim_time:696.0_obsid:welopt-ly3_variable:so4,0.000672047,0.0,forecast,,,welopt-ly3,conc,lst,696.0,sim,so4,
oname:conc_otype:lst_usecol:sim_time:696.0_obsid:welopt-ly5_variable:so4,0.000682878,0.0,forecast,,,welopt-ly5,conc,lst,696.0,sim,so4,
oname:conc_otype:lst_usecol:sim_time:696.0_obsid:wp1-f3_variable:o0,1.80745e-09,0.0,conc,,,wp1-f3,conc,lst,696.0,sim,o0,
oname:conc_otype:lst_usecol:sim_time:696.0_obsid:wp1-f3_variable:ph,6.78096,0.0,conc,,,wp1-f3,conc,lst,696.0,sim,ph,
oname:conc_otype:lst_usecol:sim_time:696.0_obsid:wp1-f3_variable:so4,0.000539799,0.0,conc,,,wp1-f3,conc,lst,696.0,sim,so4,
oname:conc_otype:lst_usecol:sim_time:696.0_obsid:wp4-f5_variable:o0,8.97593e-11,0.0,conc,,,wp4-f5,conc,lst,696.0,sim,o0,
oname:conc_otype:lst_usecol:sim_time:696.0_obsid:wp4-f5_variable:ph,6.79091,0.0,conc,,,wp4-f5,conc,lst,696.0,sim,ph,
oname:conc_otype:lst_usecol:sim_time:696.0_obsid:wp4-f5_variable:so4,0.000690215,0.0,conc,,,wp4-f5,conc,lst,696.0,sim,so4,
oname:conc_otype:lst_usecol:sim_time:697.0_obsid:welopt-ly1_variable:so4,0.00039953,0.0,forecast,,,welopt-ly1,conc,lst,697.0,sim,so4,
oname:conc_otype:lst_usecol:sim_time:697.0_obsid:welopt-ly3_variable:o0,1.38017e-10,0.0,conc,,,welopt-ly3,conc,lst,697.0,sim,o0,
oname:conc_otype:lst_usecol:sim_time:697.0_obsid:welopt-ly3_variable:ph,6.68289,0.0,conc,,,welopt-ly3,conc,lst,697.0,sim,ph,
oname:conc_otype:lst_usecol:sim_time:697.0_obsid:welopt-ly3_variable:so4,0.000672047,0.0,forecast,,,welopt-ly3,conc,lst,697.0,sim,so4,
oname:conc_otype:lst_usecol:sim_time:697.0_obsid:welopt-ly5_variable:so4,0.000682878,0.0,forecast,,,welopt-ly5,conc,lst,697.0,sim,so4,
oname:conc_otype:lst_usecol:sim_time:697.0_obsid:wp1-f3_variable:o0,1.80745e-09,0.0,conc,,,wp1-f3,conc,lst,697.0,sim,o0,
oname:conc_otype:lst_usecol:sim_time:697.0_obsid:wp1-f3_variable:ph,6.78096,0.0,conc,,,wp1-f3,conc,lst,697.0,sim,ph,
oname:conc_otype:lst_usecol:sim_time:697.0_obsid:wp1-f3_variable:so4,0.000539799,0.0,conc,,,wp1-f3,conc,lst,697.0,sim,so4,
oname:conc_otype:lst_usecol:sim_time:697.0_obsid:wp4-f5_variable:o0,8.97593e-11,0.0,conc,,,wp4-f5,conc,lst,697.0,sim,o0,
oname:conc_otype:lst_usecol:sim_time:697.0_obsid:wp4-f5_variable:ph,6.79091,0.0,conc,,,wp4-f5,conc,lst,697.0,sim,ph,
oname:conc_otype:lst_usecol:sim_time:697.0_obsid:wp4-f5_variable:so4,0.000690215,0.0,conc,,,wp4-f5,conc,lst,697.0,sim,so4,
oname:conc_otype:lst_usecol:sim_time:698.0_obsid:welopt-ly1_variable:so4,0.00039953,0.0,forecast,,,welopt-ly1,conc,lst,698.0,sim,so4,
oname:conc_otype:lst_usecol:sim_time:698.0_obsid:welopt-ly3_variable:o0,1.38017e-10,0.0,conc,,,welopt-ly3,conc,lst,698.0,sim,o0,
oname:conc_otype:lst_usecol:sim_time:698.0_obsid:welopt-ly3_variable:ph,6.68289,0.0,conc,,,welopt-ly3,conc,lst,698.0,sim,ph,
oname:conc_otype:lst_usecol:sim_time:698.0_obsid:welopt-ly3_variable:so4,0.000672047,0.0,forecast,,,welopt-ly3,conc,lst,698.0,sim,so4,
oname:conc_otype:lst_usecol:sim_time:698.0_obsid:welopt-ly5_variable:so4,0.000682878,0.0,forecast,,,welopt-ly5,conc,lst,698.0,sim,so4,
oname:conc_otype:lst_usecol:sim_time:698.0_obsid:wp1-f3_variable:o0,1.80745e-09,0.0,conc,,,wp1-f3,conc,lst,698.0,sim,o0,
oname:conc_otype:lst_usecol:sim_time:698.0_obsid:wp1-f3_variable:ph,6.78096,0.0,conc,,,wp1-f3,conc,lst,698.0,sim,ph,
oname:conc_otype:lst_usecol:sim_time:698.0_obsid:wp1-f3_variable:so4,0.000539799,0.0,conc,,,wp1-f3,conc,lst,698.0,sim,so4,
oname:conc_otype:lst_usecol:sim_time:698.0_obsid:wp4-f5_variable:o0,8.97593e-11,0.0,conc,,,wp4-f5,conc,lst,698.0,sim,o0,
oname:conc_otype:lst_usecol:sim_time:698.0_obsid:wp4-f5_variable:ph,6.79091,0.0,conc,,,wp4-f5,conc,lst,698.0,sim,ph,
oname:conc_otype:lst_usecol:sim_time:698.0_obsid:wp4-f5_variable:so4,0.000690215,0.0,conc,,,wp4-f5,conc,lst,698.0,sim,so4,
oname:conc_otype:lst_usecol:sim_time:699.0_obsid:welopt-ly1_variable:so4,0.00039953,0.0,forecast,,,welopt-ly1,conc,lst,699.0,sim,so4,
oname:conc_otype:lst_usecol:sim_time:699.0_obsid:welopt-ly3_variable:o0,1.38017e-10,0.0,conc,,,welopt-ly3,conc,lst,699.0,sim,o0,
oname:conc_otype:lst_usecol:sim_time:699.0_obsid:welopt-ly3_variable:ph,6.68289,0.0,conc,,,welopt-ly3,conc,lst,699.0,sim,ph,
oname:conc_otype:lst_usecol:sim_time:699.0_obsid:welopt-ly3_variable:so4,0.000672047,0.0,forecast,,,welopt-ly3,conc,lst,699.0,sim,so4,
oname:conc_otype:lst_usecol:sim_time:699.0_obsid:welopt-ly5_variable:so4,0.000682878,0.0,forecast,,,welopt-ly5,conc,lst,699.0,sim,so4,
oname:conc_otype:lst_usecol:sim_time:699.0_obsid:wp1-f3_variable:o0,1.80745e-09,0.0,conc,,,wp1-f3,conc,lst,699.0,sim,o0,
oname:conc_otype:lst_usecol:sim_time:699.0_obsid:wp1-f3_variable:ph,6.78096,0.0,conc,,,wp1-f3,conc,lst,699.0,sim,ph,
oname:conc_otype:lst_usecol:sim_time:699.0_obsid:wp1-f3_variable:so4,0.000539799,0.0,conc,,,wp1-f3,conc,lst,699.0,sim,so4,
oname:conc_otype:lst_usecol:sim_time:699.0_obsid:wp4-f5_variable:o0,8.97593e-11,0.0,conc,,,wp4-f5,conc,lst,699.0,sim,o0,
oname:conc_otype:lst_usecol:sim_time:699.0_obsid:wp4-f5_variable:ph,6.79091,0.0,conc,,,wp4-f5,conc,lst,699.0,sim,ph,
oname:conc_otype:lst_usecol:sim_time:699.0_obsid:wp4-f5_variable:so4,0.000690215,0.0,conc,,,wp4-f5,conc,lst,699.0,sim,so4,
oname:conc_otype:lst_usecol:sim_time:699.981_obsid:wp4-f5_variable:ph,6.79091,0.0,conc,,,wp4-f5,conc,lst,699.981,sim,ph,
oname:conc_otype:lst_usecol:sim_time:699.981_obsid:wp4-f5_variable:so4,0.000690215,0.0,conc,,,wp4-f5,conc,lst,699.981,sim,so4,
oname:conc_otype:lst_usecol:sim_time:7.0_obsid:welopt-ly3_variable:o0,0.0,0.0,conc,,,welopt-ly3,conc,lst,7.0,sim,o0,
oname:conc_otype:lst_usecol:sim_time:7.0_obsid:welopt-ly3_variable:ph,6.67491,0.0,conc,,,welopt-ly3,conc,lst,7.0,sim,ph,
oname:conc_otype:lst_usecol:sim_time:7.0_obsid:welopt-ly3_variable:so4,5.51205e-05,0.0,conc,,,welopt-ly3,conc,lst,7.0,sim,so4,
oname:conc_otype:lst_usecol:sim_time:7.0_obsid:wp1-f3_variable:o0,0.0,0.0,conc,,,wp1-f3,conc,lst,7.0,sim,o0,0.000326190128606
oname:conc_otype:lst_usecol:sim_time:7.0_obsid:wp1-f3_variable:ph,6.67484,0.6131393394849658,conc,,,wp1-f3,conc,lst,7.0,sim,ph,1.6309506430300091
oname:conc_otype:lst_usecol:sim_time:7.0_obsid:wp1-f3_variable:so4,5.54049e-05,1226.2786789699317,conc,,,wp1-f3,conc,lst,7.0,sim,so4,0.000815475321515
oname:conc_otype:lst_usecol:sim_time:7.0_obsid:wp4-f5_variable:o0,0.0,0.0,conc,,,wp4-f5,conc,lst,7.0,sim,o0,0.0003181194744117
oname:conc_otype:lst_usecol:sim_time:7.0_obsid:wp4-f5_variable:ph,6.67491,0.6286946134619315,conc,,,wp4-f5,conc,lst,7.0,sim,ph,1.5905973720586868
oname:conc_otype:lst_usecol:sim_time:7.0_obsid:wp4-f5_variable:so4,5.51205e-05,1257.389226923863,conc,,,wp4-f5,conc,lst,7.0,sim,so4,0.0007952986860293
oname:conc_otype:lst_usecol:sim_time:70.0875_obsid:wp1-f3_variable:o0,2.24924e-10,3065.696697424829,conc,,,wp1-f3,conc,lst,70.0875,sim,o0,0.000326190128606
oname:conc_otype:lst_usecol:sim_time:70.0875_obsid:wp1-f3_variable:ph,6.70644,0.6131393394849658,conc,,,wp1-f3,conc,lst,70.0875,sim,ph,1.6309506430300091
oname:conc_otype:lst_usecol:sim_time:70.0875_obsid:wp1-f3_variable:so4,0.000739218,1226.2786789699317,conc,,,wp1-f3,conc,lst,70.0875,sim,so4,0.000815475321515
oname:conc_otype:lst_usecol:sim_time:70.0_obsid:welopt-ly3_variable:o0,0.0,0.0,conc,,,welopt-ly3,conc,lst,70.0,sim,o0,
oname:conc_otype:lst_usecol:sim_time:70.0_obsid:welopt-ly3_variable:ph,6.67491,0.0,conc,,,welopt-ly3,conc,lst,70.0,sim,ph,
oname:conc_otype:lst_usecol:sim_time:70.0_obsid:welopt-ly3_variable:so4,5.5104e-05,0.0,conc,,,welopt-ly3,conc,lst,70.0,sim,so4,
oname:conc_otype:lst_usecol:sim_time:70.0_obsid:wp1-f3_variable:o0,2.24924e-10,3065.696697424829,conc,,,wp1-f3,conc,lst,70.0,sim,o0,0.000326190128606
oname:conc_otype:lst_usecol:sim_time:70.0_obsid:wp1-f3_variable:ph,6.70644,0.6131393394849658,conc,,,wp1-f3,conc,lst,70.0,sim,ph,1.6309506430300091
oname:conc_otype:lst_usecol:sim_time:70.0_obsid:wp1-f3_variable:so4,0.000739218,1226.2786789699317,conc,,,wp1-f3,conc,lst,70.0,sim,so4,0.000815475321515
oname:conc_otype:lst_usecol:sim_time:70.0_obsid:wp4-f5_variable:o0,1.38747e-35,3143.4730673096574,conc,,,wp4-f5,conc,lst,70.0,sim,o0,0.0003181194744117
oname:conc_otype:lst_usecol:sim_time:70.0_obsid:wp4-f5_variable:ph,6.6281,0.6286946134619315,conc,,,wp4-f5,conc,lst,70.0,sim,ph,1.5905973720586868
oname:conc_otype:lst_usecol:sim_time:70.0_obsid:wp4-f5_variable:so4,0.00018409,1048.7271350453038,conc,,,wp4-f5,conc,lst,70.0,sim,so4,0.0009535368796925
oname:conc_otype:lst_usecol:sim_time:700.058_obsid:wp1-f3_variable:o0,1.80745e-09,0.0,conc,,,wp1-f3,conc,lst,700.058,sim,o0,
oname:conc_otype:lst_usecol:sim_time:700.058_obsid:wp1-f3_variable:ph,6.78096,0.0,conc,,,wp1-f3,conc,lst,700.058,sim,ph,
oname:conc_otype:lst_usecol:sim_time:700.058_obsid:wp1-f3_variable:so4,0.000539799,0.0,conc,,,wp1-f3,conc,lst,700.058,sim,so4,
oname:conc_otype:lst_usecol:sim_time:700.0_obsid:welopt-ly1_variable:so4,0.00039953,0.0,forecast,,,welopt-ly1,conc,lst,700.0,sim,so4,
oname:conc_otype:lst_usecol:sim_time:700.0_obsid:welopt-ly3_variable:o0,1.38017e-10,0.0,conc,,,welopt-ly3,conc,lst,700.0,sim,o0,
oname:conc_otype:lst_usecol:sim_time:700.0_obsid:welopt-ly3_variable:ph,6.68289,0.0,conc,,,welopt-ly3,conc,lst,700.0,sim,ph,
oname:conc_otype:lst_usecol:sim_time:700.0_obsid:welopt-ly3_variable:so4,0.000672047,0.0,forecast,,,welopt-ly3,conc,lst,700.0,sim,so4,
oname:conc_otype:lst_usecol:sim_time:700.0_obsid:welopt-ly5_variable:so4,0.000682878,0.0,forecast,,,welopt-ly5,conc,lst,700.0,sim,so4,
oname:conc_otype:lst_usecol:sim_time:700.0_obsid:wp1-f3_variable:o0,1.80745e-09,0.0,conc,,,wp1-f3,conc,lst,700.0,sim,o0,
oname:conc_otype:lst_usecol:sim_time:700.0_obsid:wp1-f3_variable:ph,6.78096,0.0,conc,,,wp1-f3,conc,lst,700.0,sim,ph,
oname:conc_otype:lst_usecol:sim_time:700.0_obsid:wp1-f3_variable:so4,0.000539799,0.0,conc,,,wp1-f3,conc,lst,700.0,sim,so4,
oname:conc_otype:lst_usecol:sim_time:700.0_obsid:wp4-f5_variable:o0,8.97593e-11,0.0,conc,,,wp4-f5,conc,lst,700.0,sim,o0,
oname:conc_otype:lst_usecol:sim_time:700.0_obsid:wp4-f5_variable:ph,6.79091,0.0,conc,,,wp4-f5,conc,lst,700.0,sim,ph,
oname:conc_otype:lst_usecol:sim_time:700.0_obsid:wp4-f5_variable:so4,0.000690215,0.0,conc,,,wp4-f5,conc,lst,700.0,sim,so4,
oname:conc_otype:lst_usecol:sim_time:701.0_obsid:welopt-ly1_variable:so4,0.00039953,0.0,forecast,,,welopt-ly1,conc,lst,701.0,sim,so4,
oname:conc_otype:lst_usecol:sim_time:701.0_obsid:welopt-ly3_variable:o0,1.38017e-10,0.0,conc,,,welopt-ly3,conc,lst,701.0,sim,o0,
oname:conc_otype:lst_usecol:sim_time:701.0_obsid:welopt-ly3_variable:ph,6.68289,0.0,conc,,,welopt-ly3,conc,lst,701.0,sim,ph,
oname:conc_otype:lst_usecol:sim_time:701.0_obsid:welopt-ly3_variable:so4,0.000672047,0.0,forecast,,,welopt-ly3,conc,lst,701.0,sim,so4,
oname:conc_otype:lst_usecol:sim_time:701.0_obsid:welopt-ly5_variable:so4,0.000682878,0.0,forecast,,,welopt-ly5,conc,lst,701.0,sim,so4,
oname:conc_otype:lst_usecol:sim_time:701.0_obsid:wp1-f3_variable:o0,1.80745e-09,0.0,conc,,,wp1-f3,conc,lst,701.0,sim,o0,
oname:conc_otype:lst_usecol:sim_time:701.0_obsid:wp1-f3_variable:ph,6.78096,0.0,conc,,,wp1-f3,conc,lst,701.0,sim,ph,
oname:conc_otype:lst_usecol:sim_time:701.0_obsid:wp1-f3_variable:so4,0.000539799,0.0,conc,,,wp1-f3,conc,lst,701.0,sim,so4,
oname:conc_otype:lst_usecol:sim_time:701.0_obsid:wp4-f5_variable:o0,8.97593e-11,0.0,conc,,,wp4-f5,conc,lst,701.0,sim,o0,
oname:conc_otype:lst_usecol:sim_time:701.0_obsid:wp4-f5_variable:ph,6.79091,0.0,conc,,,wp4-f5,conc,lst,701.0,sim,ph,
oname:conc_otype:lst_usecol:sim_time:701.0_obsid:wp4-f5_variable:so4,0.000690215,0.0,conc,,,wp4-f5,conc,lst,701.0,sim,so4,
oname:conc_otype:lst_usecol:sim_time:702.0_obsid:welopt-ly1_variable:so4,0.000404637,0.0,forecast,,,welopt-ly1,conc,lst,702.0,sim,so4,
oname:conc_otype:lst_usecol:sim_time:702.0_obsid:welopt-ly3_variable:o0,1.18578e-10,0.0,conc,,,welopt-ly3,conc,lst,702.0,sim,o0,
oname:conc_otype:lst_usecol:sim_time:702.0_obsid:welopt-ly3_variable:ph,6.70205,0.0,conc,,,welopt-ly3,conc,lst,702.0,sim,ph,
oname:conc_otype:lst_usecol:sim_time:702.0_obsid:welopt-ly3_variable:so4,0.00068056,0.0,forecast,,,welopt-ly3,conc,lst,702.0,sim,so4,
oname:conc_otype:lst_usecol:sim_time:702.0_obsid:welopt-ly5_variable:so4,0.000694785,0.0,forecast,,,welopt-ly5,conc,lst,702.0,sim,so4,
oname:conc_otype:lst_usecol:sim_time:702.0_obsid:wp1-f3_variable:o0,1.18706e-05,0.0,conc,,,wp1-f3,conc,lst,702.0,sim,o0,
oname:conc_otype:lst_usecol:sim_time:702.0_obsid:wp1-f3_variable:ph,6.79231,0.0,conc,,,wp1-f3,conc,lst,702.0,sim,ph,
oname:conc_otype:lst_usecol:sim_time:702.0_obsid:wp1-f3_variable:so4,0.000557835,0.0,conc,,,wp1-f3,conc,lst,702.0,sim,so4,
oname:conc_otype:lst_usecol:sim_time:702.0_obsid:wp4-f5_variable:o0,8.97242e-11,0.0,conc,,,wp4-f5,conc,lst,702.0,sim,o0,
oname:conc_otype:lst_usecol:sim_time:702.0_obsid:wp4-f5_variable:ph,6.79197,0.0,conc,,,wp4-f5,conc,lst,702.0,sim,ph,
oname:conc_otype:lst_usecol:sim_time:702.0_obsid:wp4-f5_variable:so4,0.000696715,0.0,conc,,,wp4-f5,conc,lst,702.0,sim,so4,
oname:conc_otype:lst_usecol:sim_time:703.0_obsid:welopt-ly1_variable:so4,0.000404637,0.0,forecast,,,welopt-ly1,conc,lst,703.0,sim,so4,
oname:conc_otype:lst_usecol:sim_time:703.0_obsid:welopt-ly3_variable:o0,1.18578e-10,0.0,conc,,,welopt-ly3,conc,lst,703.0,sim,o0,
oname:conc_otype:lst_usecol:sim_time:703.0_obsid:welopt-ly3_variable:ph,6.70205,0.0,conc,,,welopt-ly3,conc,lst,703.0,sim,ph,
oname:conc_otype:lst_usecol:sim_time:703.0_obsid:welopt-ly3_variable:so4,0.00068056,0.0,forecast,,,welopt-ly3,conc,lst,703.0,sim,so4,
oname:conc_otype:lst_usecol:sim_time:703.0_obsid:welopt-ly5_variable:so4,0.000694785,0.0,forecast,,,welopt-ly5,conc,lst,703.0,sim,so4,
oname:conc_otype:lst_usecol:sim_time:703.0_obsid:wp1-f3_variable:o0,1.18706e-05,0.0,conc,,,wp1-f3,conc,lst,703.0,sim,o0,
oname:conc_otype:lst_usecol:sim_time:703.0_obsid:wp1-f3_variable:ph,6.79231,0.0,conc,,,wp1-f3,conc,lst,703.0,sim,ph,
oname:conc_otype:lst_usecol:sim_time:703.0_obsid:wp1-f3_variable:so4,0.000557835,0.0,conc,,,wp1-f3,conc,lst,703.0,sim,so4,
oname:conc_otype:lst_usecol:sim_time:703.0_obsid:wp4-f5_variable:o0,8.97242e-11,0.0,conc,,,wp4-f5,conc,lst,703.0,sim,o0,
oname:conc_otype:lst_usecol:sim_time:703.0_obsid:wp4-f5_variable:ph,6.79197,0.0,conc,,,wp4-f5,conc,lst,703.0,sim,ph,
oname:conc_otype:lst_usecol:sim_time:703.0_obsid:wp4-f5_variable:so4,0.000696715,0.0,conc,,,wp4-f5,conc,lst,703.0,sim,so4,
oname:conc_otype:lst_usecol:sim_time:704.0_obsid:welopt-ly1_variable:so4,0.000404637,0.0,forecast,,,welopt-ly1,conc,lst,704.0,sim,so4,
oname:conc_otype:lst_usecol:sim_time:704.0_obsid:welopt-ly3_variable:o0,1.18578e-10,0.0,conc,,,welopt-ly3,conc,lst,704.0,sim,o0,
oname:conc_otype:lst_usecol:sim_time:704.0_obsid:welopt-ly3_variable:ph,6.70205,0.0,conc,,,welopt-ly3,conc,lst,704.0,sim,ph,
oname:conc_otype:lst_usecol:sim_time:704.0_obsid:welopt-ly3_variable:so4,0.00068056,0.0,forecast,,,welopt-ly3,conc,lst,704.0,sim,so4,
oname:conc_otype:lst_usecol:sim_time:704.0_obsid:welopt-ly5_variable:so4,0.000694785,0.0,forecast,,,welopt-ly5,conc,lst,704.0,sim,so4,
oname:conc_otype:lst_usecol:sim_time:704.0_obsid:wp1-f3_variable:o0,1.18706e-05,0.0,conc,,,wp1-f3,conc,lst,704.0,sim,o0,
oname:conc_otype:lst_usecol:sim_time:704.0_obsid:wp1-f3_variable:ph,6.79231,0.0,conc,,,wp1-f3,conc,lst,704.0,sim,ph,
oname:conc_otype:lst_usecol:sim_time:704.0_obsid:wp1-f3_variable:so4,0.000557835,0.0,conc,,,wp1-f3,conc,lst,704.0,sim,so4,
oname:conc_otype:lst_usecol:sim_time:704.0_obsid:wp4-f5_variable:o0,8.97242e-11,0.0,conc,,,wp4-f5,conc,lst,704.0,sim,o0,
oname:conc_otype:lst_usecol:sim_time:704.0_obsid:wp4-f5_variable:ph,6.79197,0.0,conc,,,wp4-f5,conc,lst,704.0,sim,ph,
oname:conc_otype:lst_usecol:sim_time:704.0_obsid:wp4-f5_variable:so4,0.000696715,0.0,conc,,,wp4-f5,conc,lst,704.0,sim,so4,
oname:conc_otype:lst_usecol:sim_time:705.0_obsid:welopt-ly1_variable:so4,0.000404637,0.0,forecast,,,welopt-ly1,conc,lst,705.0,sim,so4,
oname:conc_otype:lst_usecol:sim_time:705.0_obsid:welopt-ly3_variable:o0,1.18578e-10,0.0,conc,,,welopt-ly3,conc,lst,705.0,sim,o0,
oname:conc_otype:lst_usecol:sim_time:705.0_obsid:welopt-ly3_variable:ph,6.70205,0.0,conc,,,welopt-ly3,conc,lst,705.0,sim,ph,
oname:conc_otype:lst_usecol:sim_time:705.0_obsid:welopt-ly3_variable:so4,0.00068056,0.0,forecast,,,welopt-ly3,conc,lst,705.0,sim,so4,
oname:conc_otype:lst_usecol:sim_time:705.0_obsid:welopt-ly5_variable:so4,0.000694785,0.0,forecast,,,welopt-ly5,conc,lst,705.0,sim,so4,
oname:conc_otype:lst_usecol:sim_time:705.0_obsid:wp1-f3_variable:o0,1.18706e-05,0.0,conc,,,wp1-f3,conc,lst,705.0,sim,o0,
oname:conc_otype:lst_usecol:sim_time:705.0_obsid:wp1-f3_variable:ph,6.79231,0.0,conc,,,wp1-f3,conc,lst,705.0,sim,ph,
oname:conc_otype:lst_usecol:sim_time:705.0_obsid:wp1-f3_variable:so4,0.000557835,0.0,conc,,,wp1-f3,conc,lst,705.0,sim,so4,
oname:conc_otype:lst_usecol:sim_time:705.0_obsid:wp4-f5_variable:o0,8.97242e-11,0.0,conc,,,wp4-f5,conc,lst,705.0,sim,o0,
oname:conc_otype:lst_usecol:sim_time:705.0_obsid:wp4-f5_variable:ph,6.79197,0.0,conc,,,wp4-f5,conc,lst,705.0,sim,ph,
oname:conc_otype:lst_usecol:sim_time:705.0_obsid:wp4-f5_variable:so4,0.000696715,0.0,conc,,,wp4-f5,conc,lst,705.0,sim,so4,
oname:conc_otype:lst_usecol:sim_time:706.0_obsid:welopt-ly1_variable:so4,0.000404637,0.0,forecast,,,welopt-ly1,conc,lst,706.0,sim,so4,
oname:conc_otype:lst_usecol:sim_time:706.0_obsid:welopt-ly3_variable:o0,1.18578e-10,0.0,conc,,,welopt-ly3,conc,lst,706.0,sim,o0,
oname:conc_otype:lst_usecol:sim_time:706.0_obsid:welopt-ly3_variable:ph,6.70205,0.0,conc,,,welopt-ly3,conc,lst,706.0,sim,ph,
oname:conc_otype:lst_usecol:sim_time:706.0_obsid:welopt-ly3_variable:so4,0.00068056,0.0,forecast,,,welopt-ly3,conc,lst,706.0,sim,so4,
oname:conc_otype:lst_usecol:sim_time:706.0_obsid:welopt-ly5_variable:so4,0.000694785,0.0,forecast,,,welopt-ly5,conc,lst,706.0,sim,so4,
oname:conc_otype:lst_usecol:sim_time:706.0_obsid:wp1-f3_variable:o0,1.18706e-05,0.0,conc,,,wp1-f3,conc,lst,706.0,sim,o0,
oname:conc_otype:lst_usecol:sim_time:706.0_obsid:wp1-f3_variable:ph,6.79231,0.0,conc,,,wp1-f3,conc,lst,706.0,sim,ph,
oname:conc_otype:lst_usecol:sim_time:706.0_obsid:wp1-f3_variable:so4,0.000557835,0.0,conc,,,wp1-f3,conc,lst,706.0,sim,so4,
oname:conc_otype:lst_usecol:sim_time:706.0_obsid:wp4-f5_variable:o0,8.97242e-11,0.0,conc,,,wp4-f5,conc,lst,706.0,sim,o0,
oname:conc_otype:lst_usecol:sim_time:706.0_obsid:wp4-f5_variable:ph,6.79197,0.0,conc,,,wp4-f5,conc,lst,706.0,sim,ph,
oname:conc_otype:lst_usecol:sim_time:706.0_obsid:wp4-f5_variable:so4,0.000696715,0.0,conc,,,wp4-f5,conc,lst,706.0,sim,so4,
oname:conc_otype:lst_usecol:sim_time:707.0_obsid:welopt-ly1_variable:so4,0.000404637,0.0,forecast,,,welopt-ly1,conc,lst,707.0,sim,so4,
oname:conc_otype:lst_usecol:sim_time:707.0_obsid:welopt-ly3_variable:o0,1.18578e-10,0.0,conc,,,welopt-ly3,conc,lst,707.0,sim,o0,
oname:conc_otype:lst_usecol:sim_time:707.0_obsid:welopt-ly3_variable:ph,6.70205,0.0,conc,,,welopt-ly3,conc,lst,707.0,sim,ph,
oname:conc_otype:lst_usecol:sim_time:707.0_obsid:welopt-ly3_variable:so4,0.00068056,0.0,forecast,,,welopt-ly3,conc,lst,707.0,sim,so4,
oname:conc_otype:lst_usecol:sim_time:707.0_obsid:welopt-ly5_variable:so4,0.000694785,0.0,forecast,,,welopt-ly5,conc,lst,707.0,sim,so4,
oname:conc_otype:lst_usecol:sim_time:707.0_obsid:wp1-f3_variable:o0,1.18706e-05,0.0,conc,,,wp1-f3,conc,lst,707.0,sim,o0,
oname:conc_otype:lst_usecol:sim_time:707.0_obsid:wp1-f3_variable:ph,6.79231,0.0,conc,,,wp1-f3,conc,lst,707.0,sim,ph,
oname:conc_otype:lst_usecol:sim_time:707.0_obsid:wp1-f3_variable:so4,0.000557835,0.0,conc,,,wp1-f3,conc,lst,707.0,sim,so4,
oname:conc_otype:lst_usecol:sim_time:707.0_obsid:wp4-f5_variable:o0,8.97242e-11,0.0,conc,,,wp4-f5,conc,lst,707.0,sim,o0,
oname:conc_otype:lst_usecol:sim_time:707.0_obsid:wp4-f5_variable:ph,6.79197,0.0,conc,,,wp4-f5,conc,lst,707.0,sim,ph,
oname:conc_otype:lst_usecol:sim_time:707.0_obsid:wp4-f5_variable:so4,0.000696715,0.0,conc,,,wp4-f5,conc,lst,707.0,sim,so4,
oname:conc_otype:lst_usecol:sim_time:708.0_obsid:welopt-ly1_variable:so4,0.000404637,0.0,forecast,,,welopt-ly1,conc,lst,708.0,sim,so4,
oname:conc_otype:lst_usecol:sim_time:708.0_obsid:welopt-ly3_variable:o0,1.18578e-10,0.0,conc,,,welopt-ly3,conc,lst,708.0,sim,o0,
oname:conc_otype:lst_usecol:sim_time:708.0_obsid:welopt-ly3_variable:ph,6.70205,0.0,conc,,,welopt-ly3,conc,lst,708.0,sim,ph,
oname:conc_otype:lst_usecol:sim_time:708.0_obsid:welopt-ly3_variable:so4,0.00068056,0.0,forecast,,,welopt-ly3,conc,lst,708.0,sim,so4,
oname:conc_otype:lst_usecol:sim_time:708.0_obsid:welopt-ly5_variable:so4,0.000694785,0.0,forecast,,,welopt-ly5,conc,lst,708.0,sim,so4,
oname:conc_otype:lst_usecol:sim_time:708.0_obsid:wp1-f3_variable:o0,1.18706e-05,0.0,conc,,,wp1-f3,conc,lst,708.0,sim,o0,
oname:conc_otype:lst_usecol:sim_time:708.0_obsid:wp1-f3_variable:ph,6.79231,0.0,conc,,,wp1-f3,conc,lst,708.0,sim,ph,
oname:conc_otype:lst_usecol:sim_time:708.0_obsid:wp1-f3_variable:so4,0.000557835,0.0,conc,,,wp1-f3,conc,lst,708.0,sim,so4,
oname:conc_otype:lst_usecol:sim_time:708.0_obsid:wp4-f5_variable:o0,8.97242e-11,0.0,conc,,,wp4-f5,conc,lst,708.0,sim,o0,
oname:conc_otype:lst_usecol:sim_time:708.0_obsid:wp4-f5_variable:ph,6.79197,0.0,conc,,,wp4-f5,conc,lst,708.0,sim,ph,
oname:conc_otype:lst_usecol:sim_time:708.0_obsid:wp4-f5_variable:so4,0.000696715,0.0,conc,,,wp4-f5,conc,lst,708.0,sim,so4,
oname:conc_otype:lst_usecol:sim_time:709.0_obsid:welopt-ly1_variable:so4,0.000409491,0.0,forecast,,,welopt-ly1,conc,lst,709.0,sim,so4,
oname:conc_otype:lst_usecol:sim_time:709.0_obsid:welopt-ly3_variable:o0,1.01395e-10,0.0,conc,,,welopt-ly3,conc,lst,709.0,sim,o0,
oname:conc_otype:lst_usecol:sim_time:709.0_obsid:welopt-ly3_variable:ph,6.72429,0.0,conc,,,welopt-ly3,conc,lst,709.0,sim,ph,
oname:conc_otype:lst_usecol:sim_time:709.0_obsid:welopt-ly3_variable:so4,0.000689738,0.0,forecast,,,welopt-ly3,conc,lst,709.0,sim,so4,
oname:conc_otype:lst_usecol:sim_time:709.0_obsid:welopt-ly5_variable:so4,0.00072531,0.0,forecast,,,welopt-ly5,conc,lst,709.0,sim,so4,
oname:conc_otype:lst_usecol:sim_time:709.0_obsid:wp1-f3_variable:o0,4.80528e-05,0.0,conc,,,wp1-f3,conc,lst,709.0,sim,o0,
oname:conc_otype:lst_usecol:sim_time:709.0_obsid:wp1-f3_variable:ph,6.83172,0.0,conc,,,wp1-f3,conc,lst,709.0,sim,ph,
oname:conc_otype:lst_usecol:sim_time:709.0_obsid:wp1-f3_variable:so4,0.000594048,0.0,conc,,,wp1-f3,conc,lst,709.0,sim,so4,
oname:conc_otype:lst_usecol:sim_time:709.0_obsid:wp4-f5_variable:o0,9.74915e-11,0.0,conc,,,wp4-f5,conc,lst,709.0,sim,o0,
oname:conc_otype:lst_usecol:sim_time:709.0_obsid:wp4-f5_variable:ph,6.78825,0.0,conc,,,wp4-f5,conc,lst,709.0,sim,ph,
oname:conc_otype:lst_usecol:sim_time:709.0_obsid:wp4-f5_variable:so4,0.000723102,0.0,conc,,,wp4-f5,conc,lst,709.0,sim,so4,
oname:conc_otype:lst_usecol:sim_time:71.0_obsid:welopt-ly3_variable:o0,0.0,0.0,conc,,,welopt-ly3,conc,lst,71.0,sim,o0,
oname:conc_otype:lst_usecol:sim_time:71.0_obsid:welopt-ly3_variable:ph,6.67491,0.0,conc,,,welopt-ly3,conc,lst,71.0,sim,ph,
oname:conc_otype:lst_usecol:sim_time:71.0_obsid:welopt-ly3_variable:so4,5.5104e-05,0.0,conc,,,welopt-ly3,conc,lst,71.0,sim,so4,
oname:conc_otype:lst_usecol:sim_time:71.0_obsid:wp1-f3_variable:o0,2.24924e-10,3065.696697424829,conc,,,wp1-f3,conc,lst,71.0,sim,o0,0.000326190128606
oname:conc_otype:lst_usecol:sim_time:71.0_obsid:wp1-f3_variable:ph,6.70644,0.6131393394849658,conc,,,wp1-f3,conc,lst,71.0,sim,ph,1.6309506430300091
oname:conc_otype:lst_usecol:sim_time:71.0_obsid:wp1-f3_variable:so4,0.000739218,1226.2786789699317,conc,,,wp1-f3,conc,lst,71.0,sim,so4,0.000815475321515
oname:conc_otype:lst_usecol:sim_time:71.0_obsid:wp4-f5_variable:o0,1.38747e-35,3143.4730673096574,conc,,,wp4-f5,conc,lst,71.0,sim,o0,0.0003181194744117
oname:conc_otype:lst_usecol:sim_time:71.0_obsid:wp4-f5_variable:ph,6.6281,0.6286946134619315,conc,,,wp4-f5,conc,lst,71.0,sim,ph,1.5905973720586868
oname:conc_otype:lst_usecol:sim_time:71.0_obsid:wp4-f5_variable:so4,0.00018409,1048.7271350453038,conc,,,wp4-f5,conc,lst,71.0,sim,so4,0.0009535368796925
oname:conc_otype:lst_usecol:sim_time:710.0_obsid:welopt-ly1_variable:so4,0.000409491,0.0,forecast,,,welopt-ly1,conc,lst,710.0,sim,so4,
oname:conc_otype:lst_usecol:sim_time:710.0_obsid:welopt-ly3_variable:o0,1.01395e-10,0.0,conc,,,welopt-ly3,conc,lst,710.0,sim,o0,
oname:conc_otype:lst_usecol:sim_time:710.0_obsid:welopt-ly3_variable:ph,6.72429,0.0,conc,,,welopt-ly3,conc,lst,710.0,sim,ph,
oname:conc_otype:lst_usecol:sim_time:710.0_obsid:welopt-ly3_variable:so4,0.000689738,0.0,forecast,,,welopt-ly3,conc,lst,710.0,sim,so4,
oname:conc_otype:lst_usecol:sim_time:710.0_obsid:welopt-ly5_variable:so4,0.00072531,0.0,forecast,,,welopt-ly5,conc,lst,710.0,sim,so4,
oname:conc_otype:lst_usecol:sim_time:710.0_obsid:wp1-f3_variable:o0,4.80528e-05,0.0,conc,,,wp1-f3,conc,lst,710.0,sim,o0,
oname:conc_otype:lst_usecol:sim_time:710.0_obsid:wp1-f3_variable:ph,6.83172,0.0,conc,,,wp1-f3,conc,lst,710.0,sim,ph,
oname:conc_otype:lst_usecol:sim_time:710.0_obsid:wp1-f3_variable:so4,0.000594048,0.0,conc,,,wp1-f3,conc,lst,710.0,sim,so4,
oname:conc_otype:lst_usecol:sim_time:710.0_obsid:wp4-f5_variable:o0,9.74915e-11,0.0,conc,,,wp4-f5,conc,lst,710.0,sim,o0,
oname:conc_otype:lst_usecol:sim_time:710.0_obsid:wp4-f5_variable:ph,6.78825,0.0,conc,,,wp4-f5,conc,lst,710.0,sim,ph,
oname:conc_otype:lst_usecol:sim_time:710.0_obsid:wp4-f5_variable:so4,0.000723102,0.0,conc,,,wp4-f5,conc,lst,710.0,sim,so4,
oname:conc_otype:lst_usecol:sim_time:711.0_obsid:welopt-ly1_variable:so4,0.000409491,0.0,forecast,,,welopt-ly1,conc,lst,711.0,sim,so4,
oname:conc_otype:lst_usecol:sim_time:711.0_obsid:welopt-ly3_variable:o0,1.01395e-10,0.0,conc,,,welopt-ly3,conc,lst,711.0,sim,o0,
oname:conc_otype:lst_usecol:sim_time:711.0_obsid:welopt-ly3_variable:ph,6.72429,0.0,conc,,,welopt-ly3,conc,lst,711.0,sim,ph,
oname:conc_otype:lst_usecol:sim_time:711.0_obsid:welopt-ly3_variable:so4,0.000689738,0.0,forecast,,,welopt-ly3,conc,lst,711.0,sim,so4,
oname:conc_otype:lst_usecol:sim_time:711.0_obsid:welopt-ly5_variable:so4,0.00072531,0.0,forecast,,,welopt-ly5,conc,lst,711.0,sim,so4,
oname:conc_otype:lst_usecol:sim_time:711.0_obsid:wp1-f3_variable:o0,4.80528e-05,0.0,conc,,,wp1-f3,conc,lst,711.0,sim,o0,
oname:conc_otype:lst_usecol:sim_time:711.0_obsid:wp1-f3_variable:ph,6.83172,0.0,conc,,,wp1-f3,conc,lst,711.0,sim,ph,
oname:conc_otype:lst_usecol:sim_time:711.0_obsid:wp1-f3_variable:so4,0.000594048,0.0,conc,,,wp1-f3,conc,lst,711.0,sim,so4,
oname:conc_otype:lst_usecol:sim_time:711.0_obsid:wp4-f5_variable:o0,9.74915e-11,0.0,conc,,,wp4-f5,conc,lst,711.0,sim,o0,
oname:conc_otype:lst_usecol:sim_time:711.0_obsid:wp4-f5_variable:ph,6.78825,0.0,conc,,,wp4-f5,conc,lst,711.0,sim,ph,
oname:conc_otype:lst_usecol:sim_time:711.0_obsid:wp4-f5_variable:so4,0.000723102,0.0,conc,,,wp4-f5,conc,lst,711.0,sim,so4,
oname:conc_otype:lst_usecol:sim_time:712.0_obsid:welopt-ly1_variable:so4,0.000409491,0.0,forecast,,,welopt-ly1,conc,lst,712.0,sim,so4,
oname:conc_otype:lst_usecol:sim_time:712.0_obsid:welopt-ly3_variable:o0,1.01395e-10,0.0,conc,,,welopt-ly3,conc,lst,712.0,sim,o0,
oname:conc_otype:lst_usecol:sim_time:712.0_obsid:welopt-ly3_variable:ph,6.72429,0.0,conc,,,welopt-ly3,conc,lst,712.0,sim,ph,
oname:conc_otype:lst_usecol:sim_time:712.0_obsid:welopt-ly3_variable:so4,0.000689738,0.0,forecast,,,welopt-ly3,conc,lst,712.0,sim,so4,
oname:conc_otype:lst_usecol:sim_time:712.0_obsid:welopt-ly5_variable:so4,0.00072531,0.0,forecast,,,welopt-ly5,conc,lst,712.0,sim,so4,
oname:conc_otype:lst_usecol:sim_time:712.0_obsid:wp1-f3_variable:o0,4.80528e-05,0.0,conc,,,wp1-f3,conc,lst,712.0,sim,o0,
oname:conc_otype:lst_usecol:sim_time:712.0_obsid:wp1-f3_variable:ph,6.83172,0.0,conc,,,wp1-f3,conc,lst,712.0,sim,ph,
oname:conc_otype:lst_usecol:sim_time:712.0_obsid:wp1-f3_variable:so4,0.000594048,0.0,conc,,,wp1-f3,conc,lst,712.0,sim,so4,
oname:conc_otype:lst_usecol:sim_time:712.0_obsid:wp4-f5_variable:o0,9.74915e-11,0.0,conc,,,wp4-f5,conc,lst,712.0,sim,o0,
oname:conc_otype:lst_usecol:sim_time:712.0_obsid:wp4-f5_variable:ph,6.78825,0.0,conc,,,wp4-f5,conc,lst,712.0,sim,ph,
oname:conc_otype:lst_usecol:sim_time:712.0_obsid:wp4-f5_variable:so4,0.000723102,0.0,conc,,,wp4-f5,conc,lst,712.0,sim,so4,
oname:conc_otype:lst_usecol:sim_time:713.0_obsid:welopt-ly1_variable:so4,0.000409491,0.0,forecast,,,welopt-ly1,conc,lst,713.0,sim,so4,
oname:conc_otype:lst_usecol:sim_time:713.0_obsid:welopt-ly3_variable:o0,1.01395e-10,0.0,conc,,,welopt-ly3,conc,lst,713.0,sim,o0,
oname:conc_otype:lst_usecol:sim_time:713.0_obsid:welopt-ly3_variable:ph,6.72429,0.0,conc,,,welopt-ly3,conc,lst,713.0,sim,ph,
oname:conc_otype:lst_usecol:sim_time:713.0_obsid:welopt-ly3_variable:so4,0.000689738,0.0,forecast,,,welopt-ly3,conc,lst,713.0,sim,so4,
oname:conc_otype:lst_usecol:sim_time:713.0_obsid:welopt-ly5_variable:so4,0.00072531,0.0,forecast,,,welopt-ly5,conc,lst,713.0,sim,so4,
oname:conc_otype:lst_usecol:sim_time:713.0_obsid:wp1-f3_variable:o0,4.80528e-05,0.0,conc,,,wp1-f3,conc,lst,713.0,sim,o0,
oname:conc_otype:lst_usecol:sim_time:713.0_obsid:wp1-f3_variable:ph,6.83172,0.0,conc,,,wp1-f3,conc,lst,713.0,sim,ph,
oname:conc_otype:lst_usecol:sim_time:713.0_obsid:wp1-f3_variable:so4,0.000594048,0.0,conc,,,wp1-f3,conc,lst,713.0,sim,so4,
oname:conc_otype:lst_usecol:sim_time:713.0_obsid:wp4-f5_variable:o0,9.74915e-11,0.0,conc,,,wp4-f5,conc,lst,713.0,sim,o0,
oname:conc_otype:lst_usecol:sim_time:713.0_obsid:wp4-f5_variable:ph,6.78825,0.0,conc,,,wp4-f5,conc,lst,713.0,sim,ph,
oname:conc_otype:lst_usecol:sim_time:713.0_obsid:wp4-f5_variable:so4,0.000723102,0.0,conc,,,wp4-f5,conc,lst,713.0,sim,so4,
oname:conc_otype:lst_usecol:sim_time:714.0_obsid:welopt-ly1_variable:so4,0.000409491,0.0,forecast,,,welopt-ly1,conc,lst,714.0,sim,so4,
oname:conc_otype:lst_usecol:sim_time:714.0_obsid:welopt-ly3_variable:o0,1.01395e-10,0.0,conc,,,welopt-ly3,conc,lst,714.0,sim,o0,
oname:conc_otype:lst_usecol:sim_time:714.0_obsid:welopt-ly3_variable:ph,6.72429,0.0,conc,,,welopt-ly3,conc,lst,714.0,sim,ph,
oname:conc_otype:lst_usecol:sim_time:714.0_obsid:welopt-ly3_variable:so4,0.000689738,0.0,forecast,,,welopt-ly3,conc,lst,714.0,sim,so4,
oname:conc_otype:lst_usecol:sim_time:714.0_obsid:welopt-ly5_variable:so4,0.00072531,0.0,forecast,,,welopt-ly5,conc,lst,714.0,sim,so4,
oname:conc_otype:lst_usecol:sim_time:714.0_obsid:wp1-f3_variable:o0,4.80528e-05,0.0,conc,,,wp1-f3,conc,lst,714.0,sim,o0,
oname:conc_otype:lst_usecol:sim_time:714.0_obsid:wp1-f3_variable:ph,6.83172,0.0,conc,,,wp1-f3,conc,lst,714.0,sim,ph,
oname:conc_otype:lst_usecol:sim_time:714.0_obsid:wp1-f3_variable:so4,0.000594048,0.0,conc,,,wp1-f3,conc,lst,714.0,sim,so4,
oname:conc_otype:lst_usecol:sim_time:714.0_obsid:wp4-f5_variable:o0,9.74915e-11,0.0,conc,,,wp4-f5,conc,lst,714.0,sim,o0,
oname:conc_otype:lst_usecol:sim_time:714.0_obsid:wp4-f5_variable:ph,6.78825,0.0,conc,,,wp4-f5,conc,lst,714.0,sim,ph,
oname:conc_otype:lst_usecol:sim_time:714.0_obsid:wp4-f5_variable:so4,0.000723102,0.0,conc,,,wp4-f5,conc,lst,714.0,sim,so4,
oname:conc_otype:lst_usecol:sim_time:715.0_obsid:welopt-ly1_variable:so4,0.000409491,0.0,forecast,,,welopt-ly1,conc,lst,715.0,sim,so4,
oname:conc_otype:lst_usecol:sim_time:715.0_obsid:welopt-ly3_variable:o0,1.01395e-10,0.0,conc,,,welopt-ly3,conc,lst,715.0,sim,o0,
oname:conc_otype:lst_usecol:sim_time:715.0_obsid:welopt-ly3_variable:ph,6.72429,0.0,conc,,,welopt-ly3,conc,lst,715.0,sim,ph,
oname:conc_otype:lst_usecol:sim_time:715.0_obsid:welopt-ly3_variable:so4,0.000689738,0.0,forecast,,,welopt-ly3,conc,lst,715.0,sim,so4,
oname:conc_otype:lst_usecol:sim_time:715.0_obsid:welopt-ly5_variable:so4,0.00072531,0.0,forecast,,,welopt-ly5,conc,lst,715.0,sim,so4,
oname:conc_otype:lst_usecol:sim_time:715.0_obsid:wp1-f3_variable:o0,4.80528e-05,0.0,conc,,,wp1-f3,conc,lst,715.0,sim,o0,
oname:conc_otype:lst_usecol:sim_time:715.0_obsid:wp1-f3_variable:ph,6.83172,0.0,conc,,,wp1-f3,conc,lst,715.0,sim,ph,
oname:conc_otype:lst_usecol:sim_time:715.0_obsid:wp1-f3_variable:so4,0.000594048,0.0,conc,,,wp1-f3,conc,lst,715.0,sim,so4,
oname:conc_otype:lst_usecol:sim_time:715.0_obsid:wp4-f5_variable:o0,9.74915e-11,0.0,conc,,,wp4-f5,conc,lst,715.0,sim,o0,
oname:conc_otype:lst_usecol:sim_time:715.0_obsid:wp4-f5_variable:ph,6.78825,0.0,conc,,,wp4-f5,conc,lst,715.0,sim,ph,
oname:conc_otype:lst_usecol:sim_time:715.0_obsid:wp4-f5_variable:so4,0.000723102,0.0,conc,,,wp4-f5,conc,lst,715.0,sim,so4,
oname:conc_otype:lst_usecol:sim_time:716.0_obsid:welopt-ly1_variable:so4,0.000414151,0.0,forecast,,,welopt-ly1,conc,lst,716.0,sim,so4,
oname:conc_otype:lst_usecol:sim_time:716.0_obsid:welopt-ly3_variable:o0,8.91009e-11,0.0,conc,,,welopt-ly3,conc,lst,716.0,sim,o0,
oname:conc_otype:lst_usecol:sim_time:716.0_obsid:welopt-ly3_variable:ph,6.74524,0.0,conc,,,welopt-ly3,conc,lst,716.0,sim,ph,
oname:conc_otype:lst_usecol:sim_time:716.0_obsid:welopt-ly3_variable:so4,0.000701553,0.0,forecast,,,welopt-ly3,conc,lst,716.0,sim,so4,
oname:conc_otype:lst_usecol:sim_time:716.0_obsid:welopt-ly5_variable:so4,0.000748983,0.0,forecast,,,welopt-ly5,conc,lst,716.0,sim,so4,
oname:conc_otype:lst_usecol:sim_time:716.0_obsid:wp1-f3_variable:o0,4.69318e-05,0.0,conc,,,wp1-f3,conc,lst,716.0,sim,o0,
oname:conc_otype:lst_usecol:sim_time:716.0_obsid:wp1-f3_variable:ph,6.83617,0.0,conc,,,wp1-f3,conc,lst,716.0,sim,ph,
oname:conc_otype:lst_usecol:sim_time:716.0_obsid:wp1-f3_variable:so4,0.000601703,0.0,conc,,,wp1-f3,conc,lst,716.0,sim,so4,
oname:conc_otype:lst_usecol:sim_time:716.0_obsid:wp4-f5_variable:o0,1.09358e-10,0.0,conc,,,wp4-f5,conc,lst,716.0,sim,o0,
oname:conc_otype:lst_usecol:sim_time:716.0_obsid:wp4-f5_variable:ph,6.78793,0.0,conc,,,wp4-f5,conc,lst,716.0,sim,ph,
oname:conc_otype:lst_usecol:sim_time:716.0_obsid:wp4-f5_variable:so4,0.000762982,0.0,conc,,,wp4-f5,conc,lst,716.0,sim,so4,
oname:conc_otype:lst_usecol:sim_time:717.0_obsid:welopt-ly1_variable:so4,0.000414151,0.0,forecast,,,welopt-ly1,conc,lst,717.0,sim,so4,
oname:conc_otype:lst_usecol:sim_time:717.0_obsid:welopt-ly3_variable:o0,8.91009e-11,0.0,conc,,,welopt-ly3,conc,lst,717.0,sim,o0,
oname:conc_otype:lst_usecol:sim_time:717.0_obsid:welopt-ly3_variable:ph,6.74524,0.0,conc,,,welopt-ly3,conc,lst,717.0,sim,ph,
oname:conc_otype:lst_usecol:sim_time:717.0_obsid:welopt-ly3_variable:so4,0.000701553,0.0,forecast,,,welopt-ly3,conc,lst,717.0,sim,so4,
oname:conc_otype:lst_usecol:sim_time:717.0_obsid:welopt-ly5_variable:so4,0.000748983,0.0,forecast,,,welopt-ly5,conc,lst,717.0,sim,so4,
oname:conc_otype:lst_usecol:sim_time:717.0_obsid:wp1-f3_variable:o0,4.69318e-05,0.0,conc,,,wp1-f3,conc,lst,717.0,sim,o0,
oname:conc_otype:lst_usecol:sim_time:717.0_obsid:wp1-f3_variable:ph,6.83617,0.0,conc,,,wp1-f3,conc,lst,717.0,sim,ph,
oname:conc_otype:lst_usecol:sim_time:717.0_obsid:wp1-f3_variable:so4,0.000601703,0.0,conc,,,wp1-f3,conc,lst,717.0,sim,so4,
oname:conc_otype:lst_usecol:sim_time:717.0_obsid:wp4-f5_variable:o0,1.09358e-10,0.0,conc,,,wp4-f5,conc,lst,717.0,sim,o0,
oname:conc_otype:lst_usecol:sim_time:717.0_obsid:wp4-f5_variable:ph,6.78793,0.0,conc,,,wp4-f5,conc,lst,717.0,sim,ph,
oname:conc_otype:lst_usecol:sim_time:717.0_obsid:wp4-f5_variable:so4,0.000762982,0.0,conc,,,wp4-f5,conc,lst,717.0,sim,so4,
oname:conc_otype:lst_usecol:sim_time:718.0_obsid:welopt-ly1_variable:so4,0.000414151,0.0,forecast,,,welopt-ly1,conc,lst,718.0,sim,so4,
oname:conc_otype:lst_usecol:sim_time:718.0_obsid:welopt-ly3_variable:o0,8.91009e-11,0.0,conc,,,welopt-ly3,conc,lst,718.0,sim,o0,
oname:conc_otype:lst_usecol:sim_time:718.0_obsid:welopt-ly3_variable:ph,6.74524,0.0,conc,,,welopt-ly3,conc,lst,718.0,sim,ph,
oname:conc_otype:lst_usecol:sim_time:718.0_obsid:welopt-ly3_variable:so4,0.000701553,0.0,forecast,,,welopt-ly3,conc,lst,718.0,sim,so4,
oname:conc_otype:lst_usecol:sim_time:718.0_obsid:welopt-ly5_variable:so4,0.000748983,0.0,forecast,,,welopt-ly5,conc,lst,718.0,sim,so4,
oname:conc_otype:lst_usecol:sim_time:718.0_obsid:wp1-f3_variable:o0,4.69318e-05,0.0,conc,,,wp1-f3,conc,lst,718.0,sim,o0,
oname:conc_otype:lst_usecol:sim_time:718.0_obsid:wp1-f3_variable:ph,6.83617,0.0,conc,,,wp1-f3,conc,lst,718.0,sim,ph,
oname:conc_otype:lst_usecol:sim_time:718.0_obsid:wp1-f3_variable:so4,0.000601703,0.0,conc,,,wp1-f3,conc,lst,718.0,sim,so4,
oname:conc_otype:lst_usecol:sim_time:718.0_obsid:wp4-f5_variable:o0,1.09358e-10,0.0,conc,,,wp4-f5,conc,lst,718.0,sim,o0,
oname:conc_otype:lst_usecol:sim_time:718.0_obsid:wp4-f5_variable:ph,6.78793,0.0,conc,,,wp4-f5,conc,lst,718.0,sim,ph,
oname:conc_otype:lst_usecol:sim_time:718.0_obsid:wp4-f5_variable:so4,0.000762982,0.0,conc,,,wp4-f5,conc,lst,718.0,sim,so4,
oname:conc_otype:lst_usecol:sim_time:719.0_obsid:welopt-ly1_variable:so4,0.000414151,0.0,forecast,,,welopt-ly1,conc,lst,719.0,sim,so4,
oname:conc_otype:lst_usecol:sim_time:719.0_obsid:welopt-ly3_variable:o0,8.91009e-11,0.0,conc,,,welopt-ly3,conc,lst,719.0,sim,o0,
oname:conc_otype:lst_usecol:sim_time:719.0_obsid:welopt-ly3_variable:ph,6.74524,0.0,conc,,,welopt-ly3,conc,lst,719.0,sim,ph,
oname:conc_otype:lst_usecol:sim_time:719.0_obsid:welopt-ly3_variable:so4,0.000701553,0.0,forecast,,,welopt-ly3,conc,lst,719.0,sim,so4,
oname:conc_otype:lst_usecol:sim_time:719.0_obsid:welopt-ly5_variable:so4,0.000748983,0.0,forecast,,,welopt-ly5,conc,lst,719.0,sim,so4,
oname:conc_otype:lst_usecol:sim_time:719.0_obsid:wp1-f3_variable:o0,4.69318e-05,0.0,conc,,,wp1-f3,conc,lst,719.0,sim,o0,
oname:conc_otype:lst_usecol:sim_time:719.0_obsid:wp1-f3_variable:ph,6.83617,0.0,conc,,,wp1-f3,conc,lst,719.0,sim,ph,
oname:conc_otype:lst_usecol:sim_time:719.0_obsid:wp1-f3_variable:so4,0.000601703,0.0,conc,,,wp1-f3,conc,lst,719.0,sim,so4,
oname:conc_otype:lst_usecol:sim_time:719.0_obsid:wp4-f5_variable:o0,1.09358e-10,0.0,conc,,,wp4-f5,conc,lst,719.0,sim,o0,
oname:conc_otype:lst_usecol:sim_time:719.0_obsid:wp4-f5_variable:ph,6.78793,0.0,conc,,,wp4-f5,conc,lst,719.0,sim,ph,
oname:conc_otype:lst_usecol:sim_time:719.0_obsid:wp4-f5_variable:so4,0.000762982,0.0,conc,,,wp4-f5,conc,lst,719.0,sim,so4,
oname:conc_otype:lst_usecol:sim_time:72.0_obsid:welopt-ly3_variable:o0,0.0,0.0,conc,,,welopt-ly3,conc,lst,72.0,sim,o0,
oname:conc_otype:lst_usecol:sim_time:72.0_obsid:welopt-ly3_variable:ph,6.67491,0.0,conc,,,welopt-ly3,conc,lst,72.0,sim,ph,
oname:conc_otype:lst_usecol:sim_time:72.0_obsid:welopt-ly3_variable:so4,5.51027e-05,0.0,conc,,,welopt-ly3,conc,lst,72.0,sim,so4,
oname:conc_otype:lst_usecol:sim_time:72.0_obsid:wp1-f3_variable:o0,3.4508e-10,3065.696697424829,conc,,,wp1-f3,conc,lst,72.0,sim,o0,0.000326190128606
oname:conc_otype:lst_usecol:sim_time:72.0_obsid:wp1-f3_variable:ph,6.6351,0.6131393394849658,conc,,,wp1-f3,conc,lst,72.0,sim,ph,1.6309506430300091
oname:conc_otype:lst_usecol:sim_time:72.0_obsid:wp1-f3_variable:so4,0.000765564,1226.2786789699317,conc,,,wp1-f3,conc,lst,72.0,sim,so4,0.000815475321515
oname:conc_otype:lst_usecol:sim_time:72.0_obsid:wp4-f5_variable:o0,2.9275400000000002e-34,3143.4730673096574,conc,,,wp4-f5,conc,lst,72.0,sim,o0,0.0003181194744117
oname:conc_otype:lst_usecol:sim_time:72.0_obsid:wp4-f5_variable:ph,6.60679,0.6286946134619315,conc,,,wp4-f5,conc,lst,72.0,sim,ph,1.5905973720586868
oname:conc_otype:lst_usecol:sim_time:72.0_obsid:wp4-f5_variable:so4,0.000249616,1023.3980614065772,conc,,,wp4-f5,conc,lst,72.0,sim,so4,0.0009771368910212
oname:conc_otype:lst_usecol:sim_time:720.0_obsid:welopt-ly1_variable:so4,0.000414151,0.0,forecast,,,welopt-ly1,conc,lst,720.0,sim,so4,
oname:conc_otype:lst_usecol:sim_time:720.0_obsid:welopt-ly3_variable:o0,8.91009e-11,0.0,conc,,,welopt-ly3,conc,lst,720.0,sim,o0,
oname:conc_otype:lst_usecol:sim_time:720.0_obsid:welopt-ly3_variable:ph,6.74524,0.0,conc,,,welopt-ly3,conc,lst,720.0,sim,ph,
oname:conc_otype:lst_usecol:sim_time:720.0_obsid:welopt-ly3_variable:so4,0.000701553,0.0,forecast,,,welopt-ly3,conc,lst,720.0,sim,so4,
oname:conc_otype:lst_usecol:sim_time:720.0_obsid:welopt-ly5_variable:so4,0.000748983,0.0,forecast,,,welopt-ly5,conc,lst,720.0,sim,so4,
oname:conc_otype:lst_usecol:sim_time:720.0_obsid:wp1-f3_variable:o0,4.69318e-05,0.0,conc,,,wp1-f3,conc,lst,720.0,sim,o0,
oname:conc_otype:lst_usecol:sim_time:720.0_obsid:wp1-f3_variable:ph,6.83617,0.0,conc,,,wp1-f3,conc,lst,720.0,sim,ph,
oname:conc_otype:lst_usecol:sim_time:720.0_obsid:wp1-f3_variable:so4,0.000601703,0.0,conc,,,wp1-f3,conc,lst,720.0,sim,so4,
oname:conc_otype:lst_usecol:sim_time:720.0_obsid:wp4-f5_variable:o0,1.09358e-10,0.0,conc,,,wp4-f5,conc,lst,720.0,sim,o0,
oname:conc_otype:lst_usecol:sim_time:720.0_obsid:wp4-f5_variable:ph,6.78793,0.0,conc,,,wp4-f5,conc,lst,720.0,sim,ph,
oname:conc_otype:lst_usecol:sim_time:720.0_obsid:wp4-f5_variable:so4,0.000762982,0.0,conc,,,wp4-f5,conc,lst,720.0,sim,so4,
oname:conc_otype:lst_usecol:sim_time:721.0_obsid:welopt-ly1_variable:so4,0.000414151,0.0,forecast,,,welopt-ly1,conc,lst,721.0,sim,so4,
oname:conc_otype:lst_usecol:sim_time:721.0_obsid:welopt-ly3_variable:o0,8.91009e-11,0.0,conc,,,welopt-ly3,conc,lst,721.0,sim,o0,
oname:conc_otype:lst_usecol:sim_time:721.0_obsid:welopt-ly3_variable:ph,6.74524,0.0,conc,,,welopt-ly3,conc,lst,721.0,sim,ph,
oname:conc_otype:lst_usecol:sim_time:721.0_obsid:welopt-ly3_variable:so4,0.000701553,0.0,forecast,,,welopt-ly3,conc,lst,721.0,sim,so4,
oname:conc_otype:lst_usecol:sim_time:721.0_obsid:welopt-ly5_variable:so4,0.000748983,0.0,forecast,,,welopt-ly5,conc,lst,721.0,sim,so4,
oname:conc_otype:lst_usecol:sim_time:721.0_obsid:wp1-f3_variable:o0,4.69318e-05,0.0,conc,,,wp1-f3,conc,lst,721.0,sim,o0,
oname:conc_otype:lst_usecol:sim_time:721.0_obsid:wp1-f3_variable:ph,6.83617,0.0,conc,,,wp1-f3,conc,lst,721.0,sim,ph,
oname:conc_otype:lst_usecol:sim_time:721.0_obsid:wp1-f3_variable:so4,0.000601703,0.0,conc,,,wp1-f3,conc,lst,721.0,sim,so4,
oname:conc_otype:lst_usecol:sim_time:721.0_obsid:wp4-f5_variable:o0,1.09358e-10,0.0,conc,,,wp4-f5,conc,lst,721.0,sim,o0,
oname:conc_otype:lst_usecol:sim_time:721.0_obsid:wp4-f5_variable:ph,6.78793,0.0,conc,,,wp4-f5,conc,lst,721.0,sim,ph,
oname:conc_otype:lst_usecol:sim_time:721.0_obsid:wp4-f5_variable:so4,0.000762982,0.0,conc,,,wp4-f5,conc,lst,721.0,sim,so4,
oname:conc_otype:lst_usecol:sim_time:722.0_obsid:welopt-ly1_variable:so4,0.000414151,0.0,forecast,,,welopt-ly1,conc,lst,722.0,sim,so4,
oname:conc_otype:lst_usecol:sim_time:722.0_obsid:welopt-ly3_variable:o0,8.91009e-11,0.0,conc,,,welopt-ly3,conc,lst,722.0,sim,o0,
oname:conc_otype:lst_usecol:sim_time:722.0_obsid:welopt-ly3_variable:ph,6.74524,0.0,conc,,,welopt-ly3,conc,lst,722.0,sim,ph,
oname:conc_otype:lst_usecol:sim_time:722.0_obsid:welopt-ly3_variable:so4,0.000701553,0.0,forecast,,,welopt-ly3,conc,lst,722.0,sim,so4,
oname:conc_otype:lst_usecol:sim_time:722.0_obsid:welopt-ly5_variable:so4,0.000748983,0.0,forecast,,,welopt-ly5,conc,lst,722.0,sim,so4,
oname:conc_otype:lst_usecol:sim_time:722.0_obsid:wp1-f3_variable:o0,4.69318e-05,0.0,conc,,,wp1-f3,conc,lst,722.0,sim,o0,
oname:conc_otype:lst_usecol:sim_time:722.0_obsid:wp1-f3_variable:ph,6.83617,0.0,conc,,,wp1-f3,conc,lst,722.0,sim,ph,
oname:conc_otype:lst_usecol:sim_time:722.0_obsid:wp1-f3_variable:so4,0.000601703,0.0,conc,,,wp1-f3,conc,lst,722.0,sim,so4,
oname:conc_otype:lst_usecol:sim_time:722.0_obsid:wp4-f5_variable:o0,1.09358e-10,0.0,conc,,,wp4-f5,conc,lst,722.0,sim,o0,
oname:conc_otype:lst_usecol:sim_time:722.0_obsid:wp4-f5_variable:ph,6.78793,0.0,conc,,,wp4-f5,conc,lst,722.0,sim,ph,
oname:conc_otype:lst_usecol:sim_time:722.0_obsid:wp4-f5_variable:so4,0.000762982,0.0,conc,,,wp4-f5,conc,lst,722.0,sim,so4,
oname:conc_otype:lst_usecol:sim_time:723.0_obsid:welopt-ly1_variable:so4,0.000418691,0.0,forecast,,,welopt-ly1,conc,lst,723.0,sim,so4,
oname:conc_otype:lst_usecol:sim_time:723.0_obsid:welopt-ly3_variable:o0,7.96228e-11,0.0,conc,,,welopt-ly3,conc,lst,723.0,sim,o0,
oname:conc_otype:lst_usecol:sim_time:723.0_obsid:welopt-ly3_variable:ph,6.76217,0.0,conc,,,welopt-ly3,conc,lst,723.0,sim,ph,
oname:conc_otype:lst_usecol:sim_time:723.0_obsid:welopt-ly3_variable:so4,0.000714864,0.0,forecast,,,welopt-ly3,conc,lst,723.0,sim,so4,
oname:conc_otype:lst_usecol:sim_time:723.0_obsid:welopt-ly5_variable:so4,0.00076233,0.0,forecast,,,welopt-ly5,conc,lst,723.0,sim,so4,
oname:conc_otype:lst_usecol:sim_time:723.0_obsid:wp1-f3_variable:o0,4.66886e-05,0.0,conc,,,wp1-f3,conc,lst,723.0,sim,o0,
oname:conc_otype:lst_usecol:sim_time:723.0_obsid:wp1-f3_variable:ph,6.83671,0.0,conc,,,wp1-f3,conc,lst,723.0,sim,ph,
oname:conc_otype:lst_usecol:sim_time:723.0_obsid:wp1-f3_variable:so4,0.000604254,0.0,conc,,,wp1-f3,conc,lst,723.0,sim,so4,
oname:conc_otype:lst_usecol:sim_time:723.0_obsid:wp4-f5_variable:o0,1.18198e-10,0.0,conc,,,wp4-f5,conc,lst,723.0,sim,o0,
oname:conc_otype:lst_usecol:sim_time:723.0_obsid:wp4-f5_variable:ph,6.78064,0.0,conc,,,wp4-f5,conc,lst,723.0,sim,ph,
oname:conc_otype:lst_usecol:sim_time:723.0_obsid:wp4-f5_variable:so4,0.000781914,0.0,conc,,,wp4-f5,conc,lst,723.0,sim,so4,
oname:conc_otype:lst_usecol:sim_time:724.0_obsid:welopt-ly1_variable:so4,0.000418691,0.0,forecast,,,welopt-ly1,conc,lst,724.0,sim,so4,
oname:conc_otype:lst_usecol:sim_time:724.0_obsid:welopt-ly3_variable:o0,7.96228e-11,0.0,conc,,,welopt-ly3,conc,lst,724.0,sim,o0,
oname:conc_otype:lst_usecol:sim_time:724.0_obsid:welopt-ly3_variable:ph,6.76217,0.0,conc,,,welopt-ly3,conc,lst,724.0,sim,ph,
oname:conc_otype:lst_usecol:sim_time:724.0_obsid:welopt-ly3_variable:so4,0.000714864,0.0,forecast,,,welopt-ly3,conc,lst,724.0,sim,so4,
oname:conc_otype:lst_usecol:sim_time:724.0_obsid:welopt-ly5_variable:so4,0.00076233,0.0,forecast,,,welopt-ly5,conc,lst,724.0,sim,so4,
oname:conc_otype:lst_usecol:sim_time:724.0_obsid:wp1-f3_variable:o0,4.66886e-05,0.0,conc,,,wp1-f3,conc,lst,724.0,sim,o0,
oname:conc_otype:lst_usecol:sim_time:724.0_obsid:wp1-f3_variable:ph,6.83671,0.0,conc,,,wp1-f3,conc,lst,724.0,sim,ph,
oname:conc_otype:lst_usecol:sim_time:724.0_obsid:wp1-f3_variable:so4,0.000604254,0.0,conc,,,wp1-f3,conc,lst,724.0,sim,so4,
oname:conc_otype:lst_usecol:sim_time:724.0_obsid:wp4-f5_variable:o0,1.18198e-10,0.0,conc,,,wp4-f5,conc,lst,724.0,sim,o0,
oname:conc_otype:lst_usecol:sim_time:724.0_obsid:wp4-f5_variable:ph,6.78064,0.0,conc,,,wp4-f5,conc,lst,724.0,sim,ph,
oname:conc_otype:lst_usecol:sim_time:724.0_obsid:wp4-f5_variable:so4,0.000781914,0.0,conc,,,wp4-f5,conc,lst,724.0,sim,so4,
oname:conc_otype:lst_usecol:sim_time:725.0_obsid:welopt-ly1_variable:so4,0.000418691,0.0,forecast,,,welopt-ly1,conc,lst,725.0,sim,so4,
oname:conc_otype:lst_usecol:sim_time:725.0_obsid:welopt-ly3_variable:o0,7.96228e-11,0.0,conc,,,welopt-ly3,conc,lst,725.0,sim,o0,
oname:conc_otype:lst_usecol:sim_time:725.0_obsid:welopt-ly3_variable:ph,6.76217,0.0,conc,,,welopt-ly3,conc,lst,725.0,sim,ph,
oname:conc_otype:lst_usecol:sim_time:725.0_obsid:welopt-ly3_variable:so4,0.000714864,0.0,forecast,,,welopt-ly3,conc,lst,725.0,sim,so4,
oname:conc_otype:lst_usecol:sim_time:725.0_obsid:welopt-ly5_variable:so4,0.00076233,0.0,forecast,,,welopt-ly5,conc,lst,725.0,sim,so4,
oname:conc_otype:lst_usecol:sim_time:725.0_obsid:wp1-f3_variable:o0,4.66886e-05,0.0,conc,,,wp1-f3,conc,lst,725.0,sim,o0,
oname:conc_otype:lst_usecol:sim_time:725.0_obsid:wp1-f3_variable:ph,6.83671,0.0,conc,,,wp1-f3,conc,lst,725.0,sim,ph,
oname:conc_otype:lst_usecol:sim_time:725.0_obsid:wp1-f3_variable:so4,0.000604254,0.0,conc,,,wp1-f3,conc,lst,725.0,sim,so4,
oname:conc_otype:lst_usecol:sim_time:725.0_obsid:wp4-f5_variable:o0,1.18198e-10,0.0,conc,,,wp4-f5,conc,lst,725.0,sim,o0,
oname:conc_otype:lst_usecol:sim_time:725.0_obsid:wp4-f5_variable:ph,6.78064,0.0,conc,,,wp4-f5,conc,lst,725.0,sim,ph,
oname:conc_otype:lst_usecol:sim_time:725.0_obsid:wp4-f5_variable:so4,0.000781914,0.0,conc,,,wp4-f5,conc,lst,725.0,sim,so4,
oname:conc_otype:lst_usecol:sim_time:726.0_obsid:welopt-ly1_variable:so4,0.000418691,0.0,forecast,,,welopt-ly1,conc,lst,726.0,sim,so4,
oname:conc_otype:lst_usecol:sim_time:726.0_obsid:welopt-ly3_variable:o0,7.96228e-11,0.0,conc,,,welopt-ly3,conc,lst,726.0,sim,o0,
oname:conc_otype:lst_usecol:sim_time:726.0_obsid:welopt-ly3_variable:ph,6.76217,0.0,conc,,,welopt-ly3,conc,lst,726.0,sim,ph,
oname:conc_otype:lst_usecol:sim_time:726.0_obsid:welopt-ly3_variable:so4,0.000714864,0.0,forecast,,,welopt-ly3,conc,lst,726.0,sim,so4,
oname:conc_otype:lst_usecol:sim_time:726.0_obsid:welopt-ly5_variable:so4,0.00076233,0.0,forecast,,,welopt-ly5,conc,lst,726.0,sim,so4,
oname:conc_otype:lst_usecol:sim_time:726.0_obsid:wp1-f3_variable:o0,4.66886e-05,0.0,conc,,,wp1-f3,conc,lst,726.0,sim,o0,
oname:conc_otype:lst_usecol:sim_time:726.0_obsid:wp1-f3_variable:ph,6.83671,0.0,conc,,,wp1-f3,conc,lst,726.0,sim,ph,
oname:conc_otype:lst_usecol:sim_time:726.0_obsid:wp1-f3_variable:so4,0.000604254,0.0,conc,,,wp1-f3,conc,lst,726.0,sim,so4,
oname:conc_otype:lst_usecol:sim_time:726.0_obsid:wp4-f5_variable:o0,1.18198e-10,0.0,conc,,,wp4-f5,conc,lst,726.0,sim,o0,
oname:conc_otype:lst_usecol:sim_time:726.0_obsid:wp4-f5_variable:ph,6.78064,0.0,conc,,,wp4-f5,conc,lst,726.0,sim,ph,
oname:conc_otype:lst_usecol:sim_time:726.0_obsid:wp4-f5_variable:so4,0.000781914,0.0,conc,,,wp4-f5,conc,lst,726.0,sim,so4,
oname:conc_otype:lst_usecol:sim_time:727.0_obsid:welopt-ly1_variable:so4,0.000418691,0.0,forecast,,,welopt-ly1,conc,lst,727.0,sim,so4,
oname:conc_otype:lst_usecol:sim_time:727.0_obsid:welopt-ly3_variable:o0,7.96228e-11,0.0,conc,,,welopt-ly3,conc,lst,727.0,sim,o0,
oname:conc_otype:lst_usecol:sim_time:727.0_obsid:welopt-ly3_variable:ph,6.76217,0.0,conc,,,welopt-ly3,conc,lst,727.0,sim,ph,
oname:conc_otype:lst_usecol:sim_time:727.0_obsid:welopt-ly3_variable:so4,0.000714864,0.0,forecast,,,welopt-ly3,conc,lst,727.0,sim,so4,
oname:conc_otype:lst_usecol:sim_time:727.0_obsid:welopt-ly5_variable:so4,0.00076233,0.0,forecast,,,welopt-ly5,conc,lst,727.0,sim,so4,
oname:conc_otype:lst_usecol:sim_time:727.0_obsid:wp1-f3_variable:o0,4.66886e-05,0.0,conc,,,wp1-f3,conc,lst,727.0,sim,o0,
oname:conc_otype:lst_usecol:sim_time:727.0_obsid:wp1-f3_variable:ph,6.83671,0.0,conc,,,wp1-f3,conc,lst,727.0,sim,ph,
oname:conc_otype:lst_usecol:sim_time:727.0_obsid:wp1-f3_variable:so4,0.000604254,0.0,conc,,,wp1-f3,conc,lst,727.0,sim,so4,
oname:conc_otype:lst_usecol:sim_time:727.0_obsid:wp4-f5_variable:o0,1.18198e-10,0.0,conc,,,wp4-f5,conc,lst,727.0,sim,o0,
oname:conc_otype:lst_usecol:sim_time:727.0_obsid:wp4-f5_variable:ph,6.78064,0.0,conc,,,wp4-f5,conc,lst,727.0,sim,ph,
oname:conc_otype:lst_usecol:sim_time:727.0_obsid:wp4-f5_variable:so4,0.000781914,0.0,conc,,,wp4-f5,conc,lst,727.0,sim,so4,
oname:conc_otype:lst_usecol:sim_time:728.0_obsid:welopt-ly1_variable:so4,0.000418691,0.0,forecast,,,welopt-ly1,conc,lst,728.0,sim,so4,
oname:conc_otype:lst_usecol:sim_time:728.0_obsid:welopt-ly3_variable:o0,7.96228e-11,0.0,conc,,,welopt-ly3,conc,lst,728.0,sim,o0,
oname:conc_otype:lst_usecol:sim_time:728.0_obsid:welopt-ly3_variable:ph,6.76217,0.0,conc,,,welopt-ly3,conc,lst,728.0,sim,ph,
oname:conc_otype:lst_usecol:sim_time:728.0_obsid:welopt-ly3_variable:so4,0.000714864,0.0,forecast,,,welopt-ly3,conc,lst,728.0,sim,so4,
oname:conc_otype:lst_usecol:sim_time:728.0_obsid:welopt-ly5_variable:so4,0.00076233,0.0,forecast,,,welopt-ly5,conc,lst,728.0,sim,so4,
oname:conc_otype:lst_usecol:sim_time:728.0_obsid:wp1-f3_variable:o0,4.66886e-05,0.0,conc,,,wp1-f3,conc,lst,728.0,sim,o0,
oname:conc_otype:lst_usecol:sim_time:728.0_obsid:wp1-f3_variable:ph,6.83671,0.0,conc,,,wp1-f3,conc,lst,728.0,sim,ph,
oname:conc_otype:lst_usecol:sim_time:728.0_obsid:wp1-f3_variable:so4,0.000604254,0.0,conc,,,wp1-f3,conc,lst,728.0,sim,so4,
oname:conc_otype:lst_usecol:sim_time:728.0_obsid:wp4-f5_variable:o0,1.18198e-10,0.0,conc,,,wp4-f5,conc,lst,728.0,sim,o0,
oname:conc_otype:lst_usecol:sim_time:728.0_obsid:wp4-f5_variable:ph,6.78064,0.0,conc,,,wp4-f5,conc,lst,728.0,sim,ph,
oname:conc_otype:lst_usecol:sim_time:728.0_obsid:wp4-f5_variable:so4,0.000781914,0.0,conc,,,wp4-f5,conc,lst,728.0,sim,so4,
oname:conc_otype:lst_usecol:sim_time:729.0_obsid:welopt-ly3_variable:o0,7.96228e-11,0.0,conc,,,welopt-ly3,conc,lst,729.0,sim,o0,
oname:conc_otype:lst_usecol:sim_time:729.0_obsid:welopt-ly3_variable:ph,6.76217,0.0,conc,,,welopt-ly3,conc,lst,729.0,sim,ph,
oname:conc_otype:lst_usecol:sim_time:729.0_obsid:welopt-ly3_variable:so4,0.000714864,0.0,conc,,,welopt-ly3,conc,lst,729.0,sim,so4,
oname:conc_otype:lst_usecol:sim_time:729.0_obsid:wp1-f3_variable:o0,4.66886e-05,0.0,conc,,,wp1-f3,conc,lst,729.0,sim,o0,
oname:conc_otype:lst_usecol:sim_time:729.0_obsid:wp1-f3_variable:ph,6.83671,0.0,conc,,,wp1-f3,conc,lst,729.0,sim,ph,
oname:conc_otype:lst_usecol:sim_time:729.0_obsid:wp1-f3_variable:so4,0.000604254,0.0,conc,,,wp1-f3,conc,lst,729.0,sim,so4,
oname:conc_otype:lst_usecol:sim_time:729.0_obsid:wp4-f5_variable:o0,1.18198e-10,0.0,conc,,,wp4-f5,conc,lst,729.0,sim,o0,
oname:conc_otype:lst_usecol:sim_time:729.0_obsid:wp4-f5_variable:ph,6.78064,0.0,conc,,,wp4-f5,conc,lst,729.0,sim,ph,
oname:conc_otype:lst_usecol:sim_time:729.0_obsid:wp4-f5_variable:so4,0.000781914,0.0,conc,,,wp4-f5,conc,lst,729.0,sim,so4,
oname:conc_otype:lst_usecol:sim_time:73.0_obsid:welopt-ly3_variable:o0,0.0,0.0,conc,,,welopt-ly3,conc,lst,73.0,sim,o0,
oname:conc_otype:lst_usecol:sim_time:73.0_obsid:welopt-ly3_variable:ph,6.67491,0.0,conc,,,welopt-ly3,conc,lst,73.0,sim,ph,
oname:conc_otype:lst_usecol:sim_time:73.0_obsid:welopt-ly3_variable:so4,5.51027e-05,0.0,conc,,,welopt-ly3,conc,lst,73.0,sim,so4,
oname:conc_otype:lst_usecol:sim_time:73.0_obsid:wp1-f3_variable:o0,3.4508e-10,3065.696697424829,conc,,,wp1-f3,conc,lst,73.0,sim,o0,0.000326190128606
oname:conc_otype:lst_usecol:sim_time:73.0_obsid:wp1-f3_variable:ph,6.6351,0.6131393394849658,conc,,,wp1-f3,conc,lst,73.0,sim,ph,1.6309506430300091
oname:conc_otype:lst_usecol:sim_time:73.0_obsid:wp1-f3_variable:so4,0.000765564,1226.2786789699317,conc,,,wp1-f3,conc,lst,73.0,sim,so4,0.000815475321515
oname:conc_otype:lst_usecol:sim_time:73.0_obsid:wp4-f5_variable:o0,2.9275400000000002e-34,3143.4730673096574,conc,,,wp4-f5,conc,lst,73.0,sim,o0,0.0003181194744117
oname:conc_otype:lst_usecol:sim_time:73.0_obsid:wp4-f5_variable:ph,6.60679,0.6286946134619315,conc,,,wp4-f5,conc,lst,73.0,sim,ph,1.5905973720586868
oname:conc_otype:lst_usecol:sim_time:73.0_obsid:wp4-f5_variable:so4,0.000249616,1023.3980614065772,conc,,,wp4-f5,conc,lst,73.0,sim,so4,0.0009771368910212
oname:conc_otype:lst_usecol:sim_time:74.0_obsid:welopt-ly3_variable:o0,0.0,0.0,conc,,,welopt-ly3,conc,lst,74.0,sim,o0,
oname:conc_otype:lst_usecol:sim_time:74.0_obsid:welopt-ly3_variable:ph,6.67491,0.0,conc,,,welopt-ly3,conc,lst,74.0,sim,ph,
oname:conc_otype:lst_usecol:sim_time:74.0_obsid:welopt-ly3_variable:so4,5.51027e-05,0.0,conc,,,welopt-ly3,conc,lst,74.0,sim,so4,
oname:conc_otype:lst_usecol:sim_time:74.0_obsid:wp1-f3_variable:o0,3.4508e-10,3065.696697424829,conc,,,wp1-f3,conc,lst,74.0,sim,o0,0.000326190128606
oname:conc_otype:lst_usecol:sim_time:74.0_obsid:wp1-f3_variable:ph,6.6351,0.6131393394849658,conc,,,wp1-f3,conc,lst,74.0,sim,ph,1.6309506430300091
oname:conc_otype:lst_usecol:sim_time:74.0_obsid:wp1-f3_variable:so4,0.000765564,1226.2786789699317,conc,,,wp1-f3,conc,lst,74.0,sim,so4,0.000815475321515
oname:conc_otype:lst_usecol:sim_time:74.0_obsid:wp4-f5_variable:o0,2.9275400000000002e-34,3143.4730673096574,conc,,,wp4-f5,conc,lst,74.0,sim,o0,0.0003181194744117
oname:conc_otype:lst_usecol:sim_time:74.0_obsid:wp4-f5_variable:ph,6.60679,0.6286946134619315,conc,,,wp4-f5,conc,lst,74.0,sim,ph,1.5905973720586868
oname:conc_otype:lst_usecol:sim_time:74.0_obsid:wp4-f5_variable:so4,0.000249616,1023.3980614065772,conc,,,wp4-f5,conc,lst,74.0,sim,so4,0.0009771368910212
oname:conc_otype:lst_usecol:sim_time:75.0_obsid:welopt-ly3_variable:o0,0.0,0.0,conc,,,welopt-ly3,conc,lst,75.0,sim,o0,
oname:conc_otype:lst_usecol:sim_time:75.0_obsid:welopt-ly3_variable:ph,6.67491,0.0,conc,,,welopt-ly3,conc,lst,75.0,sim,ph,
oname:conc_otype:lst_usecol:sim_time:75.0_obsid:welopt-ly3_variable:so4,5.51027e-05,0.0,conc,,,welopt-ly3,conc,lst,75.0,sim,so4,
oname:conc_otype:lst_usecol:sim_time:75.0_obsid:wp1-f3_variable:o0,3.4508e-10,3065.696697424829,conc,,,wp1-f3,conc,lst,75.0,sim,o0,0.000326190128606
oname:conc_otype:lst_usecol:sim_time:75.0_obsid:wp1-f3_variable:ph,6.6351,0.6131393394849658,conc,,,wp1-f3,conc,lst,75.0,sim,ph,1.6309506430300091
oname:conc_otype:lst_usecol:sim_time:75.0_obsid:wp1-f3_variable:so4,0.000765564,1226.2786789699317,conc,,,wp1-f3,conc,lst,75.0,sim,so4,0.000815475321515
oname:conc_otype:lst_usecol:sim_time:75.0_obsid:wp4-f5_variable:o0,2.9275400000000002e-34,3143.4730673096574,conc,,,wp4-f5,conc,lst,75.0,sim,o0,0.0003181194744117
oname:conc_otype:lst_usecol:sim_time:75.0_obsid:wp4-f5_variable:ph,6.60679,0.6286946134619315,conc,,,wp4-f5,conc,lst,75.0,sim,ph,1.5905973720586868
oname:conc_otype:lst_usecol:sim_time:75.0_obsid:wp4-f5_variable:so4,0.000249616,1023.3980614065772,conc,,,wp4-f5,conc,lst,75.0,sim,so4,0.0009771368910212
oname:conc_otype:lst_usecol:sim_time:76.0_obsid:welopt-ly3_variable:o0,0.0,0.0,conc,,,welopt-ly3,conc,lst,76.0,sim,o0,
oname:conc_otype:lst_usecol:sim_time:76.0_obsid:welopt-ly3_variable:ph,6.67491,0.0,conc,,,welopt-ly3,conc,lst,76.0,sim,ph,
oname:conc_otype:lst_usecol:sim_time:76.0_obsid:welopt-ly3_variable:so4,5.51027e-05,0.0,conc,,,welopt-ly3,conc,lst,76.0,sim,so4,
oname:conc_otype:lst_usecol:sim_time:76.0_obsid:wp1-f3_variable:o0,3.4508e-10,3065.696697424829,conc,,,wp1-f3,conc,lst,76.0,sim,o0,0.000326190128606
oname:conc_otype:lst_usecol:sim_time:76.0_obsid:wp1-f3_variable:ph,6.6351,0.6131393394849658,conc,,,wp1-f3,conc,lst,76.0,sim,ph,1.6309506430300091
oname:conc_otype:lst_usecol:sim_time:76.0_obsid:wp1-f3_variable:so4,0.000765564,1226.2786789699317,conc,,,wp1-f3,conc,lst,76.0,sim,so4,0.000815475321515
oname:conc_otype:lst_usecol:sim_time:76.0_obsid:wp4-f5_variable:o0,2.9275400000000002e-34,3143.4730673096574,conc,,,wp4-f5,conc,lst,76.0,sim,o0,0.0003181194744117
oname:conc_otype:lst_usecol:sim_time:76.0_obsid:wp4-f5_variable:ph,6.60679,0.6286946134619315,conc,,,wp4-f5,conc,lst,76.0,sim,ph,1.5905973720586868
oname:conc_otype:lst_usecol:sim_time:76.0_obsid:wp4-f5_variable:so4,0.000249616,1023.3980614065772,conc,,,wp4-f5,conc,lst,76.0,sim,so4,0.0009771368910212
oname:conc_otype:lst_usecol:sim_time:77.0_obsid:welopt-ly3_variable:o0,0.0,0.0,conc,,,welopt-ly3,conc,lst,77.0,sim,o0,
oname:conc_otype:lst_usecol:sim_time:77.0_obsid:welopt-ly3_variable:ph,6.67491,0.0,conc,,,welopt-ly3,conc,lst,77.0,sim,ph,
oname:conc_otype:lst_usecol:sim_time:77.0_obsid:welopt-ly3_variable:so4,5.51027e-05,0.0,conc,,,welopt-ly3,conc,lst,77.0,sim,so4,
oname:conc_otype:lst_usecol:sim_time:77.0_obsid:wp1-f3_variable:o0,3.4508e-10,3065.696697424829,conc,,,wp1-f3,conc,lst,77.0,sim,o0,0.000326190128606
oname:conc_otype:lst_usecol:sim_time:77.0_obsid:wp1-f3_variable:ph,6.6351,0.6131393394849658,conc,,,wp1-f3,conc,lst,77.0,sim,ph,1.6309506430300091
oname:conc_otype:lst_usecol:sim_time:77.0_obsid:wp1-f3_variable:so4,0.000765564,1226.2786789699317,conc,,,wp1-f3,conc,lst,77.0,sim,so4,0.000815475321515
oname:conc_otype:lst_usecol:sim_time:77.0_obsid:wp4-f5_variable:o0,2.9275400000000002e-34,3143.4730673096574,conc,,,wp4-f5,conc,lst,77.0,sim,o0,0.0003181194744117
oname:conc_otype:lst_usecol:sim_time:77.0_obsid:wp4-f5_variable:ph,6.60679,0.6286946134619315,conc,,,wp4-f5,conc,lst,77.0,sim,ph,1.5905973720586868
oname:conc_otype:lst_usecol:sim_time:77.0_obsid:wp4-f5_variable:so4,0.000249616,1023.3980614065772,conc,,,wp4-f5,conc,lst,77.0,sim,so4,0.0009771368910212
oname:conc_otype:lst_usecol:sim_time:78.0_obsid:welopt-ly3_variable:o0,0.0,0.0,conc,,,welopt-ly3,conc,lst,78.0,sim,o0,
oname:conc_otype:lst_usecol:sim_time:78.0_obsid:welopt-ly3_variable:ph,6.67491,0.0,conc,,,welopt-ly3,conc,lst,78.0,sim,ph,
oname:conc_otype:lst_usecol:sim_time:78.0_obsid:welopt-ly3_variable:so4,5.51027e-05,0.0,conc,,,welopt-ly3,conc,lst,78.0,sim,so4,
oname:conc_otype:lst_usecol:sim_time:78.0_obsid:wp1-f3_variable:o0,3.4508e-10,3065.696697424829,conc,,,wp1-f3,conc,lst,78.0,sim,o0,0.000326190128606
oname:conc_otype:lst_usecol:sim_time:78.0_obsid:wp1-f3_variable:ph,6.6351,0.6131393394849658,conc,,,wp1-f3,conc,lst,78.0,sim,ph,1.6309506430300091
oname:conc_otype:lst_usecol:sim_time:78.0_obsid:wp1-f3_variable:so4,0.000765564,1226.2786789699317,conc,,,wp1-f3,conc,lst,78.0,sim,so4,0.000815475321515
oname:conc_otype:lst_usecol:sim_time:78.0_obsid:wp4-f5_variable:o0,2.9275400000000002e-34,3143.4730673096574,conc,,,wp4-f5,conc,lst,78.0,sim,o0,0.0003181194744117
oname:conc_otype:lst_usecol:sim_time:78.0_obsid:wp4-f5_variable:ph,6.60679,0.6286946134619315,conc,,,wp4-f5,conc,lst,78.0,sim,ph,1.5905973720586868
oname:conc_otype:lst_usecol:sim_time:78.0_obsid:wp4-f5_variable:so4,0.000249616,1023.3980614065772,conc,,,wp4-f5,conc,lst,78.0,sim,so4,0.0009771368910212
oname:conc_otype:lst_usecol:sim_time:79.0_obsid:welopt-ly3_variable:o0,0.0,0.0,conc,,,welopt-ly3,conc,lst,79.0,sim,o0,
oname:conc_otype:lst_usecol:sim_time:79.0_obsid:welopt-ly3_variable:ph,6.67491,0.0,conc,,,welopt-ly3,conc,lst,79.0,sim,ph,
oname:conc_otype:lst_usecol:sim_time:79.0_obsid:welopt-ly3_variable:so4,5.51027e-05,0.0,conc,,,welopt-ly3,conc,lst,79.0,sim,so4,
oname:conc_otype:lst_usecol:sim_time:79.0_obsid:wp1-f3_variable:o0,4.22508e-10,3065.696697424829,conc,,,wp1-f3,conc,lst,79.0,sim,o0,0.000326190128606
oname:conc_otype:lst_usecol:sim_time:79.0_obsid:wp1-f3_variable:ph,6.62103,0.6131393394849658,conc,,,wp1-f3,conc,lst,79.0,sim,ph,1.6309506430300091
oname:conc_otype:lst_usecol:sim_time:79.0_obsid:wp1-f3_variable:so4,0.000779791,1226.2786789699317,conc,,,wp1-f3,conc,lst,79.0,sim,so4,0.000815475321515
oname:conc_otype:lst_usecol:sim_time:79.0_obsid:wp4-f5_variable:o0,9.441140000000001e-34,3143.4730673096574,conc,,,wp4-f5,conc,lst,79.0,sim,o0,0.0003181194744117
oname:conc_otype:lst_usecol:sim_time:79.0_obsid:wp4-f5_variable:ph,6.58077,0.6286946134619315,conc,,,wp4-f5,conc,lst,79.0,sim,ph,1.5905973720586868
oname:conc_otype:lst_usecol:sim_time:79.0_obsid:wp4-f5_variable:so4,0.000320958,1024.4206131779904,conc,,,wp4-f5,conc,lst,79.0,sim,so4,0.0009761615367127
oname:conc_otype:lst_usecol:sim_time:791.01_obsid:wp1-f3_variable:o0,4.66886e-05,0.0,conc,,,wp1-f3,conc,lst,791.01,sim,o0,
oname:conc_otype:lst_usecol:sim_time:791.01_obsid:wp1-f3_variable:ph,6.83671,0.0,conc,,,wp1-f3,conc,lst,791.01,sim,ph,
oname:conc_otype:lst_usecol:sim_time:791.01_obsid:wp1-f3_variable:so4,0.000604254,0.0,conc,,,wp1-f3,conc,lst,791.01,sim,so4,
oname:conc_otype:lst_usecol:sim_time:791.0_obsid:wp4-f5_variable:ph,6.78064,0.0,conc,,,wp4-f5,conc,lst,791.0,sim,ph,
oname:conc_otype:lst_usecol:sim_time:791.0_obsid:wp4-f5_variable:so4,0.000781914,0.0,conc,,,wp4-f5,conc,lst,791.0,sim,so4,
oname:conc_otype:lst_usecol:sim_time:8.0_obsid:welopt-ly3_variable:o0,0.0,0.0,conc,,,welopt-ly3,conc,lst,8.0,sim,o0,
oname:conc_otype:lst_usecol:sim_time:8.0_obsid:welopt-ly3_variable:ph,6.67491,0.0,conc,,,welopt-ly3,conc,lst,8.0,sim,ph,
oname:conc_otype:lst_usecol:sim_time:8.0_obsid:welopt-ly3_variable:so4,5.51205e-05,0.0,conc,,,welopt-ly3,conc,lst,8.0,sim,so4,
oname:conc_otype:lst_usecol:sim_time:8.0_obsid:wp1-f3_variable:o0,0.0,0.0,conc,,,wp1-f3,conc,lst,8.0,sim,o0,0.000326190128606
oname:conc_otype:lst_usecol:sim_time:8.0_obsid:wp1-f3_variable:ph,6.67484,0.6131393394849658,conc,,,wp1-f3,conc,lst,8.0,sim,ph,1.6309506430300091
oname:conc_otype:lst_usecol:sim_time:8.0_obsid:wp1-f3_variable:so4,5.54049e-05,1226.2786789699317,conc,,,wp1-f3,conc,lst,8.0,sim,so4,0.000815475321515
oname:conc_otype:lst_usecol:sim_time:8.0_obsid:wp4-f5_variable:o0,0.0,0.0,conc,,,wp4-f5,conc,lst,8.0,sim,o0,0.0003181194744117
oname:conc_otype:lst_usecol:sim_time:8.0_obsid:wp4-f5_variable:ph,6.67491,0.6286946134619315,conc,,,wp4-f5,conc,lst,8.0,sim,ph,1.5905973720586868
oname:conc_otype:lst_usecol:sim_time:8.0_obsid:wp4-f5_variable:so4,5.51205e-05,1257.389226923863,conc,,,wp4-f5,conc,lst,8.0,sim,so4,0.0007952986860293
oname:conc_otype:lst_usecol:sim_time:80.0_obsid:welopt-ly3_variable:o0,0.0,0.0,conc,,,welopt-ly3,conc,lst,80.0,sim,o0,
oname:conc_otype:lst_usecol:sim_time:80.0_obsid:welopt-ly3_variable:ph,6.67491,0.0,conc,,,welopt-ly3,conc,lst,80.0,sim,ph,
oname:conc_otype:lst_usecol:sim_time:80.0_obsid:welopt-ly3_variable:so4,5.51027e-05,0.0,conc,,,welopt-ly3,conc,lst,80.0,sim,so4,
oname:conc_otype:lst_usecol:sim_time:80.0_obsid:wp1-f3_variable:o0,4.22508e-10,3065.696697424829,conc,,,wp1-f3,conc,lst,80.0,sim,o0,0.000326190128606
oname:conc_otype:lst_usecol:sim_time:80.0_obsid:wp1-f3_variable:ph,6.62103,0.6131393394849658,conc,,,wp1-f3,conc,lst,80.0,sim,ph,1.6309506430300091
oname:conc_otype:lst_usecol:sim_time:80.0_obsid:wp1-f3_variable:so4,0.000779791,1226.2786789699317,conc,,,wp1-f3,conc,lst,80.0,sim,so4,0.000815475321515
oname:conc_otype:lst_usecol:sim_time:80.0_obsid:wp4-f5_variable:o0,9.441140000000001e-34,3143.4730673096574,conc,,,wp4-f5,conc,lst,80.0,sim,o0,0.0003181194744117
oname:conc_otype:lst_usecol:sim_time:80.0_obsid:wp4-f5_variable:ph,6.58077,0.6286946134619315,conc,,,wp4-f5,conc,lst,80.0,sim,ph,1.5905973720586868
oname:conc_otype:lst_usecol:sim_time:80.0_obsid:wp4-f5_variable:so4,0.000320958,1024.4206131779904,conc,,,wp4-f5,conc,lst,80.0,sim,so4,0.0009761615367127
oname:conc_otype:lst_usecol:sim_time:81.0_obsid:welopt-ly3_variable:o0,0.0,0.0,conc,,,welopt-ly3,conc,lst,81.0,sim,o0,
oname:conc_otype:lst_usecol:sim_time:81.0_obsid:welopt-ly3_variable:ph,6.67491,0.0,conc,,,welopt-ly3,conc,lst,81.0,sim,ph,
oname:conc_otype:lst_usecol:sim_time:81.0_obsid:welopt-ly3_variable:so4,5.51027e-05,0.0,conc,,,welopt-ly3,conc,lst,81.0,sim,so4,
oname:conc_otype:lst_usecol:sim_time:81.0_obsid:wp1-f3_variable:o0,4.22508e-10,3065.696697424829,conc,,,wp1-f3,conc,lst,81.0,sim,o0,0.000326190128606
oname:conc_otype:lst_usecol:sim_time:81.0_obsid:wp1-f3_variable:ph,6.62103,0.6131393394849658,conc,,,wp1-f3,conc,lst,81.0,sim,ph,1.6309506430300091
oname:conc_otype:lst_usecol:sim_time:81.0_obsid:wp1-f3_variable:so4,0.000779791,1226.2786789699317,conc,,,wp1-f3,conc,lst,81.0,sim,so4,0.000815475321515
oname:conc_otype:lst_usecol:sim_time:81.0_obsid:wp4-f5_variable:o0,9.441140000000001e-34,3143.4730673096574,conc,,,wp4-f5,conc,lst,81.0,sim,o0,0.0003181194744117
oname:conc_otype:lst_usecol:sim_time:81.0_obsid:wp4-f5_variable:ph,6.58077,0.6286946134619315,conc,,,wp4-f5,conc,lst,81.0,sim,ph,1.5905973720586868
oname:conc_otype:lst_usecol:sim_time:81.0_obsid:wp4-f5_variable:so4,0.000320958,1024.4206131779904,conc,,,wp4-f5,conc,lst,81.0,sim,so4,0.0009761615367127
oname:conc_otype:lst_usecol:sim_time:82.0_obsid:welopt-ly3_variable:o0,0.0,0.0,conc,,,welopt-ly3,conc,lst,82.0,sim,o0,
oname:conc_otype:lst_usecol:sim_time:82.0_obsid:welopt-ly3_variable:ph,6.67491,0.0,conc,,,welopt-ly3,conc,lst,82.0,sim,ph,
oname:conc_otype:lst_usecol:sim_time:82.0_obsid:welopt-ly3_variable:so4,5.51027e-05,0.0,conc,,,welopt-ly3,conc,lst,82.0,sim,so4,
oname:conc_otype:lst_usecol:sim_time:82.0_obsid:wp1-f3_variable:o0,4.22508e-10,3065.696697424829,conc,,,wp1-f3,conc,lst,82.0,sim,o0,0.000326190128606
oname:conc_otype:lst_usecol:sim_time:82.0_obsid:wp1-f3_variable:ph,6.62103,0.6131393394849658,conc,,,wp1-f3,conc,lst,82.0,sim,ph,1.6309506430300091
oname:conc_otype:lst_usecol:sim_time:82.0_obsid:wp1-f3_variable:so4,0.000779791,1226.2786789699317,conc,,,wp1-f3,conc,lst,82.0,sim,so4,0.000815475321515
oname:conc_otype:lst_usecol:sim_time:82.0_obsid:wp4-f5_variable:o0,9.441140000000001e-34,3143.4730673096574,conc,,,wp4-f5,conc,lst,82.0,sim,o0,0.0003181194744117
oname:conc_otype:lst_usecol:sim_time:82.0_obsid:wp4-f5_variable:ph,6.58077,0.6286946134619315,conc,,,wp4-f5,conc,lst,82.0,sim,ph,1.5905973720586868
oname:conc_otype:lst_usecol:sim_time:82.0_obsid:wp4-f5_variable:so4,0.000320958,1024.4206131779904,conc,,,wp4-f5,conc,lst,82.0,sim,so4,0.0009761615367127
oname:conc_otype:lst_usecol:sim_time:83.0_obsid:welopt-ly3_variable:o0,0.0,0.0,conc,,,welopt-ly3,conc,lst,83.0,sim,o0,
oname:conc_otype:lst_usecol:sim_time:83.0_obsid:welopt-ly3_variable:ph,6.67491,0.0,conc,,,welopt-ly3,conc,lst,83.0,sim,ph,
oname:conc_otype:lst_usecol:sim_time:83.0_obsid:welopt-ly3_variable:so4,5.51027e-05,0.0,conc,,,welopt-ly3,conc,lst,83.0,sim,so4,
oname:conc_otype:lst_usecol:sim_time:83.0_obsid:wp1-f3_variable:o0,4.22508e-10,3065.696697424829,conc,,,wp1-f3,conc,lst,83.0,sim,o0,0.000326190128606
oname:conc_otype:lst_usecol:sim_time:83.0_obsid:wp1-f3_variable:ph,6.62103,0.6131393394849658,conc,,,wp1-f3,conc,lst,83.0,sim,ph,1.6309506430300091
oname:conc_otype:lst_usecol:sim_time:83.0_obsid:wp1-f3_variable:so4,0.000779791,1226.2786789699317,conc,,,wp1-f3,conc,lst,83.0,sim,so4,0.000815475321515
oname:conc_otype:lst_usecol:sim_time:83.0_obsid:wp4-f5_variable:o0,9.441140000000001e-34,3143.4730673096574,conc,,,wp4-f5,conc,lst,83.0,sim,o0,0.0003181194744117
oname:conc_otype:lst_usecol:sim_time:83.0_obsid:wp4-f5_variable:ph,6.58077,0.6286946134619315,conc,,,wp4-f5,conc,lst,83.0,sim,ph,1.5905973720586868
oname:conc_otype:lst_usecol:sim_time:83.0_obsid:wp4-f5_variable:so4,0.000320958,1024.4206131779904,conc,,,wp4-f5,conc,lst,83.0,sim,so4,0.0009761615367127
oname:conc_otype:lst_usecol:sim_time:84.0_obsid:welopt-ly3_variable:o0,0.0,0.0,conc,,,welopt-ly3,conc,lst,84.0,sim,o0,
oname:conc_otype:lst_usecol:sim_time:84.0_obsid:welopt-ly3_variable:ph,6.67491,0.0,conc,,,welopt-ly3,conc,lst,84.0,sim,ph,
oname:conc_otype:lst_usecol:sim_time:84.0_obsid:welopt-ly3_variable:so4,5.51027e-05,0.0,conc,,,welopt-ly3,conc,lst,84.0,sim,so4,
oname:conc_otype:lst_usecol:sim_time:84.0_obsid:wp1-f3_variable:o0,4.22508e-10,3065.696697424829,conc,,,wp1-f3,conc,lst,84.0,sim,o0,0.000326190128606
oname:conc_otype:lst_usecol:sim_time:84.0_obsid:wp1-f3_variable:ph,6.62103,0.6131393394849658,conc,,,wp1-f3,conc,lst,84.0,sim,ph,1.6309506430300091
oname:conc_otype:lst_usecol:sim_time:84.0_obsid:wp1-f3_variable:so4,0.000779791,1226.2786789699317,conc,,,wp1-f3,conc,lst,84.0,sim,so4,0.000815475321515
oname:conc_otype:lst_usecol:sim_time:84.0_obsid:wp4-f5_variable:o0,9.441140000000001e-34,3143.4730673096574,conc,,,wp4-f5,conc,lst,84.0,sim,o0,0.0003181194744117
oname:conc_otype:lst_usecol:sim_time:84.0_obsid:wp4-f5_variable:ph,6.58077,0.6286946134619315,conc,,,wp4-f5,conc,lst,84.0,sim,ph,1.5905973720586868
oname:conc_otype:lst_usecol:sim_time:84.0_obsid:wp4-f5_variable:so4,0.000320958,1024.4206131779904,conc,,,wp4-f5,conc,lst,84.0,sim,so4,0.0009761615367127
oname:conc_otype:lst_usecol:sim_time:85.0_obsid:welopt-ly3_variable:o0,0.0,0.0,conc,,,welopt-ly3,conc,lst,85.0,sim,o0,
oname:conc_otype:lst_usecol:sim_time:85.0_obsid:welopt-ly3_variable:ph,6.67491,0.0,conc,,,welopt-ly3,conc,lst,85.0,sim,ph,
oname:conc_otype:lst_usecol:sim_time:85.0_obsid:welopt-ly3_variable:so4,5.51027e-05,0.0,conc,,,welopt-ly3,conc,lst,85.0,sim,so4,
oname:conc_otype:lst_usecol:sim_time:85.0_obsid:wp1-f3_variable:o0,4.22508e-10,3065.696697424829,conc,,,wp1-f3,conc,lst,85.0,sim,o0,0.000326190128606
oname:conc_otype:lst_usecol:sim_time:85.0_obsid:wp1-f3_variable:ph,6.62103,0.6131393394849658,conc,,,wp1-f3,conc,lst,85.0,sim,ph,1.6309506430300091
oname:conc_otype:lst_usecol:sim_time:85.0_obsid:wp1-f3_variable:so4,0.000779791,1226.2786789699317,conc,,,wp1-f3,conc,lst,85.0,sim,so4,0.000815475321515
oname:conc_otype:lst_usecol:sim_time:85.0_obsid:wp4-f5_variable:o0,9.441140000000001e-34,3143.4730673096574,conc,,,wp4-f5,conc,lst,85.0,sim,o0,0.0003181194744117
oname:conc_otype:lst_usecol:sim_time:85.0_obsid:wp4-f5_variable:ph,6.58077,0.6286946134619315,conc,,,wp4-f5,conc,lst,85.0,sim,ph,1.5905973720586868
oname:conc_otype:lst_usecol:sim_time:85.0_obsid:wp4-f5_variable:so4,0.000320958,1024.4206131779904,conc,,,wp4-f5,conc,lst,85.0,sim,so4,0.0009761615367127
oname:conc_otype:lst_usecol:sim_time:85.1333_obsid:wp1-f3_variable:o0,4.21956e-10,3065.696697424829,conc,,,wp1-f3,conc,lst,85.1333,sim,o0,0.000326190128606
oname:conc_otype:lst_usecol:sim_time:85.1333_obsid:wp1-f3_variable:ph,6.62144,0.6131393394849658,conc,,,wp1-f3,conc,lst,85.1333,sim,ph,1.6309506430300091
oname:conc_otype:lst_usecol:sim_time:85.1333_obsid:wp1-f3_variable:so4,0.000780815,1226.2786789699317,conc,,,wp1-f3,conc,lst,85.1333,sim,so4,0.000815475321515
oname:conc_otype:lst_usecol:sim_time:86.0_obsid:welopt-ly3_variable:o0,0.0,0.0,conc,,,welopt-ly3,conc,lst,86.0,sim,o0,
oname:conc_otype:lst_usecol:sim_time:86.0_obsid:welopt-ly3_variable:ph,6.67491,0.0,conc,,,welopt-ly3,conc,lst,86.0,sim,ph,
oname:conc_otype:lst_usecol:sim_time:86.0_obsid:welopt-ly3_variable:so4,5.51034e-05,0.0,conc,,,welopt-ly3,conc,lst,86.0,sim,so4,
oname:conc_otype:lst_usecol:sim_time:86.0_obsid:wp1-f3_variable:o0,4.18367e-10,3065.696697424829,conc,,,wp1-f3,conc,lst,86.0,sim,o0,0.000326190128606
oname:conc_otype:lst_usecol:sim_time:86.0_obsid:wp1-f3_variable:ph,6.6241,0.6131393394849658,conc,,,wp1-f3,conc,lst,86.0,sim,ph,1.6309506430300091
oname:conc_otype:lst_usecol:sim_time:86.0_obsid:wp1-f3_variable:so4,0.000787477,1226.2786789699317,conc,,,wp1-f3,conc,lst,86.0,sim,so4,0.000815475321515
oname:conc_otype:lst_usecol:sim_time:86.0_obsid:wp4-f5_variable:o0,3.66769e-34,3143.4730673096574,conc,,,wp4-f5,conc,lst,86.0,sim,o0,0.0003181194744117
oname:conc_otype:lst_usecol:sim_time:86.0_obsid:wp4-f5_variable:ph,6.56042,0.6286946134619315,conc,,,wp4-f5,conc,lst,86.0,sim,ph,1.5905973720586868
oname:conc_otype:lst_usecol:sim_time:86.0_obsid:wp4-f5_variable:so4,0.000393259,1030.6570449249195,conc,,,wp4-f5,conc,lst,86.0,sim,so4,0.0009702548533715
oname:conc_otype:lst_usecol:sim_time:87.0_obsid:welopt-ly3_variable:o0,0.0,0.0,conc,,,welopt-ly3,conc,lst,87.0,sim,o0,
oname:conc_otype:lst_usecol:sim_time:87.0_obsid:welopt-ly3_variable:ph,6.67491,0.0,conc,,,welopt-ly3,conc,lst,87.0,sim,ph,
oname:conc_otype:lst_usecol:sim_time:87.0_obsid:welopt-ly3_variable:so4,5.51034e-05,0.0,conc,,,welopt-ly3,conc,lst,87.0,sim,so4,
oname:conc_otype:lst_usecol:sim_time:87.0_obsid:wp1-f3_variable:o0,4.18367e-10,3065.696697424829,conc,,,wp1-f3,conc,lst,87.0,sim,o0,0.000326190128606
oname:conc_otype:lst_usecol:sim_time:87.0_obsid:wp1-f3_variable:ph,6.6241,0.6131393394849658,conc,,,wp1-f3,conc,lst,87.0,sim,ph,1.6309506430300091
oname:conc_otype:lst_usecol:sim_time:87.0_obsid:wp1-f3_variable:so4,0.000787477,1226.2786789699317,conc,,,wp1-f3,conc,lst,87.0,sim,so4,0.000815475321515
oname:conc_otype:lst_usecol:sim_time:87.0_obsid:wp4-f5_variable:o0,3.66769e-34,3143.4730673096574,conc,,,wp4-f5,conc,lst,87.0,sim,o0,0.0003181194744117
oname:conc_otype:lst_usecol:sim_time:87.0_obsid:wp4-f5_variable:ph,6.56042,0.6286946134619315,conc,,,wp4-f5,conc,lst,87.0,sim,ph,1.5905973720586868
oname:conc_otype:lst_usecol:sim_time:87.0_obsid:wp4-f5_variable:so4,0.000393259,1030.6570449249195,conc,,,wp4-f5,conc,lst,87.0,sim,so4,0.0009702548533715
oname:conc_otype:lst_usecol:sim_time:88.0_obsid:welopt-ly3_variable:o0,0.0,0.0,conc,,,welopt-ly3,conc,lst,88.0,sim,o0,
oname:conc_otype:lst_usecol:sim_time:88.0_obsid:welopt-ly3_variable:ph,6.67491,0.0,conc,,,welopt-ly3,conc,lst,88.0,sim,ph,
oname:conc_otype:lst_usecol:sim_time:88.0_obsid:welopt-ly3_variable:so4,5.51034e-05,0.0,conc,,,welopt-ly3,conc,lst,88.0,sim,so4,
oname:conc_otype:lst_usecol:sim_time:88.0_obsid:wp1-f3_variable:o0,4.18367e-10,3065.696697424829,conc,,,wp1-f3,conc,lst,88.0,sim,o0,0.000326190128606
oname:conc_otype:lst_usecol:sim_time:88.0_obsid:wp1-f3_variable:ph,6.6241,0.6131393394849658,conc,,,wp1-f3,conc,lst,88.0,sim,ph,1.6309506430300091
oname:conc_otype:lst_usecol:sim_time:88.0_obsid:wp1-f3_variable:so4,0.000787477,1226.2786789699317,conc,,,wp1-f3,conc,lst,88.0,sim,so4,0.000815475321515
oname:conc_otype:lst_usecol:sim_time:88.0_obsid:wp4-f5_variable:o0,3.66769e-34,3143.4730673096574,conc,,,wp4-f5,conc,lst,88.0,sim,o0,0.0003181194744117
oname:conc_otype:lst_usecol:sim_time:88.0_obsid:wp4-f5_variable:ph,6.56042,0.6286946134619315,conc,,,wp4-f5,conc,lst,88.0,sim,ph,1.5905973720586868
oname:conc_otype:lst_usecol:sim_time:88.0_obsid:wp4-f5_variable:so4,0.000393259,1030.6570449249195,conc,,,wp4-f5,conc,lst,88.0,sim,so4,0.0009702548533715
oname:conc_otype:lst_usecol:sim_time:89.0_obsid:welopt-ly3_variable:o0,0.0,0.0,conc,,,welopt-ly3,conc,lst,89.0,sim,o0,
oname:conc_otype:lst_usecol:sim_time:89.0_obsid:welopt-ly3_variable:ph,6.67491,0.0,conc,,,welopt-ly3,conc,lst,89.0,sim,ph,
oname:conc_otype:lst_usecol:sim_time:89.0_obsid:welopt-ly3_variable:so4,5.51034e-05,0.0,conc,,,welopt-ly3,conc,lst,89.0,sim,so4,
oname:conc_otype:lst_usecol:sim_time:89.0_obsid:wp1-f3_variable:o0,4.18367e-10,3065.696697424829,conc,,,wp1-f3,conc,lst,89.0,sim,o0,0.000326190128606
oname:conc_otype:lst_usecol:sim_time:89.0_obsid:wp1-f3_variable:ph,6.6241,0.6131393394849658,conc,,,wp1-f3,conc,lst,89.0,sim,ph,1.6309506430300091
oname:conc_otype:lst_usecol:sim_time:89.0_obsid:wp1-f3_variable:so4,0.000787477,1226.2786789699317,conc,,,wp1-f3,conc,lst,89.0,sim,so4,0.000815475321515
oname:conc_otype:lst_usecol:sim_time:89.0_obsid:wp4-f5_variable:o0,3.66769e-34,3143.4730673096574,conc,,,wp4-f5,conc,lst,89.0,sim,o0,0.0003181194744117
oname:conc_otype:lst_usecol:sim_time:89.0_obsid:wp4-f5_variable:ph,6.56042,0.6286946134619315,conc,,,wp4-f5,conc,lst,89.0,sim,ph,1.5905973720586868
oname:conc_otype:lst_usecol:sim_time:89.0_obsid:wp4-f5_variable:so4,0.000393259,1030.6570449249195,conc,,,wp4-f5,conc,lst,89.0,sim,so4,0.0009702548533715
oname:conc_otype:lst_usecol:sim_time:9.0_obsid:welopt-ly3_variable:o0,0.0,0.0,conc,,,welopt-ly3,conc,lst,9.0,sim,o0,
oname:conc_otype:lst_usecol:sim_time:9.0_obsid:welopt-ly3_variable:ph,6.67491,0.0,conc,,,welopt-ly3,conc,lst,9.0,sim,ph,
oname:conc_otype:lst_usecol:sim_time:9.0_obsid:welopt-ly3_variable:so4,5.51187e-05,0.0,conc,,,welopt-ly3,conc,lst,9.0,sim,so4,
oname:conc_otype:lst_usecol:sim_time:9.0_obsid:wp1-f3_variable:o0,2.40409e-32,0.0,conc,,,wp1-f3,conc,lst,9.0,sim,o0,0.000326190128606
oname:conc_otype:lst_usecol:sim_time:9.0_obsid:wp1-f3_variable:ph,6.52894,0.6131393394849658,conc,,,wp1-f3,conc,lst,9.0,sim,ph,1.6309506430300091
oname:conc_otype:lst_usecol:sim_time:9.0_obsid:wp1-f3_variable:so4,0.000268222,1226.2786789699317,conc,,,wp1-f3,conc,lst,9.0,sim,so4,0.000815475321515
oname:conc_otype:lst_usecol:sim_time:9.0_obsid:wp4-f5_variable:o0,0.0,0.0,conc,,,wp4-f5,conc,lst,9.0,sim,o0,0.0003181194744117
oname:conc_otype:lst_usecol:sim_time:9.0_obsid:wp4-f5_variable:ph,6.67491,0.6286946134619315,conc,,,wp4-f5,conc,lst,9.0,sim,ph,1.5905973720586868
oname:conc_otype:lst_usecol:sim_time:9.0_obsid:wp4-f5_variable:so4,5.51188e-05,1257.389226923863,conc,,,wp4-f5,conc,lst,9.0,sim,so4,0.0007952986860293
oname:conc_otype:lst_usecol:sim_time:90.0_obsid:welopt-ly3_variable:o0,0.0,0.0,conc,,,welopt-ly3,conc,lst,90.0,sim,o0,
oname:conc_otype:lst_usecol:sim_time:90.0_obsid:welopt-ly3_variable:ph,6.67491,0.0,conc,,,welopt-ly3,conc,lst,90.0,sim,ph,
oname:conc_otype:lst_usecol:sim_time:90.0_obsid:welopt-ly3_variable:so4,5.51034e-05,0.0,conc,,,welopt-ly3,conc,lst,90.0,sim,so4,
oname:conc_otype:lst_usecol:sim_time:90.0_obsid:wp1-f3_variable:o0,4.18367e-10,3065.696697424829,conc,,,wp1-f3,conc,lst,90.0,sim,o0,0.000326190128606
oname:conc_otype:lst_usecol:sim_time:90.0_obsid:wp1-f3_variable:ph,6.6241,0.6131393394849658,conc,,,wp1-f3,conc,lst,90.0,sim,ph,1.6309506430300091
oname:conc_otype:lst_usecol:sim_time:90.0_obsid:wp1-f3_variable:so4,0.000787477,1226.2786789699317,conc,,,wp1-f3,conc,lst,90.0,sim,so4,0.000815475321515
oname:conc_otype:lst_usecol:sim_time:90.0_obsid:wp4-f5_variable:o0,3.66769e-34,3143.4730673096574,conc,,,wp4-f5,conc,lst,90.0,sim,o0,0.0003181194744117
oname:conc_otype:lst_usecol:sim_time:90.0_obsid:wp4-f5_variable:ph,6.56042,0.6286946134619315,conc,,,wp4-f5,conc,lst,90.0,sim,ph,1.5905973720586868
oname:conc_otype:lst_usecol:sim_time:90.0_obsid:wp4-f5_variable:so4,0.000393259,1030.6570449249195,conc,,,wp4-f5,conc,lst,90.0,sim,so4,0.0009702548533715
oname:conc_otype:lst_usecol:sim_time:91.0_obsid:welopt-ly3_variable:o0,0.0,0.0,conc,,,welopt-ly3,conc,lst,91.0,sim,o0,
oname:conc_otype:lst_usecol:sim_time:91.0_obsid:welopt-ly3_variable:ph,6.67491,0.0,conc,,,welopt-ly3,conc,lst,91.0,sim,ph,
oname:conc_otype:lst_usecol:sim_time:91.0_obsid:welopt-ly3_variable:so4,5.51034e-05,0.0,conc,,,welopt-ly3,conc,lst,91.0,sim,so4,
oname:conc_otype:lst_usecol:sim_time:91.0_obsid:wp1-f3_variable:o0,4.18367e-10,3065.696697424829,conc,,,wp1-f3,conc,lst,91.0,sim,o0,0.000326190128606
oname:conc_otype:lst_usecol:sim_time:91.0_obsid:wp1-f3_variable:ph,6.6241,0.6131393394849658,conc,,,wp1-f3,conc,lst,91.0,sim,ph,1.6309506430300091
oname:conc_otype:lst_usecol:sim_time:91.0_obsid:wp1-f3_variable:so4,0.000787477,1226.2786789699317,conc,,,wp1-f3,conc,lst,91.0,sim,so4,0.000815475321515
oname:conc_otype:lst_usecol:sim_time:91.0_obsid:wp4-f5_variable:o0,3.66769e-34,3143.4730673096574,conc,,,wp4-f5,conc,lst,91.0,sim,o0,0.0003181194744117
oname:conc_otype:lst_usecol:sim_time:91.0_obsid:wp4-f5_variable:ph,6.56042,0.6286946134619315,conc,,,wp4-f5,conc,lst,91.0,sim,ph,1.5905973720586868
oname:conc_otype:lst_usecol:sim_time:91.0_obsid:wp4-f5_variable:so4,0.000393259,1030.6570449249195,conc,,,wp4-f5,conc,lst,91.0,sim,so4,0.0009702548533715
oname:conc_otype:lst_usecol:sim_time:92.0_obsid:welopt-ly3_variable:o0,0.0,0.0,conc,,,welopt-ly3,conc,lst,92.0,sim,o0,
oname:conc_otype:lst_usecol:sim_time:92.0_obsid:welopt-ly3_variable:ph,6.67491,0.0,conc,,,welopt-ly3,conc,lst,92.0,sim,ph,
oname:conc_otype:lst_usecol:sim_time:92.0_obsid:welopt-ly3_variable:so4,5.51034e-05,0.0,conc,,,welopt-ly3,conc,lst,92.0,sim,so4,
oname:conc_otype:lst_usecol:sim_time:92.0_obsid:wp1-f3_variable:o0,4.18367e-10,3065.696697424829,conc,,,wp1-f3,conc,lst,92.0,sim,o0,0.000326190128606
oname:conc_otype:lst_usecol:sim_time:92.0_obsid:wp1-f3_variable:ph,6.6241,0.6131393394849658,conc,,,wp1-f3,conc,lst,92.0,sim,ph,1.6309506430300091
oname:conc_otype:lst_usecol:sim_time:92.0_obsid:wp1-f3_variable:so4,0.000787477,1226.2786789699317,conc,,,wp1-f3,conc,lst,92.0,sim,so4,0.000815475321515
oname:conc_otype:lst_usecol:sim_time:92.0_obsid:wp4-f5_variable:o0,3.66769e-34,3143.4730673096574,conc,,,wp4-f5,conc,lst,92.0,sim,o0,0.0003181194744117
oname:conc_otype:lst_usecol:sim_time:92.0_obsid:wp4-f5_variable:ph,6.56042,0.6286946134619315,conc,,,wp4-f5,conc,lst,92.0,sim,ph,1.5905973720586868
oname:conc_otype:lst_usecol:sim_time:92.0_obsid:wp4-f5_variable:so4,0.000393259,1030.6570449249195,conc,,,wp4-f5,conc,lst,92.0,sim,so4,0.0009702548533715
oname:conc_otype:lst_usecol:sim_time:93.0_obsid:welopt-ly3_variable:o0,0.0,0.0,conc,,,welopt-ly3,conc,lst,93.0,sim,o0,
oname:conc_otype:lst_usecol:sim_time:93.0_obsid:welopt-ly3_variable:ph,6.67491,0.0,conc,,,welopt-ly3,conc,lst,93.0,sim,ph,
oname:conc_otype:lst_usecol:sim_time:93.0_obsid:welopt-ly3_variable:so4,5.51062e-05,0.0,conc,,,welopt-ly3,conc,lst,93.0,sim,so4,
oname:conc_otype:lst_usecol:sim_time:93.0_obsid:wp1-f3_variable:o0,4.42543e-10,3065.696697424829,conc,,,wp1-f3,conc,lst,93.0,sim,o0,0.000326190128606
oname:conc_otype:lst_usecol:sim_time:93.0_obsid:wp1-f3_variable:ph,6.62035,0.6131393394849658,conc,,,wp1-f3,conc,lst,93.0,sim,ph,1.6309506430300091
oname:conc_otype:lst_usecol:sim_time:93.0_obsid:wp1-f3_variable:so4,0.000784527,1226.2786789699317,conc,,,wp1-f3,conc,lst,93.0,sim,so4,0.000815475321515
oname:conc_otype:lst_usecol:sim_time:93.0_obsid:wp4-f5_variable:o0,7.16785e-34,3143.4730673096574,conc,,,wp4-f5,conc,lst,93.0,sim,o0,0.0003181194744117
oname:conc_otype:lst_usecol:sim_time:93.0_obsid:wp4-f5_variable:ph,6.53877,0.6286946134619315,conc,,,wp4-f5,conc,lst,93.0,sim,ph,1.5905973720586868
oname:conc_otype:lst_usecol:sim_time:93.0_obsid:wp4-f5_variable:so4,0.00046399,1036.063139685367,conc,,,wp4-f5,conc,lst,93.0,sim,so4,0.000965192140996
oname:conc_otype:lst_usecol:sim_time:94.0_obsid:welopt-ly3_variable:o0,0.0,0.0,conc,,,welopt-ly3,conc,lst,94.0,sim,o0,
oname:conc_otype:lst_usecol:sim_time:94.0_obsid:welopt-ly3_variable:ph,6.67491,0.0,conc,,,welopt-ly3,conc,lst,94.0,sim,ph,
oname:conc_otype:lst_usecol:sim_time:94.0_obsid:welopt-ly3_variable:so4,5.51062e-05,0.0,conc,,,welopt-ly3,conc,lst,94.0,sim,so4,
oname:conc_otype:lst_usecol:sim_time:94.0_obsid:wp1-f3_variable:o0,4.42543e-10,3065.696697424829,conc,,,wp1-f3,conc,lst,94.0,sim,o0,0.000326190128606
oname:conc_otype:lst_usecol:sim_time:94.0_obsid:wp1-f3_variable:ph,6.62035,0.6131393394849658,conc,,,wp1-f3,conc,lst,94.0,sim,ph,1.6309506430300091
oname:conc_otype:lst_usecol:sim_time:94.0_obsid:wp1-f3_variable:so4,0.000784527,1226.2786789699317,conc,,,wp1-f3,conc,lst,94.0,sim,so4,0.000815475321515
oname:conc_otype:lst_usecol:sim_time:94.0_obsid:wp4-f5_variable:o0,7.16785e-34,3143.4730673096574,conc,,,wp4-f5,conc,lst,94.0,sim,o0,0.0003181194744117
oname:conc_otype:lst_usecol:sim_time:94.0_obsid:wp4-f5_variable:ph,6.53877,0.6286946134619315,conc,,,wp4-f5,conc,lst,94.0,sim,ph,1.5905973720586868
oname:conc_otype:lst_usecol:sim_time:94.0_obsid:wp4-f5_variable:so4,0.00046399,1036.063139685367,conc,,,wp4-f5,conc,lst,94.0,sim,so4,0.000965192140996
oname:conc_otype:lst_usecol:sim_time:95.0_obsid:welopt-ly3_variable:o0,0.0,0.0,conc,,,welopt-ly3,conc,lst,95.0,sim,o0,
oname:conc_otype:lst_usecol:sim_time:95.0_obsid:welopt-ly3_variable:ph,6.67491,0.0,conc,,,welopt-ly3,conc,lst,95.0,sim,ph,
oname:conc_otype:lst_usecol:sim_time:95.0_obsid:welopt-ly3_variable:so4,5.51062e-05,0.0,conc,,,welopt-ly3,conc,lst,95.0,sim,so4,
oname:conc_otype:lst_usecol:sim_time:95.0_obsid:wp1-f3_variable:o0,4.42543e-10,3065.696697424829,conc,,,wp1-f3,conc,lst,95.0,sim,o0,0.000326190128606
oname:conc_otype:lst_usecol:sim_time:95.0_obsid:wp1-f3_variable:ph,6.62035,0.6131393394849658,conc,,,wp1-f3,conc,lst,95.0,sim,ph,1.6309506430300091
oname:conc_otype:lst_usecol:sim_time:95.0_obsid:wp1-f3_variable:so4,0.000784527,1226.2786789699317,conc,,,wp1-f3,conc,lst,95.0,sim,so4,0.000815475321515
oname:conc_otype:lst_usecol:sim_time:95.0_obsid:wp4-f5_variable:o0,7.16785e-34,3143.4730673096574,conc,,,wp4-f5,conc,lst,95.0,sim,o0,0.0003181194744117
oname:conc_otype:lst_usecol:sim_time:95.0_obsid:wp4-f5_variable:ph,6.53877,0.6286946134619315,conc,,,wp4-f5,conc,lst,95.0,sim,ph,1.5905973720586868
oname:conc_otype:lst_usecol:sim_time:95.0_obsid:wp4-f5_variable:so4,0.00046399,1036.063139685367,conc,,,wp4-f5,conc,lst,95.0,sim,so4,0.000965192140996
oname:conc_otype:lst_usecol:sim_time:96.0_obsid:welopt-ly3_variable:o0,0.0,0.0,conc,,,welopt-ly3,conc,lst,96.0,sim,o0,
oname:conc_otype:lst_usecol:sim_time:96.0_obsid:welopt-ly3_variable:ph,6.67491,0.0,conc,,,welopt-ly3,conc,lst,96.0,sim,ph,
oname:conc_otype:lst_usecol:sim_time:96.0_obsid:welopt-ly3_variable:so4,5.51062e-05,0.0,conc,,,welopt-ly3,conc,lst,96.0,sim,so4,
oname:conc_otype:lst_usecol:sim_time:96.0_obsid:wp1-f3_variable:o0,4.42543e-10,3065.696697424829,conc,,,wp1-f3,conc,lst,96.0,sim,o0,0.000326190128606
oname:conc_otype:lst_usecol:sim_time:96.0_obsid:wp1-f3_variable:ph,6.62035,0.6131393394849658,conc,,,wp1-f3,conc,lst,96.0,sim,ph,1.6309506430300091
oname:conc_otype:lst_usecol:sim_time:96.0_obsid:wp1-f3_variable:so4,0.000784527,1226.2786789699317,conc,,,wp1-f3,conc,lst,96.0,sim,so4,0.000815475321515
oname:conc_otype:lst_usecol:sim_time:96.0_obsid:wp4-f5_variable:o0,7.16785e-34,3143.4730673096574,conc,,,wp4-f5,conc,lst,96.0,sim,o0,0.0003181194744117
oname:conc_otype:lst_usecol:sim_time:96.0_obsid:wp4-f5_variable:ph,6.53877,0.6286946134619315,conc,,,wp4-f5,conc,lst,96.0,sim,ph,1.5905973720586868
oname:conc_otype:lst_usecol:sim_time:96.0_obsid:wp4-f5_variable:so4,0.00046399,1036.063139685367,conc,,,wp4-f5,conc,lst,96.0,sim,so4,0.000965192140996
oname:conc_otype:lst_usecol:sim_time:97.0_obsid:welopt-ly3_variable:o0,0.0,0.0,conc,,,welopt-ly3,conc,lst,97.0,sim,o0,
oname:conc_otype:lst_usecol:sim_time:97.0_obsid:welopt-ly3_variable:ph,6.67491,0.0,conc,,,welopt-ly3,conc,lst,97.0,sim,ph,
oname:conc_otype:lst_usecol:sim_time:97.0_obsid:welopt-ly3_variable:so4,5.51062e-05,0.0,conc,,,welopt-ly3,conc,lst,97.0,sim,so4,
oname:conc_otype:lst_usecol:sim_time:97.0_obsid:wp1-f3_variable:o0,4.42543e-10,3065.696697424829,conc,,,wp1-f3,conc,lst,97.0,sim,o0,0.000326190128606
oname:conc_otype:lst_usecol:sim_time:97.0_obsid:wp1-f3_variable:ph,6.62035,0.6131393394849658,conc,,,wp1-f3,conc,lst,97.0,sim,ph,1.6309506430300091
oname:conc_otype:lst_usecol:sim_time:97.0_obsid:wp1-f3_variable:so4,0.000784527,1226.2786789699317,conc,,,wp1-f3,conc,lst,97.0,sim,so4,0.000815475321515
oname:conc_otype:lst_usecol:sim_time:97.0_obsid:wp4-f5_variable:o0,7.16785e-34,3143.4730673096574,conc,,,wp4-f5,conc,lst,97.0,sim,o0,0.0003181194744117
oname:conc_otype:lst_usecol:sim_time:97.0_obsid:wp4-f5_variable:ph,6.53877,0.6286946134619315,conc,,,wp4-f5,conc,lst,97.0,sim,ph,1.5905973720586868
oname:conc_otype:lst_usecol:sim_time:97.0_obsid:wp4-f5_variable:so4,0.00046399,1036.063139685367,conc,,,wp4-f5,conc,lst,97.0,sim,so4,0.000965192140996
oname:conc_otype:lst_usecol:sim_time:98.0583_obsid:wp1-f3_variable:o0,4.42543e-10,3065.696697424829,conc,,,wp1-f3,conc,lst,98.0583,sim,o0,0.000326190128606
oname:conc_otype:lst_usecol:sim_time:98.0583_obsid:wp1-f3_variable:ph,6.62035,0.6131393394849658,conc,,,wp1-f3,conc,lst,98.0583,sim,ph,1.6309506430300091
oname:conc_otype:lst_usecol:sim_time:98.0583_obsid:wp1-f3_variable:so4,0.000784527,1226.2786789699317,conc,,,wp1-f3,conc,lst,98.0583,sim,so4,0.000815475321515
oname:conc_otype:lst_usecol:sim_time:98.0_obsid:welopt-ly3_variable:o0,0.0,0.0,conc,,,welopt-ly3,conc,lst,98.0,sim,o0,
oname:conc_otype:lst_usecol:sim_time:98.0_obsid:welopt-ly3_variable:ph,6.67491,0.0,conc,,,welopt-ly3,conc,lst,98.0,sim,ph,
oname:conc_otype:lst_usecol:sim_time:98.0_obsid:welopt-ly3_variable:so4,5.51062e-05,0.0,conc,,,welopt-ly3,conc,lst,98.0,sim,so4,
oname:conc_otype:lst_usecol:sim_time:98.0_obsid:wp1-f3_variable:o0,4.42543e-10,3065.696697424829,conc,,,wp1-f3,conc,lst,98.0,sim,o0,0.000326190128606
oname:conc_otype:lst_usecol:sim_time:98.0_obsid:wp1-f3_variable:ph,6.62035,0.6131393394849658,conc,,,wp1-f3,conc,lst,98.0,sim,ph,1.6309506430300091
oname:conc_otype:lst_usecol:sim_time:98.0_obsid:wp1-f3_variable:so4,0.000784527,1226.2786789699317,conc,,,wp1-f3,conc,lst,98.0,sim,so4,0.000815475321515
oname:conc_otype:lst_usecol:sim_time:98.0_obsid:wp4-f5_variable:o0,7.16785e-34,3143.4730673096574,conc,,,wp4-f5,conc,lst,98.0,sim,o0,0.0003181194744117
oname:conc_otype:lst_usecol:sim_time:98.0_obsid:wp4-f5_variable:ph,6.53877,0.6286946134619315,conc,,,wp4-f5,conc,lst,98.0,sim,ph,1.5905973720586868
oname:conc_otype:lst_usecol:sim_time:98.0_obsid:wp4-f5_variable:so4,0.00046399,1036.063139685367,conc,,,wp4-f5,conc,lst,98.0,sim,so4,0.000965192140996
oname:conc_otype:lst_usecol:sim_time:99.0_obsid:welopt-ly3_variable:o0,0.0,0.0,conc,,,welopt-ly3,conc,lst,99.0,sim,o0,
oname:conc_otype:lst_usecol:sim_time:99.0_obsid:welopt-ly3_variable:ph,6.67491,0.0,conc,,,welopt-ly3,conc,lst,99.0,sim,ph,
oname:conc_otype:lst_usecol:sim_time:99.0_obsid:welopt-ly3_variable:so4,5.51062e-05,0.0,conc,,,welopt-ly3,conc,lst,99.0,sim,so4,
oname:conc_otype:lst_usecol:sim_time:99.0_obsid:wp1-f3_variable:o0,4.42543e-10,3065.696697424829,conc,,,wp1-f3,conc,lst,99.0,sim,o0,0.000326190128606
oname:conc_otype:lst_usecol:sim_time:99.0_obsid:wp1-f3_variable:ph,6.62035,0.6131393394849658,conc,,,wp1-f3,conc,lst,99.0,sim,ph,1.6309506430300091
oname:conc_otype:lst_usecol:sim_time:99.0_obsid:wp1-f3_variable:so4,0.000784527,1226.2786789699317,conc,,,wp1-f3,conc,lst,99.0,sim,so4,0.000815475321515
oname:conc_otype:lst_usecol:sim_time:99.0_obsid:wp4-f5_variable:o0,7.16785e-34,3143.4730673096574,conc,,,wp4-f5,conc,lst,99.0,sim,o0,0.0003181194744117
oname:conc_otype:lst_usecol:sim_time:99.0_obsid:wp4-f5_variable:ph,6.53877,0.6286946134619315,conc,,,wp4-f5,conc,lst,99.0,sim,ph,1.5905973720586868
oname:conc_otype:lst_usecol:sim_time:99.0_obsid:wp4-f5_variable:so4,0.00046399,1036.063139685367,conc,,,wp4-f5,conc,lst,99.0,sim,so4,0.000965192140996
